model,type,h1,h2,N1,N2,vocabulary,length,calculated_length,volume,difficulty,effort,time_sec,bugs,cyclomatic,sloc,lloc,comment_rate,mi_std,mi_custom
claude_standard_py,mean,6.218314852,20.36384509,18.01020027,35.12729469,26.58215995,53.13749496,114.8625722,277.8771318,5.297373679,2303.852904,127.9918752,0.09262585,9.371724798,29.06317809,29.21952251,20.47236097,72.61709398,72.72415002
claude_standard_py,var,1.308271223,8.136719014,8.256458023,16.27434094,9.073397908,24.51490316,58.32849452,164.0894987,1.48623075,2061.306739,114.517003,0.05469595,4.711982144,9.708587311,9.704772661,11.12616541,7.450891813,7.452416658
deepseek_chat_py,mean,6.095789544,18.36545985,17.23335891,33.28180264,24.4612494,50.51516155,100.7296237,254.7468007,5.489055716,2102.240602,116.7910754,0.084915729,4.164175229,27.69399239,27.8826877,8.95790582,63.27624946,63.95442995
deepseek_chat_py,var,0.769983708,4.138688595,4.580282704,8.930805442,4.65245282,13.49708563,28.67664172,85.88435221,0.993522112,1111.111249,61.72844145,0.028627772,1.907573923,5.535624578,5.585371842,8.34552255,4.724086431,4.681493954
deepseek_reasoner_py,mean,6.83577911,22.28557325,20.54250287,39.59033992,29.12135236,60.13284279,128.8438828,319.4482806,6.04896751,2902.89856,161.2720626,0.106481496,5.628682845,33.15783749,33.62266528,18.92171015,56.58063676,57.286206
deepseek_reasoner_py,var,1.232750036,7.262999612,7.635055337,14.86989891,8.125058814,22.48808747,51.49045353,147.1926283,1.467108097,1927.678343,107.093145,0.049064881,3.528588782,9.562670714,9.672524129,47.74471931,7.548985376,7.489991574
gemma_py,mean,5.523170007,21.19677627,17.90141011,36.1356658,26.71994628,54.0370759,115.7538427,278.8260357,4.601496676,1792.061434,99.55893399,0.092940555,11.63836123,31.13599149,31.48547101,0.54117533,52.74457855,52.73592748
gemma_py,var,0.918348247,6.323129007,5.915960771,12.27620791,6.858782557,18.17383787,42.98624868,117.6981484,0.975040058,1076.676911,59.8154157,0.039233353,3.763540023,6.822165277,6.887753665,0.628551381,3.797037406,3.793318612
gpt_py,mean,5.011460109,13.60369056,11.32069917,22.03910085,18.61515067,33.35980002,67.50241733,151.6473546,4.065535462,912.1762167,50.67635061,0.050548844,4.344923035,19.76561165,20.1823782,7.346326109,66.80748078,67.10721031
gpt_py,var,1.016062245,3.800470541,3.583605033,7.069497007,4.531865739,10.64035974,23.91008175,59.84665305,1.074064385,528.8200104,29.37893238,0.019948418,2.382917567,3.889111137,3.994451075,8.254086905,8.399586623,8.398297561
llama_py,mean,5.804466072,17.89001974,15.24488549,29.68381945,23.69448581,44.92870494,95.89207402,222.0914299,4.784287549,1582.117886,87.89536387,0.074029486,6.672839157,24.24592924,24.66847967,3.595168874,59.23079657,59.4497281
llama_py,var,1.272179765,6.217653839,6.216869911,12.21422092,7.117646836,18.41522973,41.72854756,112.5522717,1.438187264,1201.019104,66.72334085,0.037516946,3.851300947,7.103086997,7.272340419,7.096579138,7.04671526,7.04075261
qwen_14b_py,mean,5.641285608,16.86169662,14.26525804,27.66519184,22.50298223,41.93044988,88.47713195,201.9742299,4.61825639,1330.553941,73.91978101,0.067324939,5.681989108,27.67843449,28.20074498,9.603806186,64.47581281,64.77306213
qwen_14b_py,var,0.904885013,4.236297422,4.164586792,8.169302503,4.902062,12.32221761,28.49024238,74.60552665,0.98821561,763.017729,42.38983236,0.024869023,1.972386386,5.145111736,5.197795897,7.132382717,4.71710014,4.716374454
qwen_32b_py,mean,5.901808117,17.55826061,14.72348192,28.49878591,23.46006872,43.22226782,93.84311167,211.8978888,4.759476055,1458.62084,81.03455151,0.070633058,4.710376024,26.86293348,27.27418634,4.783453144,61.56360483,62.00059963
qwen_32b_py,var,1.14016946,5.011240571,4.868223037,9.498208518,5.831601369,14.3496179,33.83116171,87.1233553,1.222346808,921.8146761,51.21188131,0.029040703,2.445333323,6.028195294,6.088427482,4.686045296,5.789863625,5.762136278
qwen_4b_py,mean,5.20306143,15.25184124,12.8670317,24.96954414,20.45490267,37.83657584,78.39240239,178.5376138,4.2668556,1105.911854,61.43931656,0.059513681,5.43276897,25.24754358,25.60826803,14.78300517,66.60001087,66.90117983
qwen_4b_py,var,0.853830698,4.137832186,3.874022675,7.659887878,4.766655925,11.52086138,28.29267967,70.75182141,0.914663139,651.1715297,36.1761316,0.023583609,1.79742977,4.610264566,4.626663587,11.41653739,5.082683244,5.07349892
qwen_8b_py,mean,5.11459372,15.04875743,12.86345212,24.95965566,20.16335116,37.82310778,77.20975405,180.0589306,4.190524682,1174.214967,65.23415962,0.060020462,4.626011288,23.17399133,23.5704071,6.587011719,62.92333301,63.25566808
qwen_8b_py,var,1.086038448,4.859211312,4.922030354,9.693060344,5.652341025,14.60307085,32.14647701,86.64294833,1.213583959,852.5158945,47.36208388,0.028880993,2.226618401,5.839738483,5.905286107,8.359125573,6.050002499,6.034769437
qwen_coder_py,mean,5.511489038,17.08668241,14.74315307,28.5662577,22.59817144,43.30941077,90.8251938,212.5955003,4.583083242,1457.380733,80.96549601,0.070863987,6.194176673,23.44759528,23.9318725,1.264758265,57.80501254,57.94245109
qwen_coder_py,var,1.273734448,6.298249236,6.221508555,12.1680801,7.219905196,18.37023088,42.42870103,112.5441309,1.445445901,1142.832704,63.49076309,0.037514276,3.003405949,7.004682053,7.128707293,3.009573914,5.883387736,5.899885355
human_py,mean,5.89,20.2,17.3,33.84,26.09,51.14,111.9,263.59,4.96,1973.81,109.66,0.09,2.64,36.01,23.59,6.51,60.82,60.82
human_py,var,0.83,4,3.72,7.41,4.58,11.13,25.66,66.45,0.85,624.38,34.69,0.02,1.45,9.26,4.76,11.64,5.64,5.64
claude_standard_cpp,mean,8.542242944,65.89644153,96.67830645,312.9587298,74.43868448,409.6370363,430.8432884,2611.6587,19.75977787,67162.32949,3731.240489,0.870552619,11.82578125,49.27583165,40.61196069,0.090411139,53.69971179,39.47184798
claude_standard_cpp,var,0.907606608,11.60041299,23.72112161,75.43713097,11.94137044,96.3567267,89.76370552,698.9481716,4.313910565,34582.01192,1921.222888,0.232983267,3.54966081,10.43544347,9.128454735,0.046020598,5.628404829,2.708145395
deepseek_chat_cpp,mean,7.651875,48.07625,71.44875,249.6071875,55.728125,321.0559375,294.5917484,1908.675483,19.52318438,51055.60376,2836.422395,0.636225156,10.36765625,42.53921875,37.7246875,0.0044875,42.86947969,42.01709219
deepseek_chat_cpp,var,0.617285127,3.519022618,10.80169997,36.49264741,3.805651348,46.29045244,26.88168225,305.0307304,2.988890834,18789.06952,1043.837086,0.10167812,2.096917468,5.733967893,5.551838786,0.005189226,2.060393236,1.593260422
deepseek_reasoner_cpp,mean,8.42234375,57.94046875,84.003125,337.6710938,66.3628125,421.6742188,377.0401203,2720.116117,22.65873594,98184.66317,5454.70347,0.906704703,12.13421875,48.28328125,41.803125,0.020235938,42.07756563,40.41393125
deepseek_reasoner_cpp,var,0.876446059,18.48565781,31.57569111,184.282243,18.87998981,213.3953534,158.3324248,1753.387257,5.242220104,102703.8768,5705.770888,0.584463277,3.516195841,12.438217,9.983685845,0.051643232,3.888622331,2.907268051
gemma_cpp,mean,7.110804528,47.51223438,112.1905343,293.8457265,54.62303891,406.0362608,287.2125097,2379.32797,21.9574833,67879.87947,3771.104287,0.793109954,18.63516306,51.22788779,47.03748213,0.002591014,38.87905575,38.23317227
gemma_cpp,var,0.654063718,3.511770623,24.80334002,53.40842837,3.813260964,76.19155914,26.26315667,474.0524637,4.140593754,26880.38282,1493.354576,0.158017196,5.13548457,8.571208111,8.600375787,0.002901072,2.88985933,2.511179803
gpt_cpp,mean,7.587667002,48.3437719,63.12255608,203.3528683,55.9314389,266.4754244,295.9372457,1571.215316,15.87532734,30078.51642,1671.028739,0.523737681,8.013967409,33.61159935,28.84540429,0.023744516,48.8904882,44.50748846
gpt_cpp,var,0.933156926,7.750601948,11.29567425,32.63522007,8.081225051,41.75315143,57.1649748,283.6342316,2.989486583,9882.981932,549.0545128,0.094544869,1.751742169,4.634729109,4.222707058,0.032795226,5.408644665,1.871781686
llama_cpp,mean,7.757903226,47.55553931,71.15938508,244.1283216,55.31344254,315.2877067,291.6842199,1869.233114,19.49238614,52663.31904,2925.739944,0.623077209,10.01591734,39.97089214,34.9743498,0.003285937,43.37672198,42.65699385
llama_cpp,var,1.092686199,7.901276969,21.60562654,70.48377795,8.370902336,88.71462837,60.36910414,579.5863478,5.6773305,49067.76012,2725.986679,0.193194884,3.803880234,9.918761172,9.213901035,0.008386804,3.496099063,3.051390142
qwen_14b_cpp,mean,7.775065621,55.8456734,72.01963571,255.7534285,63.62073902,327.7730642,354.1540457,2021.522305,17.46220737,46444.33857,2580.240902,0.673839223,9.744270601,41.82804945,36.13566309,0.032813892,47.94948275,42.10450395
qwen_14b_cpp,var,0.728139589,8.963960997,14.88813645,53.40968342,9.286914908,67.10198756,70.75764093,482.3852531,3.327835967,23781.57359,1321.198604,0.160795133,2.365412576,7.652513069,6.872075332,0.026585744,3.939853927,2.146229991
qwen_32b_cpp,mean,8.040232259,54.24705399,72.4808358,260.0280776,62.28728625,332.5089134,342.1392871,2038.565956,18.8248089,51082.67536,2837.926413,0.679522675,10.25577408,41.7801437,37.35191578,0.019328261,45.98333822,42.00733046
qwen_32b_cpp,var,0.893361713,8.354960772,15.49582158,56.9199067,8.725440007,70.74109183,64.17599151,488.8534242,4.020880394,23772.82214,1320.712366,0.162950867,2.73141689,8.407429191,8.017583202,0.021395682,4.427752358,2.523495952
qwen_4b_cpp,mean,7.465096655,50.81016832,66.06324986,235.0042529,58.27526498,301.0675028,315.4628528,1822.141635,16.75516517,41082.45263,2282.358562,0.607379561,9.848263948,38.1465603,33.41529272,0.02057888,46.83227609,43.37789119
qwen_4b_cpp,var,0.636448452,7.437435106,12.30773278,48.6891369,7.682779465,59.77787697,58.11676168,424.6373826,2.861921928,18516.04751,1028.669328,0.141546927,2.204303874,6.742997036,5.963494391,0.020135864,3.382992539,2.015254657
qwen_8b_cpp,mean,7.285381547,47.40468033,64.41322937,223.148128,54.69006187,287.5613574,289.4027691,1719.895383,16.42045056,42327.89599,2351.549783,0.57329832,8.722287942,36.58950255,31.87873824,0.017493103,46.74022798,44.07980961
qwen_8b_cpp,var,0.909496804,7.830505367,18.62299595,71.90866485,8.259778468,89.09091382,60.75406047,643.3583872,3.902622056,43502.31428,2416.795213,0.214452623,3.46710997,9.413444085,8.860483124,0.025354331,3.892900998,2.633485616
qwen_coder_cpp,mean,7.69608749,43.79134168,64.08677971,216.4819568,51.48742917,280.5687365,264.3001089,1633.434775,18.52563624,41956.16442,2330.897918,0.544477395,9.219084289,34.5339772,30.81021234,0.001470144,44.76494778,44.44208389
qwen_coder_cpp,var,1.044796947,4.852233253,16.98371049,57.38705192,5.30580717,72.14298528,36.29496577,455.1194743,5.032718703,27470.02744,1526.112703,0.151706182,2.971100674,8.021926573,7.713808533,0.004435326,3.127982481,2.838577319
human_cpp,mean,9.659941977,67.54115964,116.5417267,387.9239277,77.20110161,504.4656544,454.5499105,3303.248596,26.77847464,145862.0941,8103.449671,1.101082865,12.61931,55.0098067,39.08745855,0.046661399,45.10384613,38.82270662
human_cpp,var,1.689612031,31.4710569,98.15618625,254.4659521,32.5480704,340.8476451,259.0931481,2649.439901,10.23633864,235927.0141,13107.05634,0.883146634,7.002046742,29.39821373,18.12571857,0.092399905,7.809594977,6.46485212
