submission_id,jacc_AC_ANS,jacc_AC_REF,jacc_ANS_REF
31543,0.1866,0.3596,0.3258
15926,0.4375,0.4643,0.7500
19768,0.7308,0.7600,0.9500
3,0.3750,0.5000,0.5417
35393,0.2211,0.2333,0.4179
11776,0.1139,0.2827,0.1931
6,0.1966,0.9756,0.1983
1,0.2754,0.3968,0.5882
35394,0.1316,0.2500,0.1684
16484,0.2190,0.3297,0.4156
11501,0.2805,0.3194,0.5385
11549,0.2653,0.3810,0.3058
16001,0.0988,0.4872,0.1548
35453,0.1894,0.4643,0.2595
87,0.2270,0.2123,0.3257
19821,0.3000,0.3571,0.5306
55246,0.2237,0.3333,0.5161
11553,0.2523,0.3153,0.3287
19829,0.2016,0.6000,0.2846
20122,0.3146,0.4783,0.5067
45970,0.2239,0.3788,0.4651
17873,0.1676,0.8000,0.1966
31504,0.1912,0.7143,0.2319
16181,0.1825,0.2031,0.6125
43241,0.1267,0.3000,0.2553
43242,0.1638,0.6702,0.2013
43205,0.4103,0.6857,0.4737
55503,0.1523,0.8889,0.1477
55393,0.1366,0.3929,0.1748
31790,0.2553,0.7750,0.2234
47057,0.2299,0.7353,0.2295
45907,0.4348,0.7907,0.4255
75920,0.8000,1.0000,0.8000
55271,0.3131,0.7600,0.3535
64065,0.2615,0.6757,0.3030
55387,0.3168,0.4074,0.4535
69382,0.1667,0.4400,0.4444
56371,0.1818,0.3757,0.2360
69337,0.4583,0.5250,0.6222
64088,0.1584,0.4412,0.2368
55390,0.2250,0.4074,0.2771
83873,0.2561,0.3676,0.4643
46775,0.2197,0.7222,0.2667
64080,0.2143,0.3285,0.3841
75817,0.2075,0.7250,0.2358
69622,0.3239,0.7500,0.3380
101612,0.3529,0.3137,0.7241
84059,0.3731,0.7660,0.4918
76824,0.1739,0.9718,0.1739
108733,0.3750,0.5172,0.4444
56363,0.0734,0.5938,0.1269
112081,0.2656,0.4821,0.4595
55395,0.1488,0.2687,0.2565
112112,0.1702,0.2262,0.5667
84138,0.3696,0.8333,0.3400
96634,0.4103,0.7241,0.4722
55394,0.1823,0.4404,0.2708
83937,0.1905,0.3857,0.2781
108743,0.2632,0.8250,0.2899
91549,0.3286,0.4655,0.3333
96588,0.3556,0.9259,0.3556
118342,0.5000,0.6087,0.8500
101601,0.4000,1.0000,0.4000
133788,0.3208,0.2692,0.5484
118445,0.1986,0.2388,0.5965
101961,0.1157,0.4259,0.2353
129419,0.2099,0.7069,0.2021
119358,0.1255,0.8507,0.1328
98122,0.2632,0.3333,0.3673
133845,0.3378,0.3523,0.3023
129246,0.1202,0.2075,0.2383
118364,0.1954,0.3506,0.4222
101742,0.2129,0.3855,0.2945
112077,0.3590,0.5588,0.5932
156010,0.2317,0.3165,0.6389
129325,0.3077,0.3295,0.6154
161617,0.2805,0.3056,0.4250
129489,0.1192,0.6818,0.1543
135140,0.1443,0.1518,0.2525
161624,0.1951,0.2727,0.2857
143196,0.2698,0.7333,0.3016
109105,0.2418,0.5636,0.2841
147830,0.4783,0.6977,0.6047
112137,0.2743,0.2787,0.5802
143252,0.2149,0.1913,0.3519
147780,0.2807,0.4138,0.4394
156125,0.1630,0.3736,0.2615
112424,0.2556,0.3444,0.6491
174534,0.2740,0.3191,0.3019
143071,0.1544,0.4219,0.2080
156160,0.1569,0.4444,0.1779
147951,0.2111,0.1824,0.2584
156003,0.2222,0.9333,0.2121
185783,0.4444,0.7391,0.5000
185877,0.2817,0.4545,0.3958
178590,0.4444,0.5429,0.7857
168425,0.5526,0.6500,0.4444
168932,0.2471,0.4930,0.2323
174497,0.3086,0.3827,0.5273
134367,0.2772,0.6154,0.2936
192392,0.1726,0.2075,0.3883
148341,0.3125,0.4865,0.4462
148114,0.2525,0.6818,0.3196
156144,0.1814,0.5536,0.2545
162199,0.2358,0.3617,0.4000
178390,0.3636,0.4348,0.3404
200270,0.1549,0.1679,0.8182
200570,0.2062,0.2449,0.7188
178639,0.1779,0.4085,0.2222
161613,0.1897,0.4634,0.1985
175068,0.3175,0.5254,0.3077
178292,0.2951,0.6512,0.4340
208759,0.1736,0.7237,0.2059
210996,0.2436,0.2436,0.7500
143199,0.2766,0.6875,0.3902
192311,0.2000,0.2400,0.3649
164646,0.1780,0.3431,0.2184
175836,0.2367,0.3741,0.2785
200214,0.2913,0.4595,0.4875
218045,0.2969,0.5254,0.5000
211002,0.2288,0.2308,0.5351
224339,0.1056,0.1789,0.1803
230367,0.6842,0.6471,0.6471
168408,0.2245,0.2609,0.3367
200168,0.3214,0.4561,0.4359
193179,0.3019,0.4352,0.3750
239732,0.4872,0.7692,0.5789
174673,0.3605,0.3448,0.3790
178306,0.2235,0.3210,0.4320
186506,0.1870,0.4552,0.2557
208764,0.2029,0.2589,0.2797
224206,0.3750,0.5957,0.4902
192461,0.1495,0.6259,0.1800
218458,0.2542,0.4318,0.3600
201028,0.2129,0.3454,0.2831
244683,0.5227,0.6410,0.7879
224283,0.3137,0.5000,0.4048
213660,0.2283,0.4677,0.2816
194640,0.1617,0.2692,0.2426
230535,0.2985,0.4154,0.5000
217915,0.2347,0.4125,0.3874
193180,0.2266,0.5385,0.2294
218317,0.1394,0.3152,0.3141
258060,0.4211,0.6176,0.5250
192365,0.2051,0.2203,0.5658
249813,0.2143,0.1802,0.5250
211122,0.2057,0.2689,0.4158
258061,0.2321,0.3784,0.3939
224382,0.1844,0.2520,0.3717
249812,0.1845,0.2019,0.6341
258309,0.3889,0.4857,0.8261
239736,0.4615,0.4561,0.3333
224151,0.2222,0.3226,0.4590
208621,0.2956,0.2584,0.3830
244637,0.2955,0.4286,0.5250
272361,0.3448,0.4643,0.6800
224402,0.1800,0.7778,0.1992
258140,0.3125,0.2782,0.1778
230661,0.2222,0.3333,0.4242
276232,0.1235,0.1583,0.3542
240349,0.1411,0.6023,0.2032
249797,0.2336,0.5667,0.2985
284581,0.5789,0.9231,0.6316
276028,0.2969,0.6970,0.3636
244645,0.2937,0.2484,0.5728
239869,0.3038,0.5521,0.3258
246046,0.1943,0.7692,0.2099
245547,0.2951,0.3672,0.3581
239747,0.3699,0.5714,0.4737
258182,0.2031,0.3833,0.2411
277093,0.1611,0.2759,0.2727
258213,0.2449,0.6531,0.2755
268565,0.1475,0.2029,0.1494
272485,0.2222,0.3403,0.2944
272360,0.3273,0.6897,0.3208
297611,0.2321,0.4615,0.3137
284587,0.3182,0.7632,0.3651
268145,0.1546,0.5845,0.2740
307903,0.5556,0.5556,1.0000
303113,0.2375,0.2911,0.5250
285795,0.0000,0.5085,0.0000
303112,0.5217,0.3243,0.3939
293603,0.2206,0.3214,0.4853
279022,0.1933,0.2047,0.2560
273966,0.1818,0.6951,0.2203
284580,0.1964,0.2949,0.3158
307952,0.5385,0.7368,0.6818
297601,0.2600,0.2826,0.5088
307917,0.6818,0.6818,1.0000
285017,0.1971,0.3282,0.2955
308143,0.1573,0.1500,0.2979
276289,0.2544,0.3768,0.2653
307987,0.8095,0.8500,0.9444
273055,0.2520,0.3043,0.3187
268270,0.1946,0.6220,0.2291
308148,0.2075,0.2075,0.3889
307992,0.2200,0.2500,0.8235
308042,0.3846,0.5714,0.6207
308145,0.1961,0.2439,0.3667
315047,0.4146,0.4737,0.7778
293810,0.1849,0.3000,0.3235
297839,0.2340,0.7231,0.2690
307911,0.3542,0.4340,0.3830
293441,0.3152,0.8361,0.4045
308156,0.3137,0.4898,0.4762
293546,0.1908,0.5000,0.2645
297766,0.1979,0.9434,0.1959
297638,0.3913,0.3913,0.6889
308153,0.1765,0.1829,0.6562
284588,0.1585,0.4062,0.2021
308146,0.1418,0.2368,0.1735
303554,0.2368,0.3294,0.4118
323278,0.3509,0.6842,0.4681
308031,0.2214,0.2190,0.2588
268633,0.1256,0.3485,0.1658
293768,0.2149,0.7284,0.2500
293824,0.1267,0.8136,0.1259
327795,0.2316,0.4773,0.3478
308432,0.3333,0.7097,0.3571
323288,0.2985,0.5581,0.3731
308151,0.1647,0.2824,0.3469
308403,0.1915,0.4667,0.2453
303119,0.2246,0.3810,0.3670
315075,0.1636,0.2800,0.3478
323287,0.2188,0.5000,0.3140
323225,0.4490,0.5652,0.6667
344382,0.4884,0.7297,0.6098
308152,0.2389,0.3163,0.3896
344389,0.4043,0.5429,0.4894
327797,0.1300,0.3372,0.2117
354627,0.1772,0.2597,0.3030
327735,0.1619,0.2056,0.5312
327914,0.1869,0.2471,0.2621
337884,0.3111,0.5325,0.3131
337818,0.2574,0.4677,0.3111
344361,0.2297,0.9286,0.2466
354706,0.5227,0.7027,0.6571
376048,0.1313,0.2841,0.1987
337889,0.1987,0.3270,0.3100
363101,0.4815,1.0000,0.4815
368165,0.2016,0.3158,0.2937
354671,0.2143,0.5455,0.2703
323346,0.1385,0.3155,0.2544
337855,0.3107,0.7024,0.3913
328170,0.1985,0.3187,0.4180
376001,0.2250,0.4655,0.2679
376007,0.2034,0.4306,0.3232
337831,0.3654,0.5417,0.4200
392629,0.2273,0.3068,0.4304
376556,0.2614,0.5797,0.2353
328217,0.2829,0.3624,0.4161
337860,0.1929,0.3276,0.2670
354720,0.1312,0.3636,0.2614
344920,0.1119,0.3939,0.2053
363119,0.2710,0.3368,0.5222
368167,0.1824,0.2517,0.4337
414709,0.3125,0.3684,0.4889
328631,0.1085,0.4907,0.1307
411038,0.2286,0.5556,0.2533
414801,0.5333,0.5333,0.5385
385739,0.3621,0.7805,0.4074
385760,0.2917,1.0000,0.2917
424735,0.2714,0.3519,0.3258
398136,0.2105,0.5227,0.3333
376507,0.1912,0.3193,0.3372
376554,0.1434,0.2607,0.2364
399058,0.3133,0.3714,0.2667
368958,0.2101,0.2441,0.3000
398172,0.2604,0.3564,0.3763
398280,0.3562,0.6176,0.3297
398169,0.2706,0.3387,0.3152
411182,0.1406,0.1552,0.4056
414717,0.2065,0.4216,0.2662
424683,0.4107,0.6000,0.5741
385745,0.2335,0.3290,0.2798
430656,0.3485,0.3284,0.5897
444038,0.0855,0.0795,0.8750
414893,0.1898,0.3521,0.2500
411505,0.1119,0.6618,0.1550
386080,0.2446,0.7011,0.2797
392682,0.2344,0.3558,0.3964
444190,0.2464,0.2687,0.8214
440977,0.1349,0.3611,0.2331
398177,0.2348,0.2430,0.4865
444179,0.2857,0.8500,0.2759
451074,0.1391,0.1979,0.3364
431061,0.1439,0.4412,0.1865
444172,0.5135,0.7333,0.6364
458326,0.4483,0.4839,0.4286
444180,0.3750,0.8571,0.4783
444170,0.3962,0.3103,0.3864
456940,0.5250,0.6111,0.6486
441039,0.2097,0.2712,0.6040
441060,0.3210,0.3103,0.4020
466153,0.2931,0.8333,0.3148
425360,0.1388,0.2792,0.2404
424866,0.4333,0.6531,0.4478
424904,0.1577,0.1912,0.4109
440974,0.1842,0.7353,0.2059
441059,0.3590,0.7143,0.5946
465906,0.3889,0.6190,0.5208
451108,0.1857,0.5046,0.2613
484650,0.4857,0.6800,0.6296
467000,0.0000,0.5833,0.0154
441011,0.4500,0.6735,0.6038
430764,0.1667,0.5101,0.2222
451177,0.1750,0.8904,0.1677
465910,0.3226,0.7778,0.3448
457018,0.2717,0.3049,0.5128
466653,0.1748,0.6875,0.2136
466192,0.4167,0.5435,0.5405
451178,0.2764,0.9516,0.2787
474524,0.2209,0.4071,0.3333
474667,0.2982,0.7021,0.3030
479666,0.2927,0.4627,0.3043
458271,0.2680,0.5484,0.4388
474500,0.1800,0.3370,0.2044
458452,0.2019,0.5909,0.2385
479681,0.2015,0.2925,0.2593
441090,0.1074,0.9800,0.1078
457000,0.3043,0.5556,0.5111
458200,0.2959,0.6032,0.3659
489949,0.3433,0.4667,0.4545
458299,0.3684,0.4364,0.6304
474537,0.1925,0.2327,0.3457
516298,0.1376,0.1604,0.5806
489935,0.3519,0.3548,0.6389
504447,0.3684,0.4545,0.5814
489953,0.2018,0.4247,0.3021
504448,0.2679,0.3750,0.4474
458297,0.1485,0.2695,0.2769
511700,0.2527,0.3889,0.4576
516427,0.3000,0.3896,0.5294
504625,0.1548,0.2883,0.1982
489800,0.1897,0.3083,0.3231
518938,0.3077,0.8400,0.3333
518995,0.1508,0.1608,0.4396
529169,0.1948,0.3010,0.1346
511794,0.2500,0.5143,0.2588
499320,0.3091,0.4779,0.2685
490186,0.2126,0.7126,0.2783
484915,0.1988,0.1868,0.3870
516211,0.2529,0.5581,0.1646
511726,0.2039,0.8837,0.2222
484553,0.1946,0.4412,0.2519
479989,0.1136,0.1406,0.2896
540447,0.2879,0.3134,0.4750
499068,0.1768,0.7451,0.1955
489958,0.3372,0.3093,0.5238
518909,0.3099,0.5789,0.4746
504494,0.2847,0.4143,0.3275
532024,0.5122,0.8400,0.5122
519089,0.2464,0.3858,0.3621
518954,0.1250,0.2113,0.4912
529315,0.1514,0.5321,0.1934
540549,0.3929,0.4507,0.3293
529167,0.2323,0.9375,0.2581
516556,0.1384,0.3154,0.3000
532048,0.2213,0.5200,0.2936
562129,0.5862,0.6667,0.7917
540669,0.5333,0.6136,0.5200
532058,0.3333,0.5968,0.3553
533663,0.1719,0.6036,0.1885
549070,0.1636,0.2376,0.4151
549126,0.3273,0.8571,0.3396
511795,0.1469,0.3451,0.2267
548611,0.2059,0.3934,0.4600
548599,0.2250,0.6667,0.2840
541346,0.2797,0.3571,0.3967
549069,0.6538,0.7917,0.7500
568688,0.5789,0.7059,0.7368
529166,0.1727,0.1613,0.3522
568770,0.5476,0.7429,0.5909
568648,0.2529,0.3662,0.4167
548573,0.3429,0.7059,0.4110
555606,0.2048,0.3286,0.3125
529987,0.1951,0.4972,0.2381
588277,0.6562,0.7576,0.8148
549074,0.1894,0.2766,0.3000
581970,0.1367,0.1493,0.4400
582029,0.4000,0.4762,0.3600
540643,0.3871,0.8000,0.4035
588303,0.2130,0.3111,0.4000
562133,0.3281,0.2340,0.3553
555643,0.1583,0.1949,0.3793
548556,0.3333,0.8704,0.3889
568697,0.3333,0.3889,0.4844
549083,0.2000,0.1722,0.2417
594810,0.4000,0.6571,0.4615
579591,0.3333,1.0000,0.3333
594811,0.5750,0.7778,0.7353
579589,0.1333,0.5876,0.2000
579587,0.1586,0.8125,0.1602
562261,0.4935,0.5556,0.6351
562336,0.2444,0.3429,0.3333
579593,0.2759,0.6923,0.3529
619551,0.2576,0.8571,0.2742
581874,0.3012,0.3889,0.3191
568584,0.2348,0.3271,0.3402
582098,0.2300,0.3256,0.2549
588254,0.2038,0.2480,0.4198
588403,0.1617,0.2436,0.2841
580226,0.2315,0.2589,0.3623
619383,0.5312,0.8276,0.6552
594828,0.2698,0.8133,0.3223
626740,0.2712,0.5102,0.3582
589276,0.2147,0.3532,0.2846
568748,0.1707,0.3484,0.2967
627111,0.2270,0.6170,0.2534
631804,0.3469,0.4545,0.6000
648677,0.3235,0.4706,0.7222
582155,0.1500,0.2550,0.2929
594808,0.2057,0.2847,0.3268
648891,0.3673,0.4727,0.3585
649196,0.2826,0.3182,0.3404
639065,0.2385,0.4091,0.3590
626577,0.2946,0.4000,0.4111
627166,0.2443,0.5872,0.3673
626564,0.3049,0.7368,0.3636
616485,0.1818,0.5439,0.2464
595910,0.3333,0.6067,0.3297
651529,0.7308,0.7308,0.8261
631978,0.2458,0.2525,0.4531
648633,0.2133,0.3281,0.4000
631798,0.5769,1.0000,0.5769
649046,0.4400,0.9524,0.4583
639003,0.2157,0.4430,0.2295
619572,0.3511,0.8800,0.3789
648958,0.2840,0.4615,0.3971
665017,0.1641,0.1760,0.5385
648914,0.5208,0.6400,0.5957
621155,0.1358,0.7253,0.1573
651609,0.2817,0.3298,0.3571
665060,0.1735,0.1574,0.4862
649717,0.2083,0.3049,0.2414
631965,0.2500,0.2418,0.5357
652665,0.1631,0.2185,0.3254
632064,0.2821,0.3542,0.5484
638703,0.3077,0.4762,0.5098
638934,0.1849,0.3307,0.3939
648792,0.2708,0.2762,0.3750
649723,0.1267,0.3380,0.1358
678029,0.3239,0.3913,0.7073
672515,0.2500,0.8049,0.3000
672372,0.2308,0.4694,0.3563
649104,0.2927,0.2716,0.5275
649682,0.2448,0.3673,0.3407
649712,0.2089,0.7885,0.2143
649718,0.1234,0.7922,0.1424
651704,0.2302,0.2727,0.4103
691386,0.3500,0.4000,0.3077
678061,0.1000,0.2827,0.3000
651596,0.3407,0.6949,0.4130
691399,0.1429,0.4225,0.1909
691398,0.2456,0.7576,0.3273
672473,0.1855,0.2133,0.2796
665054,0.2435,0.3426,0.6364
665907,0.5082,0.3694,0.3091
691402,0.2261,0.5000,0.2804
704194,0.8519,0.8519,1.0000
663263,0.3889,0.3971,0.4493
717532,0.3684,0.4386,0.7931
697927,0.1250,0.1454,0.3533
678124,0.2917,0.4865,0.2805
674507,0.1523,0.2289,0.2659
689247,0.4655,0.5636,0.7547
697880,0.4200,0.5532,0.5094
697850,0.4324,0.6000,0.6207
699166,0.1982,0.7065,0.1935
678023,0.3455,0.3448,0.4828
704193,0.2597,0.4507,0.3571
663279,0.1276,0.1508,0.3801
730284,0.6410,0.6410,0.9355
713051,0.2500,0.8421,0.3250
713157,0.1913,0.1850,0.2554
730287,0.5667,0.4722,0.7778
723984,0.3696,0.7222,0.5366
697864,0.3443,0.4510,0.5472
743309,0.4375,0.5185,0.6071
704755,0.2764,0.7900,0.2687
679045,0.2000,0.4568,0.2400
689946,0.1716,0.4565,0.2895
749330,0.3514,0.3333,0.4884
704690,0.0828,0.4717,0.0708
724557,0.3684,0.7551,0.5000
723983,0.2069,0.4583,0.4694
743339,0.3594,0.4219,0.3714
717600,0.4318,0.4634,0.7812
738228,0.3864,0.4082,0.6000
749310,0.4000,0.5854,0.5000
697892,0.1800,0.2857,0.3058
724050,0.4225,0.3519,0.3540
693235,0.2500,0.2700,0.3360
730283,0.1900,0.6042,0.2708
755785,0.5250,0.4667,0.8158
718126,0.1901,0.1765,0.3085
743253,0.2157,0.2522,0.4848
749314,0.4194,0.5152,0.6129
723985,0.3103,0.6129,0.3600
749398,0.3953,0.4667,0.6250
755841,0.2016,0.4750,0.1760
713268,0.1018,0.4519,0.1939
762296,0.3030,0.5897,0.4667
775527,0.1603,0.1890,0.7000
717565,0.2544,0.4141,0.3855
768785,0.1500,0.3036,0.2099
762180,0.2400,0.4118,0.5200
738273,0.1606,0.2626,0.3333
755859,0.2809,0.3919,0.4368
738657,0.1645,0.1990,0.3058
730443,0.2927,0.3293,0.3516
782053,0.1939,0.2464,0.2561
776374,0.0807,0.1885,0.2000
762213,0.2273,0.2754,0.4516
755807,0.2738,0.4328,0.4935
775517,0.2273,0.5000,0.2683
788784,0.4250,0.7500,0.4615
768823,0.3333,0.7872,0.4026
769820,0.1879,0.4160,0.3580
782338,0.1187,0.7526,0.1515
768810,0.1760,0.1567,0.3015
795255,0.1749,0.4015,0.1796
749884,0.2521,0.4783,0.2899
788962,0.1053,0.9000,0.1126
782353,0.1099,0.4944,0.1259
808557,0.3175,0.6842,0.3582
818250,0.4348,0.5128,0.6154
775529,0.2313,0.2500,0.7619
762410,0.1919,0.3485,0.3092
808558,0.3684,0.5714,0.4262
802917,0.2208,0.3750,0.3543
824527,0.1618,0.2034,0.4333
818273,0.2211,0.2119,0.4062
788967,0.1855,0.9684,0.1891
814921,0.1176,0.4054,0.2273
824502,0.1654,0.1905,0.3684
831044,0.6296,0.7727,0.6957
837419,0.2333,0.6170,0.2586
824481,0.2475,0.4706,0.3248
801806,0.1374,0.7447,0.1808
844003,0.5000,0.5556,0.5769
795642,0.4773,0.5526,0.7273
816454,0.2238,0.3229,0.1974
815896,0.2030,0.3267,0.3214
831069,0.1695,0.7576,0.2137
802235,0.1055,0.5814,0.1114
824581,0.2551,0.3103,0.5179
831063,0.3000,0.3284,0.5625
808600,0.1401,0.1837,0.3670
831277,0.1883,0.4368,0.2683
831041,0.2636,0.3495,0.4080
844005,0.2055,0.2246,0.2871
818291,0.2957,0.3958,0.4444
818598,0.1842,0.1786,0.3719
795762,0.1709,0.1864,0.2816
818421,0.2301,0.5857,0.3333
824532,0.2172,0.5517,0.2470
837414,0.2101,0.4160,0.2333
837600,0.2687,0.7679,0.2571
857157,0.3878,0.2836,0.4848
844376,0.2784,0.3438,0.6154
844049,0.1197,0.2231,0.3633
844016,0.1413,0.4595,0.2086
850577,0.2923,0.6512,0.3582
857119,0.6053,0.7812,0.6970
838418,0.1781,0.3375,0.2570
837399,0.3647,0.6212,0.4211
850944,0.3101,0.4694,0.4719
857259,0.1122,0.2045,0.2578
837515,0.2600,0.8636,0.2800
850717,0.2520,0.2381,0.4276
863659,0.3676,0.6122,0.4133
869823,0.2553,0.3902,0.4595
857101,0.1652,0.2416,0.3173
876179,0.4444,0.4571,0.7200
888504,0.5882,0.6970,0.7241
844041,0.2062,0.3089,0.2483
876207,0.0828,0.3871,0.1407
888497,0.3478,0.4474,0.3958
864284,0.1769,0.4861,0.2453
850793,0.1298,0.3645,0.2297
869827,0.5556,0.5217,0.5652
857133,0.1831,0.1679,0.2935
863932,0.2568,0.6471,0.2561
863732,0.2174,0.6040,0.2976
876175,0.4375,0.7931,0.5862
882455,0.4186,0.7059,0.3922
869834,0.3222,0.5507,0.3580
857114,0.3069,0.3056,0.4605
876246,0.1972,0.5918,0.2278
900804,0.3061,0.4000,0.6333
882377,0.3750,0.6667,0.4355
869824,0.1737,0.2977,0.2909
888568,0.2222,0.3218,0.3209
912495,0.2222,0.5172,0.2840
888707,0.3628,0.6782,0.4359
894485,0.1083,0.1825,0.2000
894501,0.4054,0.4222,0.4211
900540,0.2000,0.4884,0.2424
869863,0.3239,0.5079,0.5660
864516,0.2552,0.2948,0.3514
906715,0.1495,0.5172,0.1889
894506,0.3279,0.5370,0.4400
919056,0.3590,0.6400,0.4054
925648,0.2059,0.2268,0.5000
864344,0.1200,0.1696,0.2844
895322,0.2041,0.2878,0.3115
906718,0.1564,0.1928,0.3942
888923,0.2714,0.8806,0.2740
925657,0.4565,0.5556,0.5625
938419,0.8696,0.7917,0.7037
894386,0.4516,0.7561,0.4915
912499,0.2121,0.3182,0.3333
888711,0.2667,0.4255,0.3750
876448,0.2194,0.3209,0.3267
912503,0.1739,0.2833,0.2800
931844,0.1942,0.3333,0.2222
912521,0.1484,0.3117,0.2371
882458,0.1549,0.3111,0.2655
912502,0.2583,0.4426,0.3203
902572,0.2000,0.3125,0.4286
907957,0.1564,0.2727,0.2772
919165,0.1667,0.5824,0.1726
906706,0.3718,0.3867,0.4149
925709,0.2727,0.4894,0.3659
957407,0.3542,0.3636,0.6250
931859,0.2381,0.6897,0.2987
910792,0.2160,0.2793,0.3171
938486,0.1198,0.1582,0.4062
913681,0.1429,0.2449,0.3526
919118,0.1243,0.6000,0.1254
902164,0.1703,0.4640,0.2653
919119,0.1759,0.2914,0.2201
932026,0.1103,0.3860,0.1288
970052,0.5556,0.6087,0.5600
944537,0.4545,0.6774,0.5294
944767,0.1605,0.4180,0.2300
944518,0.3902,0.7407,0.5122
944521,0.4583,1.0000,0.4583
970067,0.3294,0.7872,0.3816
951397,0.1983,0.9022,0.2348
938495,0.1890,0.2361,0.3516
963846,0.2840,0.6087,0.2911
963814,0.6667,0.9091,0.7500
938477,0.1587,0.2783,0.2576
970066,0.3210,0.3854,0.3735
950860,0.1677,0.1931,0.3154
976641,0.6207,0.7692,0.6207
938701,0.3913,0.5079,0.4638
983064,0.3947,0.5172,0.6786
964152,0.1234,0.1887,0.2050
983068,0.2222,0.6800,0.2400
950799,0.1214,0.2022,0.2182
989531,0.6364,0.6061,0.7407
995745,0.1393,0.1513,0.5333
944552,0.1169,0.1955,0.2149
963935,0.1106,0.2342,0.2100
950767,0.2057,0.3627,0.3540
976536,0.2500,0.5094,0.3151
958178,0.2353,0.1523,0.1951
963978,0.1473,0.4615,0.1679
963840,0.4167,0.3922,0.4318
957405,0.1683,0.2439,0.2484
1002269,0.2667,0.4054,0.4138
957579,0.1737,0.2500,0.3929
989638,0.2222,0.3100,0.4426
976605,0.3014,0.3913,0.3625
964048,0.1058,0.3122,0.1613
1008916,0.4545,0.4583,0.3750
970056,0.3385,0.2689,0.2562
976532,0.3100,0.3469,0.3365
983074,0.2976,0.5147,0.5094
995758,0.1488,0.2090,0.2500
976785,0.1012,0.5254,0.1333
1015360,0.6061,0.6250,0.9032
989628,0.2645,0.2917,0.5942
1015420,0.3824,0.4750,0.3200
995728,0.2549,0.4194,0.4019
1015564,0.4231,0.6923,0.5000
989627,0.2357,0.2639,0.4330
983949,0.2464,0.2994,0.3245
1008925,0.2973,0.3971,0.3596
983379,0.2710,0.3826,0.2705
1015402,0.1912,0.2171,0.4189
992978,0.1381,0.5930,0.1448
1002267,0.1935,0.3494,0.2407
1030607,0.5769,0.5484,0.6786
1008904,0.1567,0.2727,0.2134
990098,0.3500,0.3712,0.3636
995726,0.2857,0.5934,0.3507
976533,0.3256,0.3308,0.4342
994613,0.1933,0.4028,0.2879
1015345,0.0603,0.1022,0.2472
1030621,0.3443,0.4286,0.4667
995776,0.2710,0.4487,0.4267
1039892,0.3830,0.3585,0.4423
1039874,0.3506,0.3425,0.4878
1024401,0.1435,0.4375,0.2255
1021758,0.2276,0.2188,0.3077
1046587,0.2097,1.0000,0.2097
1036793,0.3922,0.8529,0.4800
1046440,0.3077,0.4643,0.5000
1036925,0.2821,0.5800,0.3295
1022045,0.1942,0.8974,0.2100
1024437,0.3423,0.7500,0.3571
1030636,0.1838,0.1245,0.2480
1022337,0.1522,0.4013,0.2242
1059031,0.2400,0.2899,0.3158
1037726,0.2759,0.5610,0.3288
1030817,0.1977,0.1875,0.2682
1065517,0.2407,0.3953,0.3750
1021680,0.3051,0.5750,0.4118
1065520,0.2456,0.2885,0.4667
1040278,0.1447,0.2105,0.2846
1065514,0.2778,0.6279,0.2881
1052641,0.3673,0.4200,0.4118
1024301,0.2410,0.3623,0.5106
1024320,0.2258,0.2833,0.3043
1040485,0.3529,0.3810,0.3521
1070201,0.4286,0.6400,0.6667
1065527,0.2286,0.4000,0.2444
1070213,0.2462,0.3008,0.5143
1052656,0.3000,0.2785,0.5395
1088093,0.2653,0.2900,0.4421
1076570,0.2326,0.2784,0.3187
1039943,0.3614,0.3544,0.4146
1076691,0.4423,0.4898,0.5417
1046647,0.3662,0.4521,0.5660
1046660,0.2378,0.3425,0.3393
1076709,0.2169,0.4375,0.3012
1108665,0.5435,0.8649,0.6000
1076795,0.1299,0.4359,0.1882
1039910,0.2396,0.3368,0.4603
1108759,0.1184,0.1304,0.4667
1059610,0.1418,0.5521,0.2323
1065610,0.2612,0.3129,0.3571
1095302,0.3333,0.5250,0.6786
1052683,0.1975,0.2206,0.2581
1046760,0.2114,0.4951,0.2925
1059038,0.1985,0.5663,0.2692
1088129,0.2216,0.4167,0.2911
1108796,0.4565,0.5455,0.8214
1052679,0.2480,0.4950,0.3411
1124310,0.5400,0.3611,0.4928
1096039,0.3067,0.3118,0.2897
1102676,0.5172,0.6552,0.4839
1129577,0.1792,0.2054,0.2800
1095300,0.2190,0.2987,0.2941
1059426,0.2733,0.2674,0.3333
1108792,0.2273,0.7818,0.2358
1124390,0.1655,0.3229,0.2054
1137467,0.2316,0.2472,0.4328
1088022,0.2260,0.7647,0.2590
1052691,0.2013,0.6778,0.2340
1145682,0.2000,0.2500,0.5926
1137667,0.2248,0.2180,0.4419
1124333,0.4694,0.6000,0.6889
1095359,0.1823,0.2023,0.5806
1088383,0.2384,0.4068,0.3130
1114486,0.1727,0.3085,0.2733
1152471,0.3871,0.4688,0.7500
1095374,0.2477,0.7051,0.3011
1103099,0.3393,0.3372,0.2871
1155494,0.6154,0.8750,0.6250
1124454,0.2260,0.3478,0.3770
1102901,0.1736,0.7059,0.1705
1152317,0.5152,0.9200,0.5758
1168863,0.2833,0.4643,0.6286
1146454,0.2737,0.4157,0.2609
1156257,0.4524,0.6000,0.5278
1164312,0.3095,0.4286,0.4615
1108869,0.3692,0.3896,0.5000
1168887,0.3673,0.2500,0.5625
1168891,0.4068,0.4098,0.4464
1114482,0.3412,0.3333,0.5625
1129654,0.1166,0.5455,0.1825
1155345,0.4872,0.6053,0.5854
1153134,0.1623,0.2000,0.2171
1158514,0.2168,0.2585,0.3750
1186269,0.3636,0.7297,0.4286
1153464,0.1349,0.5393,0.2264
1178976,0.1250,0.8571,0.1453
1195935,0.5769,0.7083,0.6000
1137604,0.3704,0.3673,0.8108
1124463,0.3125,0.9206,0.3312
1206361,0.2043,0.2261,0.3810
1168892,0.2500,0.6122,0.3043
1164661,0.3261,0.7442,0.3191
1145772,0.1988,0.1953,0.3251
1209590,0.3750,0.6216,0.5000
1209594,0.1961,0.3026,0.4375
1195942,0.1845,0.5217,0.2710
1174227,0.1200,0.3469,0.1636
1196382,0.3158,0.5789,0.3958
1178975,0.1842,0.1835,0.3529
1178432,0.3810,0.3857,0.3810
1192497,0.2195,0.3966,0.2647
1164260,0.2124,0.5694,0.3008
1209682,0.3333,0.3200,0.3333
1233491,0.3590,0.3415,0.6250
1164715,0.3196,0.5978,0.3571
1218687,0.3269,0.5000,0.5143
1206140,0.1864,0.1829,0.3939
1225972,0.3231,0.8750,0.3226
1186390,0.2778,0.3039,0.4144
1226013,0.3043,0.5161,0.3714
1187690,0.2456,0.3368,0.3241
1233545,0.1508,0.3333,0.2133
1243460,0.3148,0.3721,0.4348
1191104,0.2389,0.4632,0.3855
1226983,0.2899,0.3182,0.8462
1218879,0.3182,0.3093,0.3611
1205873,0.2033,0.3133,0.3768
1239877,0.2840,0.4643,0.3265
1243512,0.4681,0.6216,0.5227
1226353,0.4474,0.5405,0.7059
1239546,0.2273,0.3727,0.4714
1258291,0.6364,0.7619,0.6250
1233565,0.1739,0.3164,0.3646
1239577,0.1556,0.3333,0.2817
1233476,0.1975,0.3288,0.5676
1233544,0.3750,1.0000,0.3750
1265438,0.4419,0.4375,0.4792
1205998,0.1416,0.9149,0.1593
1205890,0.0964,0.7143,0.1214
1220038,0.3107,0.4874,0.2833
1262753,0.2807,0.5854,0.2787
1279422,0.3913,0.4783,0.6552
1243641,0.1198,0.3971,0.2048
1251715,0.3559,0.2182,0.2126
1233552,0.3267,0.3627,0.5607
1239641,0.2734,0.3025,0.3711
1279446,0.1818,0.1890,0.8056
1272868,0.1292,0.1320,0.2935
1265219,0.3333,0.5455,0.4412
1272668,0.3582,0.4615,0.5775
1225959,0.2606,0.2222,0.4062
1251614,0.2782,0.3037,0.3706
1240405,0.2741,0.5300,0.3267
1258416,0.2500,0.2324,0.3333
1233547,0.3019,0.5781,0.3727
1301234,0.3659,0.4524,0.5588
1262831,0.2308,0.7451,0.2895
1279561,0.1630,0.1692,0.2629
1265684,0.1186,0.5500,0.1827
1265442,0.2172,0.4480,0.2877
1309208,0.3696,0.3636,0.7941
1279443,0.1317,0.1410,0.3656
1251680,0.3333,0.8026,0.3534
1233985,0.2108,0.6822,0.1961
1309272,0.2687,0.2787,0.6042
1309279,0.3239,0.4138,0.4902
1281384,0.1391,0.3770,0.1765
1317601,0.2903,0.2976,0.4107
1274013,0.1385,0.6250,0.1714
1322420,0.5882,0.6061,0.9583
1309657,0.2727,0.5455,0.4302
1322679,0.4706,0.2609,0.3333
1331210,0.4242,0.5294,0.5833
1294495,0.5172,0.7407,0.5000
1301328,0.1705,0.5500,0.1759
1294494,0.2571,0.3412,0.5000
1265269,0.3393,0.3333,0.3293
1286801,0.1868,0.4421,0.2701
1331518,0.2609,0.5618,0.3182
1302389,0.3265,0.2823,0.2384
1286966,0.2558,0.8667,0.2644
1301455,0.2188,0.2846,0.2909
1344037,0.6667,0.8500,0.6957
1322547,0.3284,0.4516,0.3284
1309509,0.1359,0.4861,0.1667
1317619,0.2688,0.5323,0.2887
1353626,0.4390,0.5000,0.6923
1286798,0.1888,0.4559,0.2645
1353623,0.2308,0.3922,0.2833
1331247,0.2000,0.6053,0.2586
1295200,0.2230,0.4769,0.2772
1286947,0.2444,0.4062,0.3820
1272997,0.3511,0.3525,0.3659
1317761,0.1138,0.2321,0.2989
1339740,0.2295,0.2100,0.3333
1311065,0.2075,0.3206,0.2848
1295117,0.2026,0.3146,0.2961
1339126,0.5714,0.3393,0.3929
1324216,0.1855,0.2131,0.2966
1366998,0.5517,0.6552,0.7308
1317593,0.2419,0.4000,0.2687
1344155,0.2955,0.3085,0.3800
1344939,0.2333,0.4198,0.2804
1380901,0.3448,0.5417,0.4510
1344033,0.2125,0.8254,0.2437
1295202,0.2000,0.6170,0.2424
1374272,0.3148,0.3654,0.4615
1353686,0.3438,0.2157,0.3563
1358953,0.1506,0.1989,0.2129
1353963,0.3617,0.7273,0.4545
1374273,0.3333,0.4884,0.5429
1384662,0.3830,0.3830,1.0000
1402481,0.2778,0.2717,0.8667
1339320,0.1511,0.3247,0.2026
1358948,0.1429,0.7213,0.1683
1367034,0.2448,0.5522,0.3611
1396506,0.2169,0.3382,0.2258
1375148,0.1644,0.2015,0.2770
1367085,0.2207,0.7581,0.2653
1380956,0.2535,0.3553,0.3793
1367092,0.2139,0.5443,0.2133
1358826,0.2000,0.3269,0.2909
1384680,0.1927,0.2778,0.3048
1402693,0.4444,1.0000,0.4444
1405384,0.3111,0.5500,0.4651
1423914,0.3958,0.6500,0.4878
1380699,0.1538,0.1898,0.2819
1396281,0.3151,0.6905,0.4179
1423915,0.4524,0.4082,0.3846
1384686,0.2679,0.2867,0.3405
1381333,0.1565,0.3978,0.2148
1431174,0.2190,0.3924,0.3438
1380953,0.2870,0.3084,0.6042
1405568,0.2676,0.5686,0.3514
1437899,0.3400,0.5833,0.4419
1381337,0.2025,0.3190,0.3354
1404154,0.1857,0.5169,0.2622
1396288,0.3097,0.3208,0.2834
1396351,0.2595,0.4194,0.4083
1431180,0.1837,0.2314,0.2500
1384681,0.2925,0.5342,0.3951
1428146,0.2113,0.4783,0.3171
1423883,0.4634,0.6944,0.6857
1447244,0.1944,0.2632,0.4889
1415731,0.2450,0.5596,0.2893
1405475,0.2176,0.7812,0.2573
1461690,0.1951,0.2439,0.5429
1431123,0.1942,0.2222,0.3805
1416291,0.0920,0.4326,0.1339
1415797,0.3077,0.4545,0.3833
1469264,0.1761,0.2326,0.4902
1431111,0.1474,0.2917,0.2342
1428140,0.2632,0.8788,0.2545
1405841,0.2642,0.4458,0.3933
1447246,0.1888,0.3043,0.2462
1423933,0.1958,0.3514,0.3167
1482347,0.6071,0.4848,0.7241
1447407,0.1825,0.2656,0.2464
1484072,0.0991,0.1535,0.2903
1415717,0.5111,0.6944,0.6341
1438108,0.2439,0.3692,0.4262
1438420,0.1882,0.4086,0.2590
1469300,0.4340,0.4902,0.5556
1469260,0.1695,0.2745,0.4000
1461864,0.1979,0.3857,0.3939
1470350,0.1359,0.5521,0.1853
1461732,0.3905,0.4688,0.4865
1438032,0.2209,0.3871,0.3824
1499984,0.1327,0.1398,0.5405
1502484,0.1148,0.1484,0.5312
1502595,0.3455,0.3279,0.5217
1470351,0.2011,0.4758,0.3048
1478442,0.2969,0.3263,0.2636
1465038,0.1844,0.5196,0.2236
1503513,0.3261,0.5147,0.4306
1478228,0.3380,0.3452,0.3131
1478221,0.3922,0.5238,0.5269
1447336,0.1661,0.2377,0.3649
1493000,0.2708,0.6441,0.3232
1455409,0.1864,0.2895,0.3643
1516817,0.3889,0.5946,0.5000
1483210,0.2589,0.4949,0.3697
1516828,0.7200,0.7200,0.7143
1478239,0.2258,0.5574,0.2301
1499992,0.1565,0.1869,0.3538
1478935,0.1929,0.5036,0.1954
1517286,0.3239,0.5208,0.4310
1499868,0.2414,0.7941,0.2588
1492984,0.1867,0.2460,0.2927
1531468,0.1657,0.2817,0.3766
1492734,0.0921,0.6207,0.1160
1500613,0.2296,0.2727,0.3714
1521394,0.3784,0.6774,0.5938
1521398,0.3289,0.4286,0.4200
1511264,0.2300,0.5000,0.3766
1511106,0.1864,0.3061,0.2482
1551806,0.4386,0.4603,0.5833
1511107,0.2933,0.4783,0.4225
1521823,0.4773,0.7500,0.5500
1531477,0.4754,0.5862,0.8182
1482359,0.3553,0.4179,0.4576
1522645,0.1850,0.3919,0.2574
1502985,0.3146,0.3626,0.5000
1492802,0.2400,0.3412,0.3388
1551666,0.1471,0.2148,0.4340
1551715,0.2034,0.2736,0.3295
1500865,0.1579,0.2316,0.3000
1558063,0.1818,0.5610,0.1899
1574125,0.5714,0.5714,0.8095
1541144,0.1383,0.2083,0.2794
1516842,0.2066,0.1849,0.3839
1541502,0.2248,0.5043,0.3459
1569671,0.2247,0.3378,0.3714
1541292,0.4694,0.6087,0.7209
1503137,0.2029,0.3837,0.3179
1549675,0.1678,0.7808,0.1678
1558046,0.2109,0.3063,0.3939
1569536,0.5333,0.9375,0.5778
1549701,0.2162,0.7736,0.2289
1511182,0.1627,0.1840,0.3534
1602130,0.5909,0.5000,0.7895
1582957,0.4359,0.6176,0.4848
1551833,0.3038,0.3827,0.3750
1521412,0.2556,0.3806,0.3421
1560156,0.2636,0.6774,0.3421
1602238,0.4483,0.7500,0.5926
1602388,0.1757,0.2297,0.7647
1549388,0.2500,0.5660,0.3444
1558141,0.4762,0.9444,0.4545
1551854,0.2023,0.4722,0.3214
1549234,0.1514,0.4611,0.1902
1611047,0.3030,0.3731,0.6410
1602534,0.4062,0.4375,0.2549
1558312,0.2008,0.2500,0.3424
1602460,0.1452,0.3288,0.2195
1588843,0.3571,0.4182,0.6000
1629728,0.2442,0.3205,0.3571
1582981,0.6000,0.6364,0.6000
1602291,0.5417,0.6364,0.6667
1625800,0.2471,0.2821,0.7143
1629729,0.3400,0.3837,0.3564
1640465,0.2308,0.2712,0.6897
1637204,0.6970,1.0000,0.6970
1625803,0.2143,0.5862,0.3165
1574230,0.1576,0.1695,0.3043
1569673,0.1467,0.6506,0.2098
1618008,0.2241,0.3972,0.2289
1617979,0.1714,0.3735,0.2030
1629739,0.1818,0.6447,0.2158
1569632,0.2143,0.3791,0.3189
1589107,0.1844,0.2373,0.4000
1629732,0.2232,0.3372,0.3445
1637206,0.2211,0.7857,0.2190
1569435,0.2973,0.3393,0.3824
1611050,0.2555,0.4889,0.3548
1640466,0.2759,0.3750,0.7308
1617987,0.1959,0.4013,0.2196
1625814,0.1517,0.3360,0.2113
1625802,0.2015,0.2286,0.2830
1618174,0.1802,0.4471,0.2368
1611054,0.1983,0.3537,0.2743
1640471,0.2125,0.3846,0.4259
1640472,0.2118,0.3846,0.4068
1640470,0.1789,0.4756,0.3187
1649130,0.2911,0.4762,0.2874
1640468,0.2100,0.3607,0.3529
1637147,0.1828,0.1893,0.2616
1655159,0.2297,0.3492,0.4419
1640719,0.1984,0.6167,0.2576
1640878,0.1890,0.3491,0.1852
1640877,0.2069,0.7231,0.2097
1649050,0.1282,0.2313,0.3676
1649054,0.1538,0.3833,0.2667
1660828,0.2381,0.4655,0.3065
1655170,0.2718,0.6167,0.3208
1669215,0.2041,0.2927,0.3077
1655162,0.3276,0.3710,0.4930
1649129,0.1203,0.7021,0.1350
1661062,0.2115,0.2403,0.2647
1648986,0.3333,0.4643,0.4800
1669217,0.2130,0.2340,0.2805
1640467,0.2386,0.2785,0.4627
1637191,0.2727,0.5273,0.2963
1649140,0.2049,0.8103,0.2295
1649139,0.1812,0.4691,0.2414
1648985,0.2233,0.4727,0.2828
1649145,0.1065,0.8367,0.1086
1648980,0.2708,0.5833,0.3490
1649132,0.2951,0.8857,0.3167
1682992,0.2346,0.3438,0.4634
1649135,0.1538,0.6122,0.1840
1682904,0.2411,0.1927,0.3692
1660843,0.6667,0.6562,0.6970
1689703,0.2903,0.5946,0.3750
1661052,0.2222,0.2330,0.3803
1649055,0.1298,0.2699,0.2634
1669219,0.1975,0.2479,0.2479
1674083,0.2623,0.7857,0.2462
1649143,0.1143,0.5238,0.0997
1674292,0.1412,0.2846,0.2468
1679244,0.2162,0.3121,0.2483
1655770,0.2020,0.6604,0.2386
1660805,0.1986,0.4184,0.2558
1689725,0.2593,0.3649,0.5441
1679242,0.1782,0.8824,0.2020
1679240,0.1905,0.3293,0.3256
1669221,0.1985,0.2683,0.4000
1702190,0.1118,0.1190,0.5946
1696298,0.2879,0.4717,0.4390
1711290,0.2030,0.2857,0.4000
1711217,0.2105,0.2453,0.2143
1655401,0.2222,0.2102,0.3025
1674299,0.1300,0.4167,0.2027
1674115,0.2989,0.3103,0.6567
1701833,0.5152,0.7931,0.5152
1696711,0.1543,0.6667,0.2158
1690131,0.2319,0.7586,0.2394
1679189,0.2692,0.3810,0.3545
1689896,0.4225,0.4231,0.6716
1679217,0.2524,0.3908,0.3071
1702042,0.1289,0.1289,0.5897
1728970,0.4375,0.7368,0.4375
1683290,0.1395,0.3245,0.2697
1716379,0.3818,0.5636,0.5000
1711392,0.2135,0.2815,0.1364
1690658,0.1971,0.7308,0.2000
1740200,0.1852,0.1940,0.2571
1716362,0.3947,0.5641,0.6296
1683181,0.2372,0.3776,0.2806
1728972,0.1636,0.3288,0.2388
1696351,0.2101,0.2368,0.2356
1740421,0.6000,0.8667,0.6111
1702487,0.1957,0.2227,0.4400
1696339,0.2119,0.2031,0.3759
1735943,0.1839,0.3305,0.1905
1716596,0.1977,0.4463,0.2422
1722261,0.2089,0.3274,0.3083
1735630,0.1978,1.0000,0.1978
1758037,0.6667,0.6667,0.9048
1716367,0.2556,0.7222,0.2911
1722713,0.2385,0.4819,0.2409
1729554,0.2069,0.2519,0.2857
1722265,0.2810,0.3451,0.5543
1771226,0.1447,0.1571,0.6667
1746500,0.3684,0.8000,0.4000
1711271,0.2917,0.4182,0.3015
1729058,0.3233,0.7500,0.3359
1740201,0.2553,0.3486,0.3462
1746738,0.1626,0.2698,0.2660
1735599,0.2596,0.3118,0.4836
1771281,0.1714,0.2247,0.2828
1722316,0.2727,0.2778,0.3866
1752248,0.3590,0.4444,0.5897
1758061,0.2698,0.3833,0.3415
1746556,0.2581,0.6444,0.2556
1771238,0.1340,0.2500,0.4123
1782310,0.2500,0.2933,0.3333
1790571,0.2456,0.2623,0.6129
1758119,0.2421,0.3298,0.4844
1729062,0.2171,0.7660,0.2333
1746538,0.2778,0.5625,0.3276
1771525,0.1941,0.5608,0.2222
1799244,0.1889,0.5263,0.1667
1799684,0.2414,0.4167,0.4182
1799928,0.1608,0.1280,0.3301
1735887,0.2284,0.3548,0.2847
1806992,0.1786,0.2048,0.5926
1807342,0.0877,0.1250,0.4182
1764446,0.1739,0.3892,0.3088
1752277,0.2901,0.5568,0.3000
1820670,0.2308,0.2545,0.5663
1813549,0.5366,0.5814,0.5192
1827335,0.1544,0.4235,0.1833
1782299,0.3333,0.4634,0.7059
1799930,0.1460,0.3905,0.1622
1813797,0.2222,0.5361,0.2727
1790846,0.1296,0.1953,0.4245
1813514,0.2041,0.3295,0.4267
1782878,0.4407,0.6000,0.5246
1790853,0.2108,0.2544,0.3642
1821210,0.0943,0.3646,0.1617
1833491,0.2121,0.2385,0.2377
1799540,0.3140,0.4773,0.3039
1827344,0.5429,0.6774,0.6774
1813547,0.2375,0.5455,0.3478
1833508,0.0976,0.3488,0.1800
1827319,0.3077,0.4884,0.5789
1791613,0.1795,0.2416,0.3047
1833495,0.0847,0.0709,0.1250
1834417,0.3256,0.3818,0.3281
1833502,0.0816,0.8000,0.0918
1846638,0.2653,0.3115,0.3784
1842685,0.3654,0.5636,0.2838
1833500,0.1585,0.3760,0.2759
1834499,0.2444,0.3483,0.3538
1833489,0.0833,0.6119,0.0929
1834869,0.1791,0.3692,0.2880
1846769,0.3516,0.4211,0.5155
1842979,0.6071,0.3051,0.2632
1820627,0.2177,0.3372,0.2870
1833506,0.0563,0.7000,0.0679
1853508,0.1058,0.5070,0.1564
1864555,0.6296,0.6071,0.9500
1853461,0.0000,0.4891,0.0213
1853509,0.1164,0.6170,0.1529
1846635,0.2268,0.3564,0.2762
1833490,0.1154,0.3579,0.2432
1870443,0.3200,0.3600,0.6170
1864545,0.2371,0.3250,0.4167
1853510,0.2157,0.2690,0.1782
1834447,0.2131,0.2599,0.3133
1870448,0.2273,0.3182,0.5676
1878182,0.4615,0.6154,0.6522
1848126,0.2041,0.4068,0.3309
1878258,0.1705,0.1842,0.1727
1858382,0.2500,0.4464,0.3596
1878236,0.2048,0.5455,0.2935
1858520,0.2199,0.2564,0.2168
1834895,0.2118,0.2323,0.4145
1892219,0.3492,0.6905,0.4737
1858898,0.2571,0.5294,0.4848
1858899,0.1000,0.1436,0.3696
1853384,0.2976,0.3426,0.2632
1892201,0.3265,0.7857,0.3148
1870478,0.1638,0.7468,0.1934
1887385,0.1765,0.2727,0.2907
1914068,0.2474,0.2976,0.4615
1870476,0.2421,0.3415,0.3451
1865037,0.2797,0.2054,0.2780
1878204,0.1946,0.3025,0.3316
1897240,0.1928,0.2500,0.2200
1897267,0.2353,0.3133,0.7500
1887392,0.1088,0.3377,0.1488
1921794,0.3443,0.8529,0.3833
1870553,0.2393,0.5000,0.3303
1892162,0.1488,0.2000,0.6600
1907125,0.3818,0.3860,0.4028
1865042,0.2330,0.4783,0.2685
1907196,0.2609,0.4416,0.3906
1878289,0.2215,0.3545,0.3619
1907195,0.2208,0.4921,0.3600
1907203,0.2967,0.3793,0.6308
1921755,0.4000,0.6000,0.4808
1915346,0.1869,0.6087,0.2358
1897459,0.2273,0.5306,0.2980
1933538,0.1905,0.3506,0.2258
1921773,0.4000,0.6000,0.6000
1933450,0.1899,0.2947,0.2647
1892442,0.2683,0.3628,0.2793
1950227,0.1410,0.3108,0.2756
1928347,0.1682,0.2366,0.5349
1928213,0.4828,0.5763,0.6167
1897279,0.3107,0.6180,0.3689
1942802,0.4848,0.6786,0.4444
1892440,0.1627,0.8056,0.1716
1886644,0.1538,0.6393,0.1840
1928676,0.2842,0.3956,0.4086
1942903,0.1538,0.1765,0.3378
1928682,0.2035,0.3253,0.3273
1921766,0.1778,0.2667,0.4316
1966678,0.3103,0.5600,0.5000
1955328,0.1548,0.1667,0.3853
1914465,0.2907,0.6711,0.2571
1907321,0.1776,0.2963,0.2547
1943356,0.2556,0.2126,0.2835
1933535,0.1512,0.2405,0.3269
1976310,0.2222,0.2436,0.5897
1976377,0.2712,0.3800,0.2424
1961246,0.4000,0.5946,0.6842
1943359,0.2331,0.2737,0.2449
1943361,0.1429,0.3587,0.2550
1955469,0.2698,0.5417,0.3810
1936374,0.1455,0.5031,0.2141
1955357,0.2558,0.6364,0.3250
1961643,0.2500,0.3148,0.5526
1928683,0.3017,0.5618,0.4211
1982180,0.1489,0.1720,0.8636
1992584,0.5357,0.5357,0.7500
1922117,0.1679,0.6418,0.2344
1936370,0.2139,0.4830,0.2500
1961729,0.3684,0.6129,0.5758
1986739,0.5306,0.5870,0.7297
1966666,0.2687,0.5161,0.3390
1950186,0.2000,0.2000,0.4528
2000436,0.3382,0.2549,0.2946
1986738,0.3623,0.4655,0.5763
1976254,0.1765,0.2431,0.2395
1993178,0.1562,0.4571,0.2381
1982191,0.1959,0.2737,0.5250
1955413,0.1486,0.2407,0.2587
2009562,0.2308,0.3478,0.2737
2009272,0.8947,0.9474,0.9444
2017015,0.3036,0.7179,0.3846
2017058,0.2623,0.7576,0.3621
1982412,0.3143,0.4915,0.4857
1961602,0.2989,0.5893,0.3846
1950546,0.2105,0.9359,0.1919
1988770,0.1278,0.5577,0.1786
1976214,0.2407,0.3239,0.4194
1967424,0.1709,0.8929,0.1711
1992591,0.1818,1.0000,0.1818
2034818,0.3500,0.3824,0.4571
1961762,0.1623,0.4429,0.2174
1967267,0.1283,0.4583,0.1351
2009264,0.3770,0.3875,0.3977
2017770,0.2097,0.7679,0.2453
2027300,0.3902,0.5250,0.6471
1986859,0.2682,0.4776,0.3432
2027310,0.2588,0.4118,0.4211
2023541,0.5610,0.9333,0.6098
2017192,0.3878,0.9697,0.3958
2034874,0.2987,0.5577,0.3919
2051227,0.3000,0.5098,0.3778
2042085,0.1491,0.4733,0.1839
2042026,0.1549,0.4554,0.2550
2023169,0.3625,0.3636,0.4941
2056992,0.1162,0.1523,0.1379
2056916,0.0950,0.2155,0.3013
2017766,0.2704,0.5607,0.3484
2070000,0.2500,0.4474,0.1538
2062988,0.2182,0.7500,0.1562
2057320,0.2414,0.4255,0.3211
2069829,0.2712,0.4400,0.3607
2017772,0.2131,0.5426,0.2720
2051785,0.2209,0.5273,0.3382
2077968,0.2135,0.2530,0.5610
2009877,0.2705,0.2617,0.3858
2041987,0.1964,0.3937,0.2571
2041962,0.1215,0.1419,0.3186
2062989,0.1727,0.4706,0.2540
2062990,0.1786,0.6154,0.2393
2017166,0.4268,0.3864,0.4096
2069871,0.2885,0.5758,0.2800
2069951,0.1532,0.4412,0.1825
2024071,0.0979,0.2913,0.1862
2035921,0.1227,0.3107,0.2200
2051786,0.1302,0.4340,0.2514
2077928,0.2361,0.3151,0.6250
2101636,0.2381,0.2969,0.6333
2069997,0.1006,0.9821,0.0976
2041964,0.1728,0.1130,0.3134
2023396,0.0790,0.3615,0.1432
2051789,0.1929,0.4458,0.3516
2062987,0.2527,0.5435,0.2520
2101971,0.4615,0.4865,0.6875
2057037,0.2656,0.2569,0.3512
2062728,0.3094,0.4935,0.3296
2105685,0.4167,1.0000,0.4167
2069813,0.2169,0.3286,0.2911
2105620,0.3800,0.4444,0.7241
2051224,0.3097,0.3036,0.4038
2105710,0.3103,0.3692,0.4364
2113921,0.2295,0.3704,0.5312
2101609,0.2000,0.6458,0.2651
2078147,0.3077,0.3973,0.4776
2092063,0.1818,0.2000,0.5306
2092053,0.2267,0.4493,0.3438
2123387,0.2308,0.3889,0.3953
2085081,0.1768,0.7937,0.1854
2084759,0.2381,0.4091,0.3117
2123328,0.7600,0.6774,0.6250
2077919,0.2833,0.6154,0.3878
2102161,0.1489,0.1778,0.5000
2101539,0.3000,0.4149,0.5128
2101875,0.2500,0.2879,0.5109
2131685,0.2022,0.2561,0.4894
2101710,0.2857,0.5217,0.3026
2084766,0.1961,0.2424,0.6512
2105670,0.2857,0.3571,0.5192
2084860,0.1565,0.2473,0.2095
2113900,0.5000,0.5714,0.5484
2113929,0.2364,0.7846,0.2200
2147356,0.2000,0.2442,0.6786
2092094,0.2270,0.3537,0.2412
2131680,0.1489,0.2022,0.4622
2078076,0.2051,0.2442,0.5071
2113941,0.1643,0.5362,0.2044
2113930,0.1407,0.3048,0.1754
2153812,0.2568,0.6275,0.3455
2118750,0.1807,1.0000,0.1807
2147426,0.2000,0.1667,0.2328
2118748,0.2203,0.3955,0.2470
2118727,0.2047,0.5444,0.2028
2147515,0.2206,0.2569,0.3667
2118728,0.1375,0.6613,0.1830
2141443,0.2078,0.3636,0.3538
2141347,0.4681,0.6000,0.5490
2123964,0.2660,0.4493,0.4219
2167926,0.3778,0.4884,0.7241
2118831,0.1880,0.1211,0.2453
2101712,0.3409,0.5147,0.4674
2183834,0.1727,0.1971,0.4464
2161786,0.3485,0.7143,0.3500
2147352,0.3200,0.4429,0.5088
2153837,0.2588,0.5190,0.3146
2131774,0.1701,0.7432,0.2411
2173748,0.2738,0.4752,0.2045
2161869,0.1908,0.2500,0.3602
2173667,0.5750,0.8182,0.6486
2183945,0.2239,0.1830,0.1138
2131640,0.1198,0.2344,0.3895
2167919,0.2581,0.5526,0.4151
2161912,0.2816,0.3140,0.4574
2204692,0.3256,0.4167,0.5455
2197651,0.1290,0.1720,0.6571
2131757,0.3038,0.3371,0.3580
2153768,0.2258,0.5370,0.2742
2205682,0.2540,0.3175,0.4909
2142265,0.2874,0.3141,0.2244
2155391,0.1497,0.8617,0.1772
2141509,0.1438,0.2593,0.2579
2173681,0.0350,0.9455,0.0331
2210498,0.3182,0.4200,0.5122
2173679,0.1961,0.2168,0.5167
2154394,0.2615,0.3803,0.3125
2210492,0.3636,0.3039,0.5517
2225714,0.1641,0.1756,0.6061
2190228,0.2907,0.6316,0.3846
2204666,0.3519,0.5333,0.4222
2168861,0.2658,0.6389,0.3699
2167946,0.2121,0.3776,0.3368
2197667,0.1556,0.2143,0.4186
2190325,0.1253,0.3960,0.1362
2184322,0.5000,0.6500,0.7143
2197724,0.1901,0.2414,0.2842
2162075,0.1509,0.6486,0.2160
2162068,0.2602,0.7403,0.2583
2225793,0.3492,0.8421,0.4127
2225735,0.3385,0.6364,0.4143
2183877,0.3867,0.4638,0.6909
2216575,0.2118,0.6182,0.3250
2190225,0.2766,0.4598,0.3421
2190216,0.2121,0.2706,0.3871
2190262,0.2444,0.4741,0.3419
2228904,0.3725,0.5238,0.5556
2216442,0.2118,0.3409,0.3750
2205126,0.2990,0.4237,0.3824
2249661,0.4211,0.5385,0.6154
2249648,0.5556,0.9583,0.5714
2216383,0.3333,0.3418,0.4222
2246018,0.3333,0.8000,0.4000
2256869,0.2542,0.3393,0.6897
2237950,0.3286,0.7547,0.3086
2261464,0.5417,0.6818,0.7143
2229000,0.3750,0.6667,0.4524
2237902,0.2105,0.3214,0.4884
2210538,0.2045,0.4921,0.2636
2198099,0.2069,0.5543,0.3333
2210527,0.1581,0.4302,0.2095
2261471,0.4722,0.5227,0.4634
2226051,0.2193,0.4024,0.2414
2246105,0.3958,0.8519,0.4444
2246028,0.5152,0.4889,0.5106
2237734,0.2936,0.5513,0.3663
2261656,0.3289,0.6094,0.3488
2283485,0.7200,0.8261,0.8750
2229115,0.3587,0.7308,0.3579
2237754,0.1987,0.4963,0.2745
2289414,0.3571,0.6471,0.3421
2277789,0.3585,0.5294,0.6471
2277845,0.2879,0.5636,0.4167
2261465,0.6522,0.8182,0.8095
2246078,0.3733,0.3699,0.5323
2216572,0.2449,1.0000,0.2449
2299626,0.0860,0.1060,0.5294
2257080,0.1127,0.4860,0.1383
2270439,0.2375,0.2935,0.2658
2277837,0.1979,0.4118,0.2755
2254561,0.2584,0.4343,0.3211
2303838,0.2283,0.3919,0.4444
2226404,0.1637,0.4737,0.2412
2256913,0.2080,0.5941,0.2311
2303893,0.1818,0.8475,0.1983
2246564,0.2321,0.7778,0.2745
2283793,0.5385,0.6786,0.5517
2323764,0.1731,0.2208,0.3333
2270515,0.2857,0.8462,0.3297
2270468,0.2288,0.2645,0.5946
2283713,0.2206,0.5205,0.2927
2299643,0.3778,0.5789,0.5610
2299648,0.3026,0.8923,0.3247
2320019,0.3538,0.4306,0.4306
2284699,0.2871,0.3431,0.3152
2334011,0.1611,0.4062,0.2500
2277852,0.3475,0.5165,0.4536
2344696,0.2985,0.4151,0.3077
2319980,0.3684,0.4762,0.3710
2344697,0.4318,0.5556,0.5278
2340715,0.2048,0.2308,0.5349
2284376,0.2333,0.4000,0.3223
2320009,0.4048,0.3820,0.4220
2290514,0.3387,0.5641,0.4545
2314309,0.1609,0.3730,0.2540
2334112,0.1534,0.1379,0.1807
2323782,0.4595,0.7500,0.6471
2299647,0.2903,0.6125,0.3033
2364215,0.5000,0.7368,0.6316
2320981,0.1818,0.3760,0.1892
2314122,0.2474,0.3133,0.5062
2270977,0.1770,0.3443,0.2874
2320006,0.5106,0.2292,0.2900
2341320,0.0000,0.4957,0.0000
2314092,0.2617,0.4588,0.3919
2370826,0.6429,0.7600,0.7500
2370962,0.2963,0.5476,0.4082
2314881,0.1343,0.2948,0.2939
2334641,0.2296,0.4953,0.2987
2334824,0.1533,0.2290,0.2649
2388419,0.2800,0.2800,0.8462
2345079,0.2366,0.4262,0.2920
2364282,0.3099,0.2976,0.3699
2388319,0.3684,0.5682,0.3594
2392723,0.1532,0.2000,0.7000
2358936,0.1581,0.3034,0.2775
2392791,0.2632,0.3636,0.5769
2341332,0.2057,0.4236,0.3259
2364697,0.2700,0.3409,0.4918
2370842,0.3333,0.6600,0.4490
2358848,0.4808,0.5323,0.6471
2369195,0.3731,0.4643,0.5000
2364239,0.2011,0.3280,0.2743
2415078,0.1623,0.1712,0.3735
2388539,0.0000,0.5161,0.0000
2392644,0.5714,0.6667,0.7647
2374178,0.2245,0.4079,0.3971
2393352,0.2338,0.2364,0.3365
2358753,0.1678,0.2517,0.3392
2354696,0.1940,0.3488,0.3383
2354771,0.1636,0.1124,0.2513
2381450,0.2784,0.3571,0.3516
2409330,0.2472,0.3562,0.4667
2423666,0.2985,0.4545,0.5370
2399827,0.1511,0.1905,0.3151
2429822,0.6786,0.8148,0.6667
2409393,0.4571,0.5758,0.4186
2370892,0.2212,0.4948,0.3614
2435053,0.8462,0.5269,0.5050
2399823,0.2927,0.5641,0.2889
2409415,0.2727,0.3623,0.4603
2399760,0.2841,0.6818,0.3537
2415077,0.2427,0.6078,0.2800
2381504,0.1266,0.4068,0.2292
2415332,0.1832,0.5443,0.2045
2423667,0.3421,0.5667,0.5758
2434990,0.1552,0.9091,0.2000
2399737,0.1552,0.3247,0.3046
2415291,0.3429,0.3951,0.3977
2443123,0.2609,0.3014,0.4737
2423674,0.4375,0.5556,0.3833
2435071,0.5000,0.6429,0.5000
2393500,0.1356,0.2688,0.3559
2434978,0.3243,0.4634,0.2264
2456532,0.3380,0.4127,0.6279
2435157,0.4200,0.4872,0.2857
2409344,0.2771,0.3000,0.5667
2415153,0.2346,0.5122,0.3067
2423701,0.2121,0.2992,0.4138
2409416,0.1770,0.2759,0.2793
2443104,0.2727,0.5116,0.2400
2423945,0.3012,0.4510,0.3636
2464373,0.1308,0.1818,0.3333
2451624,0.3810,0.5556,0.5231
2479518,0.3519,0.4000,0.6286
2429828,0.2291,0.5610,0.2834
2451898,0.2078,0.4884,0.2794
2443395,0.1714,0.3662,0.2545
2464383,0.1591,0.2131,0.4444
2451638,0.2066,0.9783,0.2049
2492466,0.2917,0.4231,0.3875
2492493,0.2212,0.2500,0.7436
2429809,0.2117,0.2946,0.4156
2443192,0.1860,0.2195,0.6000
2464898,0.1448,0.3474,0.2500
2497509,0.2688,0.3548,0.3235
2456605,0.3250,0.8269,0.3218
2452187,0.1895,0.3645,0.2889
2451979,0.2436,0.5851,0.2901
2492648,0.3750,0.6190,0.5610
2471038,0.2105,0.5746,0.2571
2464403,0.2479,0.3977,0.3770
2521833,0.4048,0.4667,0.6786
2527550,0.5000,0.6552,0.5000
2492655,0.2533,0.4667,0.3443
2479646,0.2973,0.3738,0.4466
2527688,0.6667,0.9444,0.7143
2483816,0.4364,0.7143,0.4906
2527570,0.4286,0.5227,0.3864
2479647,0.2782,0.2035,0.2830
2512311,0.3137,0.3600,0.3966
2503457,0.3152,0.5893,0.4048
2483842,0.3689,0.5185,0.4483
2497622,0.2809,0.3284,0.4000
2494008,0.1183,0.4655,0.1758
2479750,0.4062,0.8611,0.4844
2503434,0.3025,0.3308,0.3846
2548998,0.3095,0.6000,0.2857
2539288,0.5128,0.7576,0.6765
2527691,0.2759,0.6167,0.3647
2555036,0.2826,0.3793,0.6170
2521959,0.2421,0.5500,0.2400
2483846,0.2044,0.1957,0.4000
2512373,0.2378,0.3220,0.4946
2521958,0.3014,0.5735,0.3333
2512374,0.2500,0.6267,0.3007
2521956,0.2264,0.4342,0.3306
2483850,0.3011,0.7468,0.3816
2539378,0.1938,0.2519,0.3882
2555387,0.3902,0.9643,0.4000
2503460,0.2290,0.5000,0.3871
2564673,0.3636,0.5802,0.3951
2521864,0.2791,0.3377,0.3017
2497937,0.1867,0.2722,0.3000
2570651,0.5000,0.5357,0.7727
2539297,0.3036,1.0000,0.3036
2539381,0.2700,0.4805,0.3704
2576124,0.4348,0.5789,0.5000
2549218,0.2867,0.7374,0.3582
2512562,0.1566,0.1603,0.2778
2533930,0.3091,0.3704,0.4516
2549323,0.2706,0.4783,0.3830
2570774,0.1488,0.2755,0.2696
2563823,0.4118,1.0000,0.4118
2576126,0.4545,0.4545,1.0000
2539526,0.1953,0.6667,0.2263
2580828,0.8095,0.8421,0.7500
2580830,0.2653,0.5152,0.3617
2564672,0.0577,0.2475,0.1355
2588700,0.5455,0.5319,0.4915
2570893,0.4054,0.5455,0.5806
2570610,0.2475,0.6226,0.2479
2533919,0.3797,0.4595,0.6026
2549227,0.2041,0.6136,0.3000
2588841,0.1653,0.4423,0.1789
2581045,0.3387,0.5333,0.5581
2555386,0.2396,0.7959,0.2500
2591716,0.2647,0.4348,0.4000
2602527,0.4082,0.3729,0.5909
2576133,0.3065,0.7391,0.3000
2576542,0.2430,0.4730,0.3645
2607662,0.4324,1.0000,0.4324
2607564,0.3200,0.4048,0.5946
2555262,0.2348,0.5068,0.3047
2570866,0.2683,0.5246,0.4239
2614885,0.3429,0.4242,0.7500
2614942,0.2066,0.1983,0.8000
2576102,0.1489,0.3232,0.2827
2615040,0.2549,0.3333,0.2881
2602676,0.3659,0.5532,0.3265
2591623,0.3784,0.4857,0.6538
2615108,0.7692,0.8750,0.8750
2608137,0.3279,0.2245,0.3017
2591907,0.2133,0.3889,0.3721
2588845,0.1340,0.3669,0.1825
2576129,0.3898,0.7250,0.5614
2581752,0.3302,0.3868,0.5116
2622354,0.5814,0.5952,0.8158
2628366,0.2500,0.3148,0.7500
2622958,0.2979,0.2444,0.2234
2607587,0.3846,0.4865,0.7667
2628334,0.2500,0.2887,0.3093
2570769,0.1399,0.5135,0.1713
2635782,0.1875,0.2632,0.4722
2615413,0.1593,0.3404,0.2328
2615240,0.1768,0.3523,0.2081
2615403,0.3333,0.7907,0.3919
2642113,0.5000,0.5192,0.4364
2615402,0.1422,0.8909,0.1567
2628370,0.1483,0.2576,0.2526
2650196,0.2958,0.5333,0.3906
2622471,0.3043,0.4444,0.3611
2622541,0.3500,0.3000,0.3191
2591648,0.1864,0.5306,0.2231
2622353,0.3059,1.0000,0.3059
2602677,0.3287,0.4919,0.3468
2628292,0.2051,0.3735,0.2391
2656468,0.2785,0.3587,0.4444
2622562,0.0763,0.4483,0.1146
2628851,0.1317,0.4286,0.1557
2642711,0.1217,0.2893,0.2263
2628371,0.1655,0.2248,0.4253
2622634,0.2090,0.4196,0.2255
2661184,0.3548,0.6000,0.5000
2622259,0.1783,0.1741,0.2886
2622320,0.2054,0.3840,0.3588
2656448,0.3125,0.2553,0.4037
2622943,0.1701,0.4098,0.2464
2650230,0.2500,0.3881,0.2857
2650229,0.3750,0.6111,0.5926
2642040,0.2111,0.3216,0.3059
2684803,0.2232,0.2018,0.6364
2642709,0.1181,0.5255,0.1404
2678447,0.4286,0.8684,0.4151
2642623,0.2481,0.3134,0.2993
2690081,0.1212,0.1570,0.2542
2636347,0.2628,0.7500,0.3309
2650235,0.1959,0.2842,0.2453
2635949,0.1745,0.2578,0.2824
2661260,0.2653,0.4348,0.6129
2642750,0.1797,0.4133,0.2524
2669443,0.1920,0.4419,0.2837
2699853,0.5588,0.7143,0.7097
2699608,0.2941,0.4754,0.4545
2678385,0.3167,0.3966,0.5789
2684830,0.3939,0.6667,0.5517
2669369,0.3299,0.4505,0.3534
2656659,0.1805,0.1701,0.3520
2716919,0.5000,0.4865,0.8889
2669419,0.1939,0.2086,0.3704
2716944,0.3095,0.7083,0.4091
2684898,0.1842,0.3429,0.4762
2665889,0.2299,0.6176,0.1954
2669608,0.2328,0.3827,0.3875
2699628,0.2903,0.6000,0.4091
2661304,0.1354,0.2140,0.2119
2723408,0.5484,0.6667,0.6000
2711415,0.2500,0.5185,0.3750
2690089,0.1500,0.1810,0.3758
2730755,0.4091,0.4583,0.3704
2690350,0.2154,0.3150,0.2416
2684903,0.1915,0.5000,0.2364
2706401,0.2308,0.3514,0.4167
2706418,0.3293,0.4247,0.5753
2717744,0.3478,0.7059,0.2963
2684929,0.2308,0.6852,0.2417
2730805,0.5938,0.8000,0.6000
2669465,0.2857,0.5200,0.2417
2723487,0.1266,0.1566,0.3333
2739595,0.2233,0.2857,0.3158
2730878,0.1494,0.3053,0.1722
2706414,0.2342,0.2268,0.3514
2730751,0.3750,0.4474,0.6275
2752932,0.4167,0.3061,0.4444
2706412,0.2715,0.3793,0.3950
2699654,0.1840,0.2032,0.4038
2760353,0.3922,0.3571,0.8108
2678362,0.2652,0.4144,0.6044
2711433,0.2569,0.6984,0.3036
2730732,0.4000,0.9701,0.4066
2760324,0.4524,0.5714,0.5625
2770473,0.3750,0.3750,0.3827
2706413,0.2238,0.3558,0.3178
2744314,0.2551,0.3966,0.3171
2743913,0.5000,0.7333,0.4375
2722921,0.1111,0.1758,0.2014
2743924,0.3210,0.7231,0.3625
2723689,0.1593,0.2695,0.3048
2711417,0.3000,0.3034,0.5641
2779745,0.3284,0.4815,0.4590
2760411,0.2596,0.3298,0.3893
2739197,0.2222,0.7119,0.3061
2744957,0.4153,0.8472,0.4643
2744264,0.1942,0.2521,0.3750
2784694,0.4583,0.5116,0.5957
2723688,0.1758,0.3434,0.2514
2796763,0.4412,0.4412,0.7778
2760413,0.1436,0.3796,0.2275
2770485,0.1911,0.4865,0.2193
2784763,0.3288,0.4545,0.3596
2779806,0.2353,0.4000,0.4000
2753025,0.1339,0.5055,0.1520
2753010,0.2909,0.3097,0.5730
2717429,0.1986,0.2229,0.3011
2790825,0.3596,0.3867,0.5246
2784765,0.1351,0.3462,0.2027
2796771,0.4000,0.6122,0.3529
2770394,0.2941,0.4923,0.3238
2784762,0.2273,0.9643,0.2424
2817667,0.5484,0.7500,0.7308
2780123,0.2051,0.2584,0.1827
2806644,0.2273,0.3939,0.3333
2784685,0.1479,0.2358,0.1739
2812808,0.2951,0.4909,0.5946
2780125,0.2077,0.1408,0.3232
2780060,0.1744,0.1659,0.3837
2850088,0.1970,0.6226,0.1887
2790832,0.2692,0.4462,0.2969
2835556,0.3830,0.5366,0.3469
2790979,0.1146,0.2350,0.2363
2835819,0.1889,0.2299,0.6429
2770486,0.3261,0.5495,0.4286
2864510,0.1707,0.3462,0.4082
2864511,0.3125,0.3077,0.6591
2813003,0.1732,0.2158,0.3571
2806609,0.2917,0.5781,0.4000
2842965,0.2651,0.3797,0.6190
2872045,0.4565,0.6364,0.5000
2835869,0.1560,0.1444,0.2642
2797008,0.2174,0.3571,0.3974
2796998,0.2252,0.2189,0.3920
2850477,0.1867,0.7105,0.2000
2828485,0.2279,0.1735,0.3632
2856312,0.2444,0.3607,0.1972
2865062,0.3256,0.3210,0.2222
2885633,0.4872,0.6486,0.6944
2885891,0.3590,0.3421,0.6364
2817727,0.2540,0.2393,0.4658
2828381,0.2500,0.5098,0.4032
2856518,0.3099,0.2975,0.3019
2872157,0.4478,0.8222,0.5373
2893637,0.0977,0.2644,0.2444
2898642,0.3962,0.4468,0.5738
2887845,0.4231,0.6375,0.4667
2828649,0.2692,0.2101,0.3113
2864515,0.2105,0.1940,0.2809
2856334,0.2167,0.2597,0.4142
2871924,0.0917,0.3680,0.1633
2843106,0.1630,0.1927,0.3077
2901098,0.2018,0.4167,0.1988
2913788,0.7778,0.7391,0.6364
2893738,0.2121,0.3810,0.2500
2880549,0.0766,0.6522,0.1063
2920174,0.1436,0.1184,0.3393
2893796,0.2277,0.2890,0.2134
2850481,0.2222,0.6437,0.3221
2871869,0.2250,0.5420,0.2754
2880510,0.1500,0.2839,0.2697
2864632,0.1976,0.2276,0.3866
2880632,0.2857,0.3924,0.2680
2913983,0.2405,0.2683,0.6818
2899430,0.1314,0.1959,0.2890
2926231,0.2208,0.1787,0.0794
2926210,0.2468,0.4030,0.3263
2906930,0.2771,0.3415,0.7143
2907277,0.1910,0.5316,0.2095
2900234,0.1311,0.3359,0.2565
2920166,0.1618,0.4851,0.1077
2926232,0.1121,0.5833,0.1762
2907033,0.2214,0.6286,0.2313
2934251,0.0000,0.5909,0.0000
2914372,0.1528,0.2301,0.4553
2872163,0.2708,0.2308,0.3136
2941266,0.5333,0.5139,0.7391
2952145,0.4706,0.5625,0.7241
2961060,0.3585,0.6667,0.3750
2933876,0.2111,0.2300,0.3929
2907037,0.2549,0.3913,0.3291
2934138,0.1737,0.3462,0.2015
2952211,0.3214,0.2568,0.4384
2920191,0.0973,0.5091,0.1514
2920169,0.2500,0.2662,0.3154
2947531,0.0000,0.4507,0.0000
2977027,0.2653,0.3478,0.7143
2925640,0.1850,0.2994,0.4388
2920382,0.1921,0.4960,0.2162
2947537,0.1604,0.2101,0.1974
2914063,0.1736,0.1330,0.3403
2952242,0.2712,0.3571,0.3902
2933961,0.2437,0.3818,0.3263
2914769,0.1877,0.3738,0.2727
2941400,0.2690,0.2899,0.5338
2977013,0.3519,0.3387,0.3165
2961363,0.1152,0.3868,0.1909
2990418,0.3056,0.4127,0.5532
2969405,0.3016,0.3968,0.3871
3001523,0.5588,0.5897,0.6667
2947536,0.1236,0.3358,0.2066
2977957,0.3333,0.5349,0.4754
2969477,0.1769,0.2462,0.4688
2941519,0.1971,0.4000,0.3471
2941516,0.2553,0.5862,0.2766
2990407,0.3684,0.6970,0.5429
2990424,0.4571,0.4468,0.4565
2982333,0.3673,0.3676,0.2698
3017523,0.2584,0.4651,0.3587
2977350,0.1656,0.2092,0.4111
3011979,0.2600,0.3662,0.1807
2977017,0.2637,0.2193,0.3433
3008868,0.4138,0.8000,0.3750
2961200,0.1255,0.2989,0.1862
2982601,0.3544,0.5632,0.3030
2953605,0.2624,0.5843,0.3025
2969501,0.2143,0.3545,0.2635
3023645,0.3913,0.5405,0.6053
3023611,0.2292,0.3774,0.2243
3008756,0.1800,0.4206,0.3011
2991214,0.1939,0.3303,0.3647
3023759,0.3409,0.4839,0.5405
2969810,0.1615,0.2415,0.2894
3011897,0.1619,0.2766,0.2741
3029898,0.2857,0.3492,0.7600
3008761,0.2054,0.6111,0.2432
3029890,0.3590,0.3684,0.8800
3001563,0.3827,0.7619,0.3596
3042579,0.4054,0.6286,0.4103
3011956,0.1310,0.4750,0.1909
3017566,0.1605,0.3519,0.3020
3001559,0.3226,0.8696,0.3021
3008760,0.2478,0.2738,0.2595
2982367,0.2738,0.4658,0.3684
2997335,0.3070,0.2901,0.4848
2997560,0.1986,0.3226,0.3525
3011955,0.2121,0.4556,0.3261
3055458,0.3902,0.5667,0.5714
3048941,0.3220,0.3448,0.8261
3008869,0.1927,0.1560,0.2093
3023578,0.2609,0.5000,0.3973
3018345,0.1344,0.3542,0.1365
3036125,0.3243,0.4103,0.4857
3042506,0.1298,0.1602,0.2261
3055526,0.2651,0.2366,0.4082
3048945,0.2625,0.3867,0.2843
2997772,0.1647,0.2037,0.3023
3042606,0.2045,0.6154,0.2667
3029885,0.3714,0.3247,0.5342
3023717,0.1688,0.5082,0.2124
3024103,0.1865,0.7143,0.1718
3061858,0.1543,0.2186,0.3978
3029904,0.2273,0.4896,0.3308
3055459,0.2692,0.4848,0.3714
3074198,0.3704,0.5217,0.7273
3042610,0.2763,0.5735,0.4000
3036123,0.3363,0.5854,0.4948
3074227,0.2716,0.3000,0.7879
3074989,0.3896,0.8333,0.3544
3074607,0.3548,0.7027,0.3906
3036443,0.2885,0.3438,0.2857
3048957,0.3139,0.7436,0.3750
3048935,0.1694,0.1646,0.2698
3036146,0.1256,0.2584,0.2585
3042537,0.1402,0.2038,0.5472
3055451,0.1168,0.3059,0.2045
3062508,0.2203,0.5000,0.2593
3083791,0.4706,0.6207,0.6786
3061857,0.2743,0.6290,0.3495
3072233,0.1484,0.2582,0.2983
3068178,0.4844,0.5965,0.6071
3090086,0.6429,0.7000,0.5938
3075828,0.2243,0.3021,0.4167
3070360,0.0965,0.2625,0.2222
3068192,0.3426,0.4215,0.4519
3064277,0.2686,0.3574,0.2149
3072300,0.3333,0.5366,0.3626
3075017,0.2071,0.3646,0.3333
3075083,0.3103,0.5667,0.4146
3090087,0.2267,0.7742,0.2400
3083863,0.2521,0.3495,0.3913
3083806,0.2742,0.4390,0.4643
3069249,0.1341,0.4250,0.2466
3074851,0.2598,0.3678,0.3523
3076321,0.1839,0.3373,0.1961
3096537,0.2871,0.2830,0.5385
3072742,0.1553,0.5766,0.2190
3109508,0.2787,0.4082,0.3800
3084199,0.3966,0.2889,0.4559
3083815,0.3373,0.3855,0.4945
3090115,0.1223,0.1558,0.3419
3103047,0.3125,0.4915,0.4493
3103053,0.4222,0.5641,0.4878
3103051,0.3191,0.4419,0.4694
3129093,0.4615,0.6818,0.5217
3096642,0.1111,0.3015,0.1107
3084209,0.1513,0.6915,0.1742
3109517,0.2727,0.8293,0.3182
3122526,0.3030,0.5385,0.3818
3109422,0.1983,0.5781,0.2525
3076354,0.2054,0.4366,0.2366
3096447,0.1008,0.3714,0.1778
3085798,0.3333,0.2951,0.5888
3090092,0.1290,0.1423,0.4205
3129316,0.1597,0.2683,0.4762
3129227,0.1183,0.1042,0.7500
3103136,0.2391,0.2987,0.5273
3109337,0.1471,0.2778,0.2534
3109385,0.2628,0.3284,0.4756
3090122,0.1818,0.3333,0.2692
3130091,0.4000,0.4286,0.5000
3129318,0.2035,0.3069,0.2673
3147946,0.1683,0.2039,0.5294
3130085,0.2895,0.4865,0.4783
3122556,0.1954,0.4021,0.3061
3122560,0.4058,0.5278,0.3789
3122528,0.2877,0.7955,0.3000
3147930,0.3194,0.5208,0.3333
3135597,0.3469,0.2989,0.2234
3116003,0.1491,0.1532,0.6765
3115911,0.2166,0.3651,0.2829
3160849,0.3929,0.4839,0.4412
3112012,0.1838,0.9327,0.1844
3129123,0.4516,0.7600,0.5185
3135631,0.4118,0.6304,0.5405
3103164,0.2047,0.5730,0.2238
3135634,0.3051,0.5192,0.5111
3122660,0.1538,0.2920,0.2683
3117999,0.1244,0.7161,0.1446
3136308,0.3425,0.3077,0.4556
3109370,0.1951,0.3950,0.2500
3170100,0.5600,0.5600,1.0000
3170098,0.2614,0.4000,0.3294
3154267,0.0000,0.5000,0.0000
3160830,0.4091,0.4565,0.5306
3122530,0.1752,0.8571,0.1729
3141693,0.1622,0.4628,0.2239
3176436,0.2151,0.2364,0.3467
3167032,0.1515,0.2243,0.4355
3176376,0.5000,0.5862,0.7333
3160824,0.2752,0.3019,0.4186
3188990,0.3902,0.5312,0.3750
3136012,0.2358,0.5506,0.3190
3147990,0.2020,0.8070,0.2842
3141632,0.1630,0.2536,0.4277
3154280,0.2632,0.4182,0.4000
3161139,0.5370,0.5125,0.4595
3170090,0.1818,0.3860,0.2542
3161157,0.3818,0.4810,0.3014
3167624,0.1546,0.4952,0.1806
3188967,0.1397,0.1407,0.9600
3182642,0.2388,0.3333,0.7105
3176392,0.1909,0.4265,0.3103
3176597,0.2647,0.2018,0.2400
3189000,0.1667,0.4675,0.3607
3201948,0.3860,0.4340,0.8333
3201951,0.2933,0.4058,0.5714
3182782,0.2587,0.2539,0.3293
3195493,0.1883,0.2207,0.4138
3182691,0.1317,0.4196,0.2426
3195447,0.2676,0.4902,0.3750
3182737,0.2803,0.6000,0.3214
3189257,0.1070,0.7802,0.0904
3195514,0.2148,0.3246,0.4127
3176400,0.2719,0.4545,0.4505
3214407,0.2469,0.3088,0.5789
3189170,0.2581,0.7067,0.3041
3196102,0.2114,0.3651,0.3645
3189057,0.3333,0.4348,0.2179
3197740,0.1397,0.2273,0.3269
3208181,0.3673,0.4151,0.5200
3220468,0.1942,0.7812,0.2500
3201958,0.2655,0.3956,0.3694
3189058,0.1884,0.2485,0.3316
3197717,0.2089,0.4412,0.2824
3199596,0.3214,0.8095,0.3951
3230890,0.6296,0.9091,0.6429
3214471,0.3529,0.6923,0.3077
3195486,0.1644,0.3699,0.2400
3208182,0.1905,0.9565,0.1905
3197619,0.3299,0.3558,0.4206
3182721,0.2039,0.2712,0.3023
3199750,0.3594,0.3412,0.4045
3237212,0.3750,0.6667,0.3830
3208138,0.2500,0.4194,0.3684
3208151,0.2137,0.5347,0.2556
3220499,0.2441,0.2893,0.3205
3200476,0.1477,0.2755,0.2842
3220524,0.1576,0.2288,0.4205
3214435,0.2091,0.3333,0.4058
3226676,0.2743,0.3981,0.4857
3230805,0.2857,0.3279,0.5106
3237972,0.2857,0.5143,0.2121
3226720,0.1615,0.3714,0.2805
3214738,0.2198,0.5104,0.3131
3237179,0.4500,0.5128,0.7667
3237204,0.3415,0.8571,0.3256
3237175,0.2727,0.3158,0.6863
3208219,0.2667,0.6533,0.3789
3237177,0.2500,0.4521,0.4000
3237818,0.2197,0.5667,0.3008
3250251,0.1857,0.2469,0.4359
3237202,0.1497,0.2923,0.2132
3220480,0.2518,0.1899,0.3200
3256429,0.1915,0.2095,0.3265
3256430,0.1771,0.2041,0.3824
3230965,0.1571,0.3309,0.2943
3243526,0.3750,0.4615,0.3824
3237891,0.1651,0.8072,0.1771
3230778,0.4085,0.4306,0.4691
3237198,0.3889,0.3261,0.2614
3243475,0.2100,0.2895,0.3881
3263602,0.1386,0.4865,0.1376
3266292,0.3750,0.4571,0.2791
3249907,0.6087,0.9091,0.6818
3256441,0.2632,0.2889,0.2941
3237381,0.2182,0.2339,0.3838
3243622,0.1613,0.2137,0.5273
3237348,0.1590,0.2487,0.2780
3262436,0.1979,0.3778,0.2424
3272747,0.4286,0.4130,0.3400
3272772,0.1186,0.1179,0.6341
3237275,0.1626,0.4458,0.1852
3256443,0.4783,0.8500,0.5500
3227132,0.1015,0.1568,0.2265
3243487,0.2160,0.3636,0.3274
3266267,0.4286,0.8000,0.3830
3272732,0.1690,0.2203,0.3176
3243494,0.2168,0.2500,0.4082
3269737,0.2342,0.3793,0.2901
3266269,0.2748,0.4066,0.3551
3297889,0.5312,0.8400,0.4688
3263237,0.1678,0.2000,0.3288
3262850,0.1502,0.2081,0.2446
3243762,0.2582,0.9449,0.2705
3272740,0.1707,0.3130,0.3684
3278951,0.1783,0.2418,0.4844
3291767,0.6333,0.6774,0.5278
3257068,0.2014,0.4949,0.3357
3249908,0.1561,0.3519,0.3067
3279097,0.3415,0.6182,0.3857
3285527,0.2366,0.3667,0.4375
3304018,0.4583,0.8438,0.5227
3279371,0.1650,0.6373,0.2785
3266537,0.1686,0.4430,0.2294
3297871,0.1692,0.1935,0.5357
3297979,0.1102,0.1823,0.2691
3285525,0.2564,0.3538,0.3469
3323072,0.3492,0.4423,0.4510
3285517,0.3962,0.7073,0.5294
3291785,0.2476,0.2727,0.3689
3304006,0.3571,0.2658,0.4667
3285766,0.1765,0.5000,0.3299
3272770,0.1674,0.1674,0.4565
3291803,0.4310,0.4828,0.5070
3329132,0.4889,0.6098,0.7353
3323045,0.2500,0.4333,0.3614
3303982,0.2396,0.3506,0.4388
3310446,0.2418,0.4643,0.2596
3298046,0.2737,0.3830,0.3750
3272870,0.1913,0.3333,0.3814
3304005,0.1858,0.2771,0.2593
3335342,0.2712,0.3333,0.5161
3310422,0.2500,0.2162,0.3523
3291954,0.1522,0.3464,0.2477
3310426,0.2241,0.3800,0.4032
3345511,0.3103,0.3214,0.5217
3329159,0.2527,0.2844,0.4242
3303988,0.3070,0.5000,0.3033
3310427,0.3333,0.5161,0.3469
3345512,0.1978,0.2692,0.4634
3304008,0.4324,0.4022,0.5395
3310755,0.1068,0.3285,0.1719
3335333,0.2018,0.2734,0.3667
3329182,0.2784,0.5897,0.3684
3357724,0.5000,0.6957,0.7500
3329287,0.1865,0.2184,0.3981
3316627,0.1652,0.1185,0.2402
3323154,0.1480,0.8654,0.1704
3329158,0.1634,0.2301,0.3421
3316629,0.2824,0.6154,0.3500
3342027,0.2857,0.8571,0.2857
3323098,0.3119,0.3200,0.3725
3351642,0.3529,0.3846,0.6078
3362766,0.1875,0.2065,0.4167
3342276,0.1319,0.2469,0.2878
3351697,0.2078,0.3333,0.5946
3316644,0.1358,0.6500,0.1803
3362918,0.3529,0.6591,0.4348
3335348,0.2222,0.8378,0.2125
3362806,0.3425,0.4337,0.3690
3335318,0.3465,0.6053,0.4851
3341990,0.2353,0.3061,0.3404
3362944,0.4762,0.8750,0.5366
3374607,0.4872,0.3673,0.5435
3345549,0.1761,0.1814,0.2541
3357733,0.2418,0.6283,0.2018
3351649,0.1646,0.2143,0.4795
3362883,0.3571,0.6129,0.5588
3363301,0.4717,0.3944,0.4638
3358234,0.1912,0.2308,0.1961
3335321,0.2887,0.8780,0.3196
3345630,0.1383,0.3506,0.1657
3335727,0.1123,0.1476,0.2669
3386619,0.4255,0.4490,0.4545
3362782,0.2456,0.5618,0.2848
3386528,0.3077,0.6765,0.4333
3362796,0.2809,0.5315,0.3860
3374679,0.2857,0.4062,0.4286
3362887,0.2984,0.3538,0.4224
3362856,0.2387,0.8125,0.2683
3368287,0.1928,0.1727,0.2227
3374615,0.2623,0.4773,0.3651
3341491,0.1287,0.4762,0.1688
3402614,0.4898,0.4127,0.4000
3368264,0.1824,0.1988,0.3333
3386546,0.1592,0.1829,0.5312
3407095,0.2626,0.3735,0.3594
3392738,0.2870,0.1841,0.2394
3386542,0.3067,0.3968,0.4400
3363407,0.1867,0.3958,0.2549
3402566,0.3913,0.5873,0.4783
3410913,0.2027,0.2794,0.4286
3396879,0.2281,0.2458,0.2238
3380428,0.2524,0.4792,0.3537
3386717,0.2385,0.3813,0.3431
3374638,0.1951,0.2911,0.2966
3386616,0.2524,0.7458,0.3204
3414829,0.0000,0.4107,0.0102
3410984,0.2581,0.2830,0.4839
3392125,0.3587,0.4045,0.5294
3368373,0.1288,0.6989,0.1632
3402891,0.2030,0.9800,0.1955
3410906,0.1933,0.1931,0.3239
3374733,0.1538,0.2217,0.3119
3380374,0.2667,0.3625,0.3636
3392249,0.2464,0.2797,0.4924
3407101,0.5000,1.0000,0.5000
3418018,0.5429,0.5405,0.5143
3407108,0.2685,0.4186,0.4714
3396888,0.1546,0.3047,0.2647
3402649,0.1695,0.4762,0.1646
3411035,0.2970,0.3889,0.5224
3402562,0.4237,0.4355,0.4306
3407639,0.1730,0.6269,0.2055
3407113,0.1634,0.3444,0.2900
3418014,0.2360,0.3732,0.1691
3410944,0.3171,0.6316,0.3977
1164716,0.1712,0.7234,0.1827
3414841,0.1614,0.3050,0.3028
3407896,0.1257,0.2642,0.2886
1102661,0.3300,0.3882,0.4918
3415426,0.1895,0.2302,0.3441
2850493,0.2037,0.1496,0.1911
3418027,0.1667,0.2123,0.3750
1833499,0.1009,0.8378,0.1231
876172,0.1486,0.2094,0.2973
2576118,0.4000,0.9259,0.4000
368339,0.1483,0.4602,0.2458
218090,0.3077,0.6308,0.4058
185883,0.1930,0.4648,0.2927
3286272,0.1921,0.3846,0.2911
2168389,0.3836,0.6379,0.3556
1339168,0.2500,0.4385,0.3750
616577,0.2588,0.5000,0.2875
2947518,0.2000,0.1953,0.2770
2591920,0.1635,0.1677,0.3256
385815,0.2838,0.7200,0.3836
91551,0.1376,0.4839,0.2304
368962,0.2132,0.6818,0.2754
31644,0.1943,0.6420,0.2749
519127,0.1956,0.6262,0.2158
3003022,0.3211,0.4149,0.4954
846979,0.1321,0.5753,0.1384
663693,0.0000,0.6908,0.0000
75874,0.3182,0.3833,0.3167
762352,0.1757,0.5176,0.2384
730318,0.1893,0.1968,0.3250
882652,0.2403,0.2778,0.3758
1178288,0.1097,0.2866,0.1593
869825,0.1469,0.3733,0.2278
1549734,0.2197,0.6316,0.2470
457024,0.3095,0.5645,0.3371
672446,0.1786,0.3617,0.1784
1024291,0.2069,0.9020,0.2168
1740435,0.2188,0.3789,0.3855
882515,0.1953,0.7879,0.2252
795841,0.0889,0.4717,0.1473
1302326,0.2087,0.2872,0.3950
2880418,0.3117,0.3333,0.3085
2017324,0.1732,0.2960,0.2781
1764442,0.2136,0.1984,0.2479
1696340,0.2868,0.5506,0.4054
2303878,0.0706,0.3932,0.1330
2303897,0.2115,0.8814,0.2056
1735661,0.2667,0.4776,0.3274
2147430,0.1711,0.2653,0.3068
1950228,0.0960,0.3902,0.1686
3072537,0.2273,0.3769,0.2500
3182847,0.1556,0.2933,0.2203
3392118,0.5455,0.6571,0.7500
3154346,0.1649,0.2025,0.2800
3357831,0.1881,0.6774,0.1818
3204812,0.1742,0.2722,0.2037
3279195,0.1812,0.5038,0.2517
3368277,0.1827,0.5510,0.2021
3250833,0.1538,0.5195,0.2361
3291920,0.2233,0.6800,0.3034
444171,0.2167,0.4737,0.3400
56242,0.1818,0.2994,0.3288
3381214,0.2099,0.4062,0.2905
3357742,0.1734,0.1760,0.2923
499121,0.1891,0.3230,0.2982
344359,0.1585,0.1954,0.4066
3368272,0.2265,0.3373,0.3019
411344,0.2048,0.3910,0.2653
3411684,0.1818,0.2428,0.2624
69584,0.3679,0.4112,0.4655
169147,0.1643,0.8333,0.1840
208643,0.2459,0.4000,0.3762
3362905,0.2661,0.5327,0.3111
315722,0.2371,0.5745,0.3708
1574181,0.1754,0.1870,0.2472
864013,0.2328,0.2055,0.3720
1618389,0.2727,1.0000,0.2727
616819,0.1524,0.4444,0.2054
1186965,0.2095,0.2075,0.2073
451233,0.2194,0.7703,0.2267
1740437,0.1398,0.3252,0.1872
824521,0.1511,0.3000,0.3149
1374333,0.1786,0.5833,0.1761
1244189,0.2374,1.0000,0.2374
2723710,0.2418,0.2568,0.3986
932644,0.1291,0.5602,0.2009
2997588,0.1963,0.2566,0.1929
1995669,0.1840,0.4144,0.2640
3202160,0.2743,0.3214,0.3361
average,0.2649,0.4546,0.3787
