submission_id,h1,h2,N1,N2,vocabulary,length,calculated_length,volume,difficulty,effort,time_sec,bugs,cyclomatic,sloc,lloc,comment_rate,mi_std,mi_custom
47,2,5,3,6,7,9,13.61,25.27,1.2,30.32,1.68,0.0084,3,12,12,0.0,66.23,66.23
126,3,13,11,22,16,33,52.86,132.0,2.54,335.08,18.62,0.044,7,17,17,0.0,57.37,57.37
2269,4,8,8,16,12,24,32.0,86.04,4.0,344.16,19.12,0.0287,4,14,14,0.0,60.91,60.91
6317,6,36,30,70,42,100,201.63,539.23,5.83,3145.52,174.75,0.1797,20,38,38,0.0,43.72,43.72
13097,4,9,6,12,13,18,36.53,66.61,2.67,177.62,9.87,0.0222,5,17,17,0.0,59.72,59.72
13551,4,12,10,20,16,30,51.02,120.0,3.33,400.0,22.22,0.04,7,23,23,0.0,54.8,54.8
13664,2,15,12,24,17,36,60.6,147.15,1.6,235.44,13.08,0.049,10,25,26,0.0,52.61,52.61
19968,8,11,12,22,19,34,62.05,144.43,8.0,1155.44,64.19,0.0481,4,16,16,0.0,58.07,58.07
20121,6,12,7,14,18,21,58.53,87.57,3.5,306.49,17.03,0.0292,3,13,13,15.38,82.93,82.93
20647,9,25,22,44,34,66,144.63,335.77,7.92,2659.32,147.74,0.1119,23,63,63,0.0,40.1,39.97
27892,6,50,46,92,56,138,297.7,801.41,5.52,4423.81,245.77,0.2671,21,47,47,0.0,40.37,40.37
27941,11,43,32,59,54,91,271.38,523.69,7.55,3952.07,219.56,0.1746,16,65,65,3.08,49.52,49.66
30695,4,13,8,15,17,23,56.11,94.01,2.31,216.95,12.05,0.0313,8,27,27,14.81,74.81,74.81
32545,5,8,7,14,13,21,35.61,77.71,4.38,339.98,18.89,0.0259,6,16,16,0.0,59.69,59.69
33321,5,11,17,33,16,50,49.66,200.0,7.5,1500.0,83.33,0.0667,8,22,22,0.0,53.53,53.53
39142,5,18,20,40,23,60,86.67,271.41,5.56,1507.85,83.77,0.0905,13,30,30,0.0,48.99,48.99
45936,5,22,12,26,27,38,109.72,180.69,2.95,533.84,29.66,0.0602,11,25,25,0.0,52.22,52.22
46428,7,16,12,24,23,36,83.65,162.85,5.25,854.95,47.5,0.0543,9,19,19,0.0,55.54,55.41
52537,8,25,19,32,33,51,140.1,257.26,5.12,1317.19,73.18,0.0858,14,37,38,0.0,46.78,46.78
52900,4,11,8,16,15,24,46.05,93.77,2.91,272.77,15.15,0.0313,4,15,15,0.0,60.0,60.0
55553,3,10,5,10,13,15,37.97,55.51,1.5,83.26,4.63,0.0185,8,25,25,0.0,56.35,56.22
59962,9,61,50,100,70,150,390.3,919.39,7.38,6782.4,376.8,0.3065,5,52,52,1.92,49.43,49.43
60092,5,8,7,13,13,20,35.61,74.01,4.06,300.66,16.7,0.0247,5,21,22,0.0,57.09,56.96
65738,2,4,5,10,6,15,10.0,38.77,2.5,96.94,5.39,0.0129,5,16,16,0.0,61.94,61.94
65740,3,7,4,8,10,12,24.41,39.86,1.71,68.34,3.8,0.0133,1,7,7,0.0,70.22,70.22
65995,5,8,7,13,13,20,35.61,74.01,4.06,300.66,16.7,0.0247,6,24,27,0.0,55.02,54.88
73002,3,8,4,8,11,12,28.75,41.51,1.5,62.27,3.46,0.0138,9,19,19,0.0,59.56,59.56
73007,5,14,11,22,19,33,64.91,140.18,3.93,550.71,30.6,0.0467,5,15,15,0.0,58.78,58.64
73585,3,4,3,6,7,9,12.75,25.27,2.25,56.85,3.16,0.0084,2,7,7,0.0,71.48,71.48
79294,3,13,9,18,16,27,52.86,108.0,2.08,224.31,12.46,0.036,14,34,34,5.88,64.56,64.56
80115,5,11,7,13,16,20,49.66,80.0,2.95,236.36,13.13,0.0267,6,18,18,0.0,58.49,58.49
90017,2,3,2,3,5,5,6.75,11.61,1.0,11.61,0.64,0.0039,1,6,6,0.0,75.44,75.44
92079,4,10,7,14,14,21,41.22,79.95,2.8,223.87,12.44,0.0267,5,12,12,0.0,62.46,62.46
92163,11,44,33,65,55,98,278.27,566.57,8.12,4603.41,255.74,0.1889,5,23,23,0.0,50.34,50.34
92791,4,19,14,28,23,42,88.71,189.99,2.95,559.97,31.11,0.0633,9,21,21,0.0,53.99,53.99
92833,9,22,13,24,31,37,126.64,183.31,4.91,899.86,49.99,0.0611,8,30,30,0.0,50.86,50.86
99074,4,14,8,16,18,24,61.3,100.08,2.29,228.75,12.71,0.0334,7,15,15,0.0,59.4,59.4
99111,6,26,22,41,32,63,137.72,315.0,4.73,1490.19,82.79,0.105,14,40,40,0.0,45.68,45.68
105411,5,12,11,22,17,33,54.63,134.89,4.58,618.23,34.35,0.045,2,9,9,0.0,64.0,64.0
105521,2,4,2,4,6,6,10.0,15.51,1.0,15.51,0.86,0.0052,4,15,16,0.0,64.86,64.86
112199,5,9,8,16,14,24,40.14,91.38,4.44,406.12,22.56,0.0305,2,13,13,0.0,61.57,61.7
118431,2,6,4,8,8,12,17.51,36.0,1.33,48.0,2.67,0.012,1,6,6,0.0,71.99,71.99
119336,3,7,4,8,10,12,24.41,39.86,1.71,68.34,3.8,0.0133,6,21,21,0.0,59.14,59.14
119342,4,12,10,20,16,30,51.02,120.0,3.33,400.0,22.22,0.04,6,14,14,0.0,59.63,59.63
125226,6,20,18,32,26,50,101.95,235.02,4.8,1128.11,62.67,0.0783,11,36,36,0.0,47.97,47.97
132357,6,12,7,14,18,21,58.53,87.57,3.5,306.49,17.03,0.0292,3,19,19,0.0,58.1,58.1
134628,5,35,31,59,40,90,191.13,478.97,4.21,2018.53,112.14,0.1597,20,49,49,6.12,56.02,56.02
138721,3,7,4,8,10,12,24.41,39.86,1.71,68.34,3.8,0.0133,7,19,19,0.0,59.96,59.96
140667,2,4,2,4,6,6,10.0,15.51,1.0,15.51,0.86,0.0052,1,6,6,0.0,74.55,74.55
145319,5,14,17,34,19,51,64.91,216.64,6.07,1315.34,73.07,0.0722,6,28,28,0.0,51.27,51.27
146515,0,0,0,0,0,0,0,0,0,0,0.0,0.0,1,4,4,0.0,100.0,100.0
147162,5,10,6,12,15,18,44.83,70.32,3.0,210.97,11.72,0.0234,8,19,19,0.0,58.1,58.1
148905,2,3,2,4,5,6,6.75,13.93,1.33,18.58,1.03,0.0046,3,11,11,0.0,68.87,68.87
152784,9,15,12,22,24,34,87.13,155.89,6.6,1028.87,57.16,0.052,6,18,18,0.0,56.46,56.46
153749,6,63,58,126,69,184,392.08,1123.97,6.0,6743.81,374.66,0.3747,49,82,82,2.44,39.6,39.6
154797,4,7,4,8,11,12,27.65,41.51,2.29,94.89,5.27,0.0138,6,18,18,0.0,60.48,60.48
159033,2,10,5,10,12,15,35.22,53.77,1.0,53.77,2.99,0.0179,2,8,8,0.0,67.91,67.91
159238,5,11,7,14,16,21,49.66,84.0,3.18,267.27,14.85,0.028,5,18,18,0.0,58.47,58.47
159240,5,43,33,72,48,105,244.94,586.42,4.19,2454.79,136.38,0.1955,23,33,33,0.0,44.4,44.4
162836,8,32,38,75,40,113,184.0,601.38,9.38,5637.92,313.22,0.2005,34,97,97,0.0,32.63,32.63
162839,7,51,38,88,58,126,308.95,738.11,6.04,4457.58,247.64,0.246,32,40,40,0.0,40.67,40.67
169286,5,18,12,24,23,36,86.67,162.85,3.33,542.83,30.16,0.0543,8,18,18,0.0,56.05,56.05
171693,6,22,13,28,28,41,113.62,197.1,3.82,752.57,41.81,0.0657,11,27,28,0.0,50.88,50.88
172201,2,10,6,12,12,18,35.22,64.53,1.2,77.44,4.3,0.0215,3,13,14,0.0,61.92,61.92
174115,6,18,12,23,24,35,90.57,160.47,3.83,615.15,34.17,0.0535,9,26,26,0.0,52.48,52.48
178275,3,5,6,12,8,18,16.36,54.0,3.6,194.4,10.8,0.018,5,20,20,0.0,58.82,58.82
178335,4,12,9,18,16,27,51.02,108.0,3.0,324.0,18.0,0.036,3,13,13,0.0,61.06,61.06
178344,6,12,10,20,18,30,58.53,125.1,5.0,625.49,34.75,0.0417,5,16,16,0.0,58.38,58.38
184937,5,9,8,16,14,24,40.14,91.38,4.44,406.12,22.56,0.0305,3,10,10,0.0,64.05,64.05
186540,5,12,11,22,17,33,54.63,134.89,4.58,618.23,34.35,0.045,9,50,50,0.0,46.81,46.81
188429,2,7,4,8,9,12,21.65,38.04,1.14,43.47,2.42,0.0127,6,13,13,0.0,63.83,63.83
191418,2,12,9,18,14,27,45.02,102.8,1.5,154.2,8.57,0.0343,9,22,22,0.0,55.42,55.42
192136,5,17,14,28,22,42,81.1,187.3,4.12,771.22,42.85,0.0624,3,13,13,0.0,59.38,59.38
195257,5,23,20,42,28,62,115.65,298.06,4.57,1360.69,75.59,0.0994,11,19,19,10.53,71.51,71.51
199687,9,22,18,34,31,52,126.64,257.62,6.95,1791.62,99.53,0.0859,13,25,26,0.0,50.5,50.5
200165,2,7,4,8,9,12,21.65,38.04,1.14,43.47,2.42,0.0127,2,8,8,0.0,68.97,68.97
200167,7,12,8,14,19,22,62.67,93.45,4.08,381.61,21.2,0.0312,7,30,26,0.0,54.39,54.39
205014,9,48,27,56,57,83,296.61,484.13,5.25,2541.68,141.2,0.1614,14,31,31,29.03,73.33,73.06
211035,4,5,4,7,9,11,19.61,34.87,2.8,97.63,5.42,0.0116,4,13,13,0.0,64.36,64.36
211368,1,2,1,2,3,3,2.0,4.75,0.5,2.38,0.13,0.0016,2,8,8,0.0,75.29,75.29
211375,5,17,9,18,22,27,81.1,120.4,2.65,318.72,17.71,0.0401,4,19,19,0.0,57.13,57.0
218888,7,18,14,28,25,42,94.71,195.04,5.44,1061.9,58.99,0.065,5,38,38,0.0,48.83,48.83
219465,5,12,8,16,17,24,54.63,98.1,3.33,327.0,18.17,0.0327,2,10,10,0.0,63.97,63.97
220199,5,11,9,18,16,27,49.66,108.0,4.09,441.82,24.55,0.036,5,27,28,0.0,53.52,53.52
220207,3,9,11,18,12,29,33.28,103.96,3.0,311.89,17.33,0.0347,7,19,19,0.0,57.04,57.04
222199,7,34,30,58,41,88,192.63,471.46,5.97,2814.92,156.38,0.1572,12,36,37,0.0,45.46,45.46
224899,1,1,1,1,2,2,0.0,2.0,0.5,1.0,0.06,0.0007,4,13,13,0.0,73.05,73.05
225018,2,2,2,4,4,6,4.0,12.0,2.0,24.0,1.33,0.004,0,10,10,0.0,70.23,70.63
226689,6,18,15,30,24,45,90.57,206.32,5.0,1031.62,57.31,0.0688,6,26,26,0.0,52.12,52.12
230355,4,6,5,10,10,15,23.51,49.83,3.33,166.1,9.23,0.0166,2,7,7,0.0,69.41,69.41
231061,1,3,2,4,4,6,4.75,12.0,0.67,8.0,0.44,0.004,3,10,10,0.0,70.23,70.23
231063,5,25,18,36,30,54,127.71,264.97,3.6,953.9,52.99,0.0883,8,19,19,0.0,54.06,54.06
234221,5,34,27,54,39,81,184.58,428.12,3.97,1699.88,94.44,0.1427,10,27,27,0.0,49.01,49.01
236606,5,9,7,14,14,21,40.14,79.95,3.89,310.93,17.27,0.0267,12,35,35,0.0,51.38,51.38
236615,9,33,26,54,42,80,194.99,431.39,7.36,3176.57,176.48,0.1438,18,32,32,0.0,46.57,46.3
243459,2,6,3,6,8,9,17.51,27.0,1.0,27.0,1.5,0.009,1,6,6,0.0,72.87,72.87
246741,7,31,41,78,38,119,173.23,624.5,8.81,5499.66,305.54,0.2082,25,60,60,0.0,38.27,38.27
249795,2,27,35,70,29,105,130.38,510.09,2.59,1322.45,73.47,0.17,12,54,42,0.0,44.02,44.02
249798,5,11,10,18,16,28,49.66,112.0,4.09,458.18,25.45,0.0373,8,17,17,0.0,57.73,57.73
249868,4,13,9,18,17,27,56.11,110.36,2.77,305.62,16.98,0.0368,6,15,15,0.0,59.23,59.23
251915,6,29,21,42,35,63,156.39,323.14,4.34,1404.01,78.0,0.1077,3,17,17,0.0,55.18,55.18
256380,7,17,16,32,24,48,89.14,220.08,6.59,1449.93,80.55,0.0734,3,16,16,0.0,56.93,56.93
256381,4,8,6,12,12,18,32.0,64.53,3.0,193.59,10.75,0.0215,1,11,13,0.0,62.89,62.89
262960,8,52,37,71,60,108,320.42,637.94,5.46,3484.16,193.56,0.2126,7,52,52,0.0,41.99,41.99
269557,2,4,3,6,6,9,10.0,23.26,1.5,34.9,1.94,0.0078,3,14,14,0.0,65.03,65.03
269813,3,6,3,6,9,9,20.26,28.53,1.5,42.79,2.38,0.0095,1,5,5,0.0,74.43,74.43
270632,5,35,21,45,40,66,191.13,351.25,3.21,1129.01,62.72,0.1171,4,37,36,0.0,47.69,47.69
276001,3,12,8,16,15,24,47.77,93.77,2.0,187.53,10.42,0.0313,3,12,13,0.0,61.49,61.49
276004,4,9,7,14,13,21,36.53,77.71,3.11,241.76,13.43,0.0259,1,11,11,0.0,63.91,63.91
277555,4,14,13,26,18,39,61.3,162.63,3.71,604.04,33.56,0.0542,8,20,20,10.0,72.88,72.88
282306,5,10,6,11,15,17,44.83,66.42,2.75,182.65,10.15,0.0221,5,13,14,0.0,61.57,61.57
282508,2,8,6,12,10,18,26.0,59.79,1.5,89.69,4.98,0.0199,4,16,16,0.0,60.76,60.76
282647,4,16,13,26,20,39,72.0,168.56,3.25,547.8,30.43,0.0562,10,21,21,0.0,54.22,54.22
291677,7,22,25,48,29,73,117.76,354.63,7.64,2708.1,150.45,0.1182,9,39,39,0.0,46.23,46.23
294765,6,14,12,24,20,36,68.81,155.59,5.14,800.17,44.45,0.0519,3,14,14,0.0,59.25,59.25
294959,7,16,14,28,23,42,83.65,189.99,6.12,1163.69,64.65,0.0633,9,33,33,0.0,49.71,49.71
301434,5,13,10,20,18,30,59.72,125.1,3.85,481.15,26.73,0.0417,6,15,15,13.33,78.92,78.92
301649,4,10,6,11,14,17,41.22,64.73,2.2,142.4,7.91,0.0216,6,19,19,0.0,58.62,58.62
307902,1,2,1,2,3,3,2.0,4.75,0.5,2.38,0.13,0.0016,2,5,5,0.0,79.74,79.74
308083,1,2,1,2,3,3,2.0,4.75,0.5,2.38,0.13,0.0016,1,5,5,0.0,79.88,79.88
308357,1,2,1,2,3,3,2.0,4.75,0.5,2.38,0.13,0.0016,1,5,5,0.0,79.88,79.88
308359,2,4,2,4,6,6,10.0,15.51,1.0,15.51,0.86,0.0052,2,7,7,0.0,72.96,72.96
308381,3,5,3,6,8,9,16.36,27.0,1.8,48.6,2.7,0.009,1,4,4,0.0,76.71,76.71
308382,2,7,5,10,9,15,21.65,47.55,1.43,67.93,3.77,0.0158,1,4,4,0.0,74.99,74.99
308388,8,20,16,32,28,48,110.44,230.75,6.4,1476.82,82.05,0.0769,8,17,17,0.0,55.67,55.54
308695,4,15,13,26,19,39,66.6,165.67,3.47,574.32,31.91,0.0552,9,21,21,0.0,54.41,54.41
308698,4,8,4,8,12,12,32.0,43.02,2.0,86.04,4.78,0.0143,3,12,12,0.0,64.62,64.62
308703,3,9,5,10,12,15,33.28,53.77,1.67,89.62,4.98,0.0179,1,5,5,0.0,72.5,72.5
308917,4,15,9,18,19,27,66.6,114.69,2.4,275.27,15.29,0.0382,2,16,16,0.0,59.04,59.04
308932,4,8,5,9,12,14,32.0,50.19,2.25,112.93,6.27,0.0167,5,13,13,0.0,63.12,63.12
308959,3,10,6,11,13,17,37.97,62.91,1.65,103.8,5.77,0.021,1,9,10,0.0,65.46,65.46
308985,5,26,29,58,31,87,133.82,431.02,5.58,2403.74,133.54,0.1437,1,24,24,12.5,70.87,70.87
309060,2,9,6,12,11,18,30.53,62.27,1.33,83.03,4.61,0.0208,1,6,6,0.0,70.33,70.33
314332,2,6,5,10,8,15,17.51,45.0,1.67,75.0,4.17,0.015,5,15,15,0.0,62.1,62.1
315229,3,5,4,8,8,12,16.36,36.0,2.4,86.4,4.8,0.012,7,18,18,0.0,60.78,60.78
320852,4,7,7,13,11,20,27.65,69.19,3.71,256.99,14.28,0.0231,2,17,17,0.0,60.01,60.01
321399,3,14,11,22,17,33,58.06,134.89,2.36,317.95,17.66,0.045,13,30,30,10.0,68.93,68.93
327651,5,23,16,29,28,45,115.65,216.33,3.15,681.91,37.88,0.0721,12,36,37,0.0,47.83,47.83
328576,7,10,9,17,17,26,52.87,106.27,5.95,632.33,35.13,0.0354,7,22,22,0.0,55.59,55.59
334269,5,13,10,18,18,28,59.72,116.76,3.46,404.16,22.45,0.0389,9,22,22,0.0,55.03,55.03
334435,7,10,9,18,17,27,52.87,110.36,6.3,695.28,38.63,0.0368,4,15,15,0.0,59.5,59.5
338632,4,14,12,22,18,34,61.3,141.78,3.14,445.59,24.75,0.0473,10,19,19,0.0,55.69,55.69
339202,7,9,9,18,16,27,48.18,108.0,7.0,756.0,42.0,0.036,4,15,15,0.0,59.57,59.57
340310,2,21,12,27,23,39,94.24,176.42,1.29,226.82,12.6,0.0588,10,17,19,0.0,55.03,55.03
350662,3,7,4,8,10,12,24.41,39.86,1.71,68.34,3.8,0.0133,6,16,16,0.0,61.72,61.72
350668,4,6,4,7,10,11,23.51,36.54,2.33,85.26,4.74,0.0122,4,15,15,0.0,62.86,62.86
357133,2,4,2,4,6,6,10.0,15.51,1.0,15.51,0.86,0.0052,9,26,26,0.0,59.59,59.59
357134,2,4,2,4,6,6,10.0,15.51,1.0,15.51,0.86,0.0052,1,4,4,0.0,78.4,78.4
364500,6,34,36,78,40,114,188.48,606.7,6.88,4175.52,231.97,0.2022,25,50,50,0.0,40.09,40.09
364523,3,7,5,10,10,15,24.41,49.83,2.14,106.78,5.93,0.0166,9,29,29,0.0,55.0,55.0
367351,10,21,17,32,31,49,125.46,242.76,7.62,1849.57,102.75,0.0809,7,17,17,0.0,55.52,55.52
371210,6,15,17,32,21,49,74.11,215.22,6.4,1377.43,76.52,0.0717,10,22,22,0.0,53.04,53.04
372104,4,8,8,16,12,24,32.0,86.04,4.0,344.16,19.12,0.0287,6,23,23,0.0,55.94,55.94
373818,6,8,6,11,14,17,39.51,64.73,4.12,266.99,14.83,0.0216,4,17,17,0.0,59.94,59.94
384977,9,26,32,60,35,92,150.74,471.89,10.38,4900.44,272.25,0.1573,20,54,54,0.0,40.8,40.8
386756,9,23,26,50,32,76,132.57,380.0,9.78,3717.39,206.52,0.1267,13,31,31,0.0,47.66,47.66
387527,8,25,15,29,33,44,140.1,221.95,4.64,1029.86,57.21,0.074,28,58,60,0.0,41.02,41.02
393560,3,9,5,10,12,15,33.28,53.77,1.67,89.62,4.98,0.0179,5,19,22,0.0,57.93,57.93
394276,9,15,14,26,24,40,87.13,183.4,7.8,1430.51,79.47,0.0611,11,41,41,9.76,65.12,65.12
396610,7,17,17,34,24,51,89.14,233.83,7.0,1636.83,90.94,0.0779,10,25,25,0.0,51.57,51.57
399990,3,8,6,12,11,18,28.75,62.27,2.25,140.11,7.78,0.0208,0,7,7,0.0,68.19,69.0
401562,4,12,8,17,16,25,51.02,100.0,2.83,283.33,15.74,0.0333,5,9,9,0.0,64.51,64.51
401734,4,9,7,12,13,19,36.53,70.31,2.67,187.49,10.42,0.0234,5,21,21,0.0,57.55,57.55
402452,6,14,8,16,20,24,68.81,103.73,3.43,355.63,19.76,0.0346,6,18,18,0.0,57.7,57.7
402474,6,11,11,20,17,31,53.56,126.71,5.45,691.15,38.4,0.0422,8,21,21,0.0,55.36,55.36
403253,9,77,84,167,86,251,511.07,1612.99,9.76,15742.39,874.58,0.5377,37,53,53,9.43,52.33,52.33
405431,7,12,10,20,19,30,62.67,127.44,5.83,743.39,41.3,0.0425,6,17,17,0.0,57.61,57.61
405890,7,57,37,80,64,117,352.13,702.0,4.91,3448.42,191.58,0.234,12,32,32,6.25,60.1,60.1
406095,2,4,2,4,6,6,10.0,15.51,1.0,15.51,0.86,0.0052,4,12,12,0.0,67.58,67.58
406342,6,29,24,54,35,78,156.39,400.08,5.59,2234.95,124.16,0.1334,16,25,25,0.0,49.13,49.13
408249,3,9,5,10,12,15,33.28,53.77,1.67,89.62,4.98,0.0179,6,13,13,0.0,62.78,62.78
414703,3,6,4,8,9,12,20.26,38.04,2.0,76.08,4.23,0.0127,3,10,10,0.0,66.72,66.72
414924,6,8,15,30,14,45,39.51,171.33,11.25,1927.47,107.08,0.0571,8,22,22,0.0,54.0,54.0
421401,7,16,14,27,23,41,83.65,185.47,5.91,1095.41,60.86,0.0618,4,16,16,0.0,57.31,57.31
421638,7,15,14,28,22,42,78.25,187.3,6.53,1223.67,67.98,0.0624,11,37,37,0.0,48.4,48.4
427912,6,12,9,18,18,27,58.53,112.59,4.5,506.65,28.15,0.0375,8,22,23,0.0,54.85,54.85
428331,5,18,10,21,23,31,86.67,140.23,2.92,409.01,22.72,0.0467,8,12,12,0.0,60.35,60.35
428400,0,0,0,0,0,0,0,0,0,0,0.0,0.0,0,0,0,0.0,100.0,100.0
434619,6,13,14,28,19,42,63.62,178.41,6.46,1152.82,64.05,0.0595,10,24,24,0.0,52.78,52.78
435888,8,10,16,32,18,48,57.22,200.16,12.8,2562.0,142.33,0.0667,7,45,45,0.0,46.88,46.88
440485,3,4,4,8,7,12,12.75,33.69,3.0,101.06,5.61,0.0112,9,16,17,0.0,61.25,61.25
441324,3,6,4,8,9,12,20.26,38.04,2.0,76.08,4.23,0.0127,6,15,15,0.0,62.47,62.47
442057,1,2,1,2,3,3,2.0,4.75,0.5,2.38,0.13,0.0016,7,16,16,0.0,68.05,68.05
442543,4,22,16,29,26,45,106.11,211.52,2.64,557.64,30.98,0.0705,6,14,14,0.0,57.91,57.91
444778,2,4,2,4,6,6,10.0,15.51,1.0,15.51,0.86,0.0052,2,7,8,0.0,71.69,71.69
451759,5,15,13,24,20,37,70.21,159.91,4.0,639.65,35.54,0.0533,5,21,21,0.0,55.05,55.05
452491,6,36,36,79,42,115,201.63,620.12,6.58,4082.43,226.8,0.2067,26,47,47,0.0,40.47,40.47
458220,7,15,11,22,22,33,78.25,147.16,5.13,755.43,41.97,0.0491,15,36,37,0.0,48.59,48.59
458239,5,69,76,145,74,221,433.1,1372.29,5.25,7209.49,400.53,0.4574,40,48,48,0.0,35.98,35.98
459191,4,5,5,10,9,15,19.61,47.55,4.0,190.2,10.57,0.0158,3,16,16,0.0,61.59,61.59
465049,7,28,21,44,35,65,154.26,333.4,5.5,1833.72,101.87,0.1111,16,38,42,0.0,44.77,44.77
465134,5,16,14,28,21,42,75.61,184.48,4.38,807.09,44.84,0.0615,8,19,19,0.0,55.16,55.16
467323,7,13,11,22,20,33,67.76,142.62,5.92,844.77,46.93,0.0475,9,23,23,0.0,54.14,54.0
473729,2,4,3,6,6,9,10.0,23.26,1.5,34.9,1.94,0.0078,3,11,12,0.0,66.49,66.49
475227,5,25,17,33,30,50,127.71,245.34,3.3,809.64,44.98,0.0818,9,24,24,0.0,51.95,51.95
482635,5,21,15,29,26,44,103.85,206.82,3.45,714.02,39.67,0.0689,12,36,38,0.0,47.71,47.71
483172,3,13,11,22,16,33,52.86,132.0,2.54,335.08,18.62,0.044,11,26,27,0.0,52.45,52.45
487585,7,18,16,32,25,48,94.71,222.91,6.22,1386.97,77.05,0.0743,9,22,22,0.0,53.06,53.06
487592,2,6,3,6,8,9,17.51,27.0,1.0,27.0,1.5,0.009,1,11,11,0.0,67.13,67.13
494654,5,11,8,14,16,22,49.66,88.0,3.18,280.0,15.56,0.0293,5,14,16,0.0,59.45,59.45
501451,3,6,3,6,9,9,20.26,28.53,1.5,42.79,2.38,0.0095,1,8,8,0.0,69.98,69.98
501509,4,13,9,18,17,27,56.11,110.36,2.77,305.62,16.98,0.0368,0,11,11,0.0,62.71,62.98
512226,2,4,2,4,6,6,10.0,15.51,1.0,15.51,0.86,0.0052,1,4,4,0.0,78.4,78.4
513750,6,8,6,11,14,17,39.51,64.73,4.12,266.99,14.83,0.0216,4,17,17,0.0,59.94,59.94
519013,4,7,6,12,11,18,27.65,62.27,3.43,213.5,11.86,0.0208,1,6,6,0.0,70.33,70.33
519078,6,11,12,24,17,36,53.56,147.15,6.55,963.15,53.51,0.049,3,13,13,0.0,60.12,60.12
519221,10,22,15,28,32,43,131.33,215.0,6.36,1368.18,76.01,0.0717,9,26,26,0.0,51.59,51.59
519562,5,12,13,23,17,36,54.63,147.15,4.79,705.09,39.17,0.049,8,26,26,0.0,52.88,52.88
528003,3,15,8,16,18,24,63.36,100.08,1.6,160.13,8.9,0.0334,4,17,17,0.0,58.75,58.61
532027,5,18,16,32,23,48,86.67,217.13,4.44,965.03,53.61,0.0724,4,15,15,6.67,72.35,72.35
532029,7,23,20,39,30,59,123.69,289.51,5.93,1718.16,95.45,0.0965,13,30,31,0.0,48.48,48.48
538764,3,10,8,16,13,24,37.97,88.81,2.4,213.15,11.84,0.0296,4,17,17,0.0,58.98,58.98
540491,8,18,14,28,26,42,99.06,197.42,6.22,1228.38,68.24,0.0658,11,24,24,0.0,52.34,52.34
543658,6,39,30,68,45,98,221.64,538.2,5.23,2815.21,156.4,0.1794,22,26,26,0.0,47.05,47.05
549197,6,10,9,18,16,27,48.73,108.0,5.4,583.2,32.4,0.036,5,13,13,0.0,60.79,60.79
550892,4,19,18,34,23,52,88.71,235.23,3.58,841.86,46.77,0.0784,6,12,12,0.0,59.05,59.05
552585,4,8,9,18,12,27,32.0,96.79,4.5,435.57,24.2,0.0323,5,19,19,0.0,57.53,57.53
555667,1,4,3,6,5,9,8.0,20.9,0.75,15.67,0.87,0.007,3,21,23,0.0,60.65,60.65
555732,3,10,7,14,13,21,37.97,77.71,2.1,163.19,9.07,0.0259,5,17,18,0.0,58.71,58.71
556536,7,32,37,74,39,111,179.65,586.68,8.09,4748.44,263.8,0.1956,12,27,27,0.0,47.78,47.78
562247,2,5,3,6,7,9,13.61,25.27,1.2,30.32,1.68,0.0084,3,11,11,0.0,67.06,67.06
562376,9,22,15,29,31,44,126.64,217.98,5.93,1293.05,71.84,0.0727,8,24,24,0.0,52.44,52.44
568991,6,21,15,30,27,45,107.75,213.97,4.29,917.01,50.95,0.0713,8,15,15,0.0,57.09,56.95
569127,8,32,24,48,40,72,184.0,383.18,6.0,2299.07,127.73,0.1277,6,23,23,0.0,51.67,51.4
569159,4,5,5,10,9,15,19.61,47.55,4.0,190.2,10.57,0.0158,2,8,8,0.0,68.29,68.29
575939,1,2,2,4,3,6,2.0,9.51,1.0,9.51,0.53,0.0032,4,21,21,0.0,63.77,63.77
575981,9,15,18,35,24,53,87.13,243.0,10.5,2551.53,141.75,0.081,8,26,26,0.0,51.35,51.35
582007,4,9,7,14,13,21,36.53,77.71,3.11,241.76,13.43,0.0259,5,14,14,0.0,61.09,61.09
582781,2,9,5,10,11,15,30.53,51.89,1.11,57.66,3.2,0.0173,7,26,26,0.0,56.18,56.18
583990,9,13,15,29,22,44,76.64,196.21,10.04,1969.7,109.43,0.0654,8,24,24,0.0,52.76,52.76
588293,3,5,3,6,8,9,16.36,27.0,1.8,48.6,2.7,0.009,4,11,11,0.0,66.72,66.72
588321,8,19,14,28,27,42,104.71,199.71,5.89,1177.21,65.4,0.0666,5,10,10,0.0,61.41,61.41
588331,3,9,6,10,12,16,33.28,57.36,1.67,95.6,5.31,0.0191,10,34,34,0.0,52.93,52.93
595333,6,15,12,24,21,36,74.11,158.12,4.8,758.99,42.17,0.0527,3,11,11,0.0,61.48,61.48
595523,4,13,9,18,17,27,56.11,110.36,2.77,305.62,16.98,0.0368,9,25,25,0.0,53.99,53.99
596699,8,20,21,41,28,62,110.44,298.06,8.2,2444.06,135.78,0.0994,17,44,44,0.0,44.54,44.54
612934,7,16,12,24,23,36,83.65,162.85,5.25,854.95,47.5,0.0543,7,23,23,0.0,54.0,53.87
616268,8,33,25,49,41,74,190.47,396.46,5.94,2354.73,130.82,0.1322,8,70,70,0.0,40.48,40.48
618692,4,6,5,10,10,15,23.51,49.83,3.33,166.1,9.23,0.0166,4,15,15,0.0,61.92,61.92
621185,8,22,18,36,30,54,122.11,264.97,6.55,1734.36,96.35,0.0883,6,30,30,0.0,50.0,50.0
625347,8,16,14,27,24,41,88.0,187.98,6.75,1268.89,70.49,0.0627,11,30,30,0.0,50.38,50.38
631956,3,23,14,31,26,45,108.8,211.52,2.02,427.64,23.76,0.0705,15,32,32,0.0,48.87,48.87
631957,5,7,6,11,12,17,31.26,60.94,3.93,239.42,13.3,0.0203,2,10,11,0.0,64.52,64.52
638429,10,23,19,37,33,56,137.26,282.49,8.04,2272.17,126.23,0.0942,10,41,31,0.0,48.96,48.96
640288,8,18,13,26,26,39,99.06,183.32,5.78,1059.17,58.84,0.0611,8,22,22,9.09,70.9,70.9
645581,4,7,5,8,11,13,27.65,44.97,2.29,102.79,5.71,0.015,8,18,18,0.0,59.97,59.97
645647,3,6,6,12,9,18,20.26,57.06,3.0,171.18,9.51,0.019,5,13,13,0.0,62.73,62.73
646212,4,6,6,12,10,18,23.51,59.79,4.0,239.18,13.29,0.0199,7,15,15,0.0,60.96,60.96
646826,3,4,3,6,7,9,12.75,25.27,2.25,56.85,3.16,0.0084,2,8,8,0.0,70.21,70.21
646828,1,2,1,2,3,3,2.0,4.75,0.5,2.38,0.13,0.0016,1,9,9,0.0,74.17,74.31
646832,6,22,32,55,28,87,113.62,418.24,7.5,3136.8,174.27,0.1394,20,29,29,0.0,47.05,47.05
650286,7,51,37,81,58,118,308.95,691.24,5.56,3842.49,213.47,0.2304,24,39,39,2.56,51.44,51.71
650289,7,17,15,24,24,39,89.14,178.81,4.94,883.55,49.09,0.0596,7,44,44,13.64,67.69,67.69
650290,4,7,9,16,11,25,27.65,86.49,4.57,395.36,21.96,0.0288,8,23,23,0.0,55.66,55.66
650297,8,25,20,40,33,60,140.1,302.66,6.4,1937.05,107.61,0.1009,5,22,22,4.55,65.31,65.17
650298,5,33,29,64,38,93,178.07,488.06,4.85,2366.34,131.46,0.1627,20,26,26,0.0,47.62,47.62
650299,2,4,2,4,6,6,10.0,15.51,1.0,15.51,0.86,0.0052,5,15,17,0.0,64.02,64.15
652913,2,6,5,10,8,15,17.51,45.0,1.67,75.0,4.17,0.015,6,18,18,0.0,60.23,60.23
652920,5,15,11,22,20,33,70.21,142.62,3.67,522.95,29.05,0.0475,7,15,15,0.0,58.32,58.32
660046,5,11,8,15,16,23,49.66,92.0,3.41,313.64,17.42,0.0307,3,19,20,0.0,57.47,57.47
660609,5,11,6,12,16,18,49.66,72.0,2.73,196.36,10.91,0.024,3,11,11,0.0,63.87,63.87
661195,9,18,16,31,27,47,103.59,223.48,7.75,1731.97,96.22,0.0745,7,34,35,0.0,48.93,48.93
665449,8,16,13,24,24,37,88.0,169.64,6.0,1017.86,56.55,0.0565,10,30,33,0.0,49.92,49.92
671555,5,25,25,50,30,75,127.71,368.02,5.0,1840.08,102.23,0.1227,12,18,18,0.0,53.04,53.04
676252,8,30,28,55,38,83,171.21,435.58,7.33,3194.24,177.46,0.1452,18,40,40,0.0,44.15,44.15
678536,8,18,14,25,26,39,99.06,183.32,5.56,1018.43,56.58,0.0611,9,18,18,0.0,55.56,55.56
678548,3,8,6,11,11,17,28.75,58.81,2.06,121.3,6.74,0.0196,14,26,27,11.54,73.43,73.43
679480,5,25,26,52,30,78,127.71,382.74,5.2,1990.23,110.57,0.1276,11,17,17,17.65,75.95,75.95
687047,5,16,10,20,21,30,75.61,131.77,3.12,411.78,22.88,0.0439,8,38,38,0.0,49.62,49.62
689140,8,31,30,63,39,93,177.58,491.54,8.13,3995.76,221.99,0.1638,10,22,22,18.18,73.13,73.13
691493,3,7,5,10,10,15,24.41,49.83,2.14,106.78,5.93,0.0166,2,7,7,0.0,69.41,69.41
691615,2,5,3,6,7,9,13.61,25.27,1.2,30.32,1.68,0.0084,2,12,12,0.0,66.37,66.37
693165,5,25,19,44,30,63,127.71,309.13,4.4,1360.19,75.57,0.103,12,19,19,0.0,53.06,53.06
698265,3,7,4,8,10,12,24.41,39.86,1.71,68.34,3.8,0.0133,4,16,16,0.0,61.99,61.99
698360,6,13,9,17,19,26,63.62,110.45,3.92,433.29,24.07,0.0368,3,26,26,0.0,54.42,54.42
698431,7,23,15,30,30,45,123.69,220.81,4.57,1008.05,56.0,0.0736,10,24,24,0.0,52.13,52.13
701580,7,33,28,62,40,90,186.12,478.97,6.58,3149.61,174.98,0.1597,14,20,20,10.0,68.79,68.79
704214,2,5,6,12,7,18,13.61,50.53,2.4,121.28,6.74,0.0168,6,17,17,0.0,60.42,60.42
706242,4,15,11,22,19,33,66.6,140.18,2.93,411.2,22.84,0.0467,5,15,15,13.33,78.71,78.71
717534,3,9,6,12,12,18,33.28,64.53,2.0,129.06,7.17,0.0215,4,13,13,0.0,62.49,62.49
718007,6,15,15,30,21,45,74.11,197.65,6.0,1185.93,65.88,0.0659,11,23,23,0.0,52.74,52.74
725904,4,11,6,12,15,18,46.05,70.32,2.18,153.43,8.52,0.0234,0,10,10,0.0,64.98,65.25
729924,8,12,10,18,20,28,67.02,121.01,6.0,726.08,40.34,0.0403,9,28,29,0.0,52.3,52.3
730334,7,18,14,25,25,39,94.71,181.11,4.86,880.4,48.91,0.0604,17,40,42,0.0,46.49,46.49
731399,8,16,19,36,24,55,88.0,252.17,9.0,2269.56,126.09,0.0841,5,23,23,0.0,52.81,52.81
737009,4,7,4,8,11,12,27.65,41.51,2.29,94.89,5.27,0.0138,6,17,17,0.0,61.02,61.02
739534,9,31,26,48,40,74,182.11,393.82,6.97,2744.05,152.45,0.1313,7,26,26,0.0,50.02,50.02
743934,3,6,4,8,9,12,20.26,38.04,2.0,76.08,4.23,0.0127,4,13,13,0.0,64.1,64.1
744434,4,7,4,8,11,12,27.65,41.51,2.29,94.89,5.27,0.0138,6,18,18,0.0,60.48,60.48
744724,4,23,16,32,27,48,112.04,228.23,2.78,635.09,35.28,0.0761,5,15,15,0.0,57.16,57.16
745132,6,11,7,14,17,21,53.56,85.84,3.82,327.74,18.21,0.0286,7,20,20,0.0,57.14,57.14
749429,4,5,5,10,9,15,19.61,47.55,4.0,190.2,10.57,0.0158,2,9,9,0.0,67.17,67.17
749740,6,15,16,24,21,40,74.11,175.69,4.8,843.32,46.85,0.0586,4,19,15,5.26,71.47,71.47
750529,3,6,5,10,9,15,20.26,47.55,2.5,118.87,6.6,0.0158,8,26,26,0.0,56.31,56.31
752254,11,68,57,120,79,177,452.0,1115.77,9.71,10829.52,601.64,0.3719,22,43,43,0.0,40.34,40.07
756133,7,28,25,45,35,70,154.26,359.05,5.62,2019.66,112.2,0.1197,30,48,44,0.0,42.22,42.22
762730,7,18,15,28,25,43,94.71,199.69,5.44,1087.18,60.4,0.0666,4,16,16,0.0,57.09,57.09
775838,6,15,10,19,21,29,74.11,127.38,3.8,484.03,26.89,0.0425,11,29,29,0.0,52.01,51.88
781297,7,22,16,32,29,48,117.76,233.18,5.09,1187.11,65.95,0.0777,13,35,34,0.0,48.27,48.27
783234,4,16,11,22,20,33,72.0,142.62,2.75,392.21,21.79,0.0475,14,57,60,0.0,44.24,44.24
783566,3,8,6,12,11,18,28.75,62.27,2.25,140.11,7.78,0.0208,6,14,14,0.0,61.63,61.63
788785,4,6,5,8,10,13,23.51,43.19,2.67,115.16,6.4,0.0144,4,18,18,0.0,60.63,60.63
788786,8,18,17,30,26,47,99.06,220.92,6.67,1472.8,81.82,0.0736,11,36,37,0.0,47.9,47.9
795639,3,6,3,6,9,9,20.26,28.53,1.5,42.79,2.38,0.0095,3,11,11,0.0,66.69,66.69
801782,3,11,7,15,14,22,42.81,83.76,2.05,171.33,9.52,0.0279,6,12,12,0.0,62.19,62.19
801785,2,8,5,10,10,15,26.0,49.83,1.25,62.29,3.46,0.0166,2,13,14,0.0,62.84,62.84
803322,6,11,9,15,17,24,53.56,98.1,4.09,401.31,22.3,0.0327,7,26,26,0.0,54.25,54.25
808644,5,8,11,17,13,28,35.61,103.61,5.31,550.44,30.58,0.0345,7,20,20,0.0,56.57,56.57
818277,3,18,14,30,21,44,79.81,193.26,2.5,483.15,26.84,0.0644,11,27,27,0.0,51.29,51.29
818377,3,6,6,12,9,18,20.26,57.06,3.0,171.18,9.51,0.019,6,22,22,0.0,57.61,57.61
824587,4,7,6,11,11,17,27.65,58.81,3.14,184.83,10.27,0.0196,9,26,26,0.0,55.53,55.53
825057,4,13,10,20,17,30,56.11,122.62,3.08,377.3,20.96,0.0409,15,40,42,0.0,47.95,47.95
826775,5,8,5,9,13,14,35.61,51.81,2.81,145.7,8.09,0.0173,6,20,20,0.0,58.81,58.81
831262,2,8,5,10,10,15,26.0,49.83,1.25,62.29,3.46,0.0166,1,7,7,0.0,69.54,69.54
832280,3,11,9,16,14,25,42.81,95.18,2.18,207.67,11.54,0.0317,10,31,31,0.0,52.27,52.27
837430,3,7,4,8,10,12,24.41,39.86,1.71,68.34,3.8,0.0133,3,21,14,0.0,63.39,63.39
838122,4,12,11,22,16,33,51.02,132.0,3.67,484.0,26.89,0.044,14,43,45,0.0,47.21,47.21
839524,3,6,4,8,9,12,20.26,38.04,2.0,76.08,4.23,0.0127,6,17,17,0.0,61.29,61.29
844069,7,22,33,64,29,97,117.76,471.22,10.18,4797.92,266.55,0.1571,20,56,58,0.0,40.12,40.12
844174,7,10,13,23,17,36,52.87,147.15,8.05,1184.55,65.81,0.049,6,17,17,0.0,57.17,57.17
848001,1,3,2,4,4,6,4.75,12.0,0.67,8.0,0.44,0.004,3,9,9,0.0,71.22,71.22
848938,9,28,23,46,37,69,163.14,359.45,7.39,2657.38,147.63,0.1198,16,37,37,0.0,45.74,45.74
850539,7,14,9,18,21,27,72.95,118.59,4.5,533.67,29.65,0.0395,6,21,21,0.0,55.83,55.83
851264,10,28,22,42,38,64,167.83,335.87,7.5,2519.01,139.94,0.112,12,31,32,0.0,47.86,47.86
851419,3,10,6,12,13,18,37.97,66.61,1.8,119.89,6.66,0.0222,8,36,37,0.0,51.95,51.95
852420,4,12,7,14,16,21,51.02,84.0,2.33,196.0,10.89,0.028,3,14,14,35.71,88.76,88.76
857399,8,16,13,24,24,37,88.0,169.64,6.0,1017.86,56.55,0.0565,9,25,26,0.0,52.31,52.31
858242,3,14,9,20,17,29,58.06,118.54,2.14,254.01,14.11,0.0395,17,33,33,12.12,69.38,69.38
858885,3,21,12,28,24,40,96.99,183.4,2.0,366.8,20.38,0.0611,11,15,15,0.0,57.02,57.02
859085,8,24,16,34,32,50,134.04,250.0,5.67,1416.67,78.7,0.0833,12,23,23,4.35,64.13,64.13
865347,7,27,17,34,34,51,148.03,259.46,4.41,1143.55,63.53,0.0865,17,42,43,0.0,45.18,45.18
865913,2,5,3,6,7,9,13.61,25.27,1.2,30.32,1.68,0.0084,4,21,21,0.0,60.66,60.8
866039,6,23,16,29,29,45,119.55,218.61,3.78,826.91,45.94,0.0729,23,55,55,0.0,42.56,42.56
866044,3,8,11,22,11,33,28.75,114.16,4.12,470.92,26.16,0.0381,12,32,32,0.0,51.15,51.15
868300,7,38,25,58,45,83,219.07,455.82,5.34,2435.06,135.28,0.1519,25,38,39,0.0,43.31,43.31
870789,4,8,4,8,12,12,32.0,43.02,2.0,86.04,4.78,0.0143,4,10,10,0.0,66.21,66.21
876209,5,28,18,39,33,57,146.22,287.53,3.48,1001.22,55.62,0.0958,12,25,25,0.0,50.68,50.68
876451,3,6,3,6,9,9,20.26,28.53,1.5,42.79,2.38,0.0095,3,7,7,0.0,70.97,70.97
876647,5,20,16,35,25,51,98.05,236.84,4.38,1036.16,57.56,0.0789,10,13,13,0.0,57.73,57.73
877777,4,6,4,7,10,11,23.51,36.54,2.33,85.26,4.74,0.0122,4,11,11,0.0,65.8,65.8
882450,7,13,10,18,20,28,67.76,121.01,4.85,586.45,32.58,0.0403,5,27,27,0.0,53.52,53.52
882630,3,13,11,22,16,33,52.86,132.0,2.54,335.08,18.62,0.044,6,27,27,0.0,53.12,53.12
886809,7,22,20,39,29,59,117.76,286.62,6.2,1778.35,98.8,0.0955,10,31,31,6.45,63.6,63.6
888587,3,5,5,10,8,15,16.36,45.0,3.0,135.0,7.5,0.015,5,17,17,0.0,60.91,60.91
888720,3,7,4,8,10,12,24.41,39.86,1.71,68.34,3.8,0.0133,1,9,9,0.0,67.84,67.84
892994,8,65,43,107,73,150,415.45,928.47,6.58,6113.64,339.65,0.3095,38,36,36,13.89,60.56,60.56
894539,8,13,9,17,21,26,72.11,114.2,5.23,597.36,33.19,0.0381,7,20,20,0.0,56.27,56.27
894629,0,0,0,0,0,0,0,0,0,0,0.0,0.0,1,5,5,0.0,100.0,100.0
895455,6,17,11,22,23,33,85.0,149.28,3.88,579.55,32.2,0.0498,9,27,27,0.0,52.34,52.34
900752,4,6,5,10,10,15,23.51,49.83,3.33,166.1,9.23,0.0166,2,7,7,0.0,69.41,69.41
900847,0,0,0,0,0,0,0,0,0,0,0.0,0.0,1,5,5,0.0,100.0,100.0
903370,11,23,16,31,34,47,142.1,239.11,7.41,1772.54,98.47,0.0797,8,42,42,0.0,46.86,46.86
915080,5,31,26,60,36,86,165.19,444.61,4.84,2151.36,119.52,0.1482,22,37,37,0.0,44.29,44.29
915094,4,9,17,30,13,47,36.53,173.92,6.67,1159.47,64.42,0.058,17,40,40,10.0,64.9,64.9
920200,7,25,16,34,32,50,135.75,250.0,4.76,1190.0,66.11,0.0833,12,36,37,0.0,47.39,47.39
925647,5,13,9,18,18,27,59.72,112.59,3.46,389.73,21.65,0.0375,5,27,29,0.0,53.06,53.06
925723,4,9,7,14,13,21,36.53,77.71,3.11,241.76,13.43,0.0259,4,12,12,0.0,62.68,62.68
926333,7,15,10,19,22,29,78.25,129.32,4.43,573.33,31.85,0.0431,7,20,20,0.0,55.89,55.89
929401,8,33,26,54,41,80,190.47,428.6,6.55,2805.41,155.86,0.1429,19,47,47,0.0,42.54,42.54
932017,7,8,7,13,15,20,43.65,78.14,5.69,444.41,24.69,0.026,8,26,26,0.0,54.8,54.8
938453,2,6,4,8,8,12,17.51,36.0,1.33,48.0,2.67,0.012,0,10,10,0.0,66.75,67.29
938473,6,8,7,13,14,20,39.51,76.15,4.88,371.22,20.62,0.0254,4,26,27,0.0,55.06,55.06
938931,3,7,4,8,10,12,24.41,39.86,1.71,68.34,3.8,0.0133,4,10,10,0.0,66.44,66.44
944575,4,7,6,12,11,18,27.65,62.27,3.43,213.5,11.86,0.0208,3,13,13,0.0,62.73,62.73
946232,1,4,3,6,5,9,8.0,20.9,0.75,15.67,0.87,0.007,1,7,7,0.0,72.19,72.19
953699,3,14,11,22,17,33,58.06,134.89,2.36,317.95,17.66,0.045,12,21,21,9.52,72.08,72.08
954403,2,3,2,4,5,6,6.75,13.93,1.33,18.58,1.03,0.0046,4,18,18,0.0,64.07,64.07
957768,6,20,21,40,26,61,101.95,286.73,6.0,1720.36,95.58,0.0956,27,52,52,3.85,53.29,53.29
959636,10,19,20,38,29,58,113.93,281.76,10.0,2817.63,156.53,0.0939,16,50,50,0.0,43.63,43.63
963899,1,2,1,2,3,3,2.0,4.75,0.5,2.38,0.13,0.0016,2,6,6,0.0,78.02,78.02
966150,9,52,45,96,61,141,324.95,836.23,8.31,6947.17,385.95,0.2787,26,32,32,0.0,43.21,43.21
967858,8,45,49,108,53,157,271.13,899.28,9.6,8633.12,479.62,0.2998,18,41,41,19.51,64.89,64.89
970524,6,29,32,58,35,90,156.39,461.64,6.0,2769.81,153.88,0.1539,17,38,38,0.0,44.6,44.6
970758,7,11,8,16,18,24,57.71,100.08,5.09,509.49,28.3,0.0334,5,17,17,0.0,58.48,58.48
970967,7,15,11,22,22,33,78.25,147.16,5.13,755.43,41.97,0.0491,10,31,32,0.0,50.64,50.64
974603,4,17,12,23,21,35,77.49,153.73,2.71,415.98,23.11,0.0512,15,56,57,0.0,44.77,44.37
976559,3,6,3,6,9,9,20.26,28.53,1.5,42.79,2.38,0.0095,4,15,15,0.0,63.62,63.62
976560,6,13,11,22,19,33,63.62,140.18,5.08,711.69,39.54,0.0467,2,11,11,0.0,61.98,61.98
977089,8,27,18,32,35,50,152.38,256.46,4.74,1215.83,67.55,0.0855,16,35,35,0.0,47.3,47.3
983552,1,2,1,2,3,3,2.0,4.75,0.5,2.38,0.13,0.0016,2,10,10,0.0,73.18,73.18
984610,4,39,24,51,43,75,214.13,406.97,2.62,1064.38,59.13,0.1357,11,21,21,14.29,72.03,72.03
989526,6,13,14,28,19,42,63.62,178.41,6.46,1152.82,64.05,0.0595,9,23,23,0.0,53.32,53.32
989542,6,11,7,13,17,20,53.56,81.75,3.55,289.84,16.1,0.0272,3,7,7,0.0,67.77,67.77
991701,8,28,21,41,36,62,158.61,320.54,5.86,1877.42,104.3,0.1068,14,32,32,0.0,47.74,47.74
991896,7,14,10,19,21,29,72.95,127.38,4.75,605.04,33.61,0.0425,11,27,27,0.0,52.56,52.56
996550,6,14,12,24,20,36,68.81,155.59,5.14,800.17,44.45,0.0519,2,10,10,0.0,62.57,62.57
996736,8,22,12,24,30,36,122.11,176.65,4.36,770.83,42.82,0.0589,12,28,28,0.0,51.08,51.08
997693,7,33,26,52,40,78,186.12,415.11,5.52,2289.4,127.19,0.1384,18,35,35,0.0,45.56,45.56
1002518,3,16,12,24,19,36,68.75,152.93,2.25,344.08,19.12,0.051,13,35,35,5.71,63.17,63.17
1002596,6,15,16,32,21,48,74.11,210.83,6.4,1349.32,74.96,0.0703,3,14,14,0.0,58.32,58.32
1006980,2,8,4,8,10,12,26.0,39.86,1.0,39.86,2.21,0.0133,4,19,11,0.0,65.4,65.54
1009170,7,45,40,76,52,116,266.78,661.25,5.91,3908.73,217.15,0.2204,24,59,59,0.0,38.39,38.39
1009497,3,8,5,9,11,14,28.75,48.43,1.69,81.73,4.54,0.0161,9,42,42,0.0,51.45,51.58
1009853,4,31,29,62,35,91,161.58,466.76,4.0,1867.06,103.73,0.1556,6,32,32,12.5,67.23,67.23
1015382,7,12,8,15,19,23,62.67,97.7,4.38,427.45,23.75,0.0326,7,14,14,0.0,60.26,60.12
1016647,3,7,5,10,10,15,24.41,49.83,2.14,106.78,5.93,0.0166,3,21,21,0.0,58.87,58.87
1019441,5,17,12,24,22,36,81.1,160.54,3.53,566.61,31.48,0.0535,8,16,16,0.0,57.21,57.21
1024300,5,48,38,76,53,114,279.69,652.98,3.96,2584.72,143.6,0.2177,21,46,46,0.0,41.19,41.19
1024708,3,8,4,8,11,12,28.75,41.51,1.5,62.27,3.46,0.0138,6,16,16,0.0,61.73,61.6
1030736,8,23,23,46,31,69,128.04,341.84,8.0,2734.72,151.93,0.1139,12,26,26,7.69,65.67,65.67
1032981,2,4,2,4,6,6,10.0,15.51,1.0,15.51,0.86,0.0052,2,8,8,0.0,71.69,71.69
1033555,11,75,88,188,86,276,505.22,1773.65,13.79,24452.71,1358.48,0.5912,40,54,54,0.0,34.08,34.08
1039262,6,31,20,39,37,59,169.09,307.36,3.77,1160.03,64.45,0.1025,9,35,35,0.0,47.69,47.69
1039546,2,4,2,4,6,6,10.0,15.51,1.0,15.51,0.86,0.0052,4,14,14,0.0,66.12,66.12
1039992,4,10,7,14,14,21,41.22,79.95,2.8,223.87,12.44,0.0267,2,13,13,0.0,62.11,62.11
1040235,6,25,17,34,31,51,131.61,252.66,4.08,1030.87,57.27,0.0842,8,29,29,0.0,50.2,50.2
1040248,7,42,39,84,49,123,246.13,690.61,7.0,4834.27,268.57,0.2302,21,29,29,0.0,45.39,45.39
1048259,4,10,6,10,14,16,41.22,60.92,2.0,121.84,6.77,0.0203,6,19,20,0.0,58.32,58.32
1049018,2,4,2,4,6,6,10.0,15.51,1.0,15.51,0.86,0.0052,3,11,12,0.0,67.72,67.72
1050022,8,17,12,24,25,36,93.49,167.18,5.65,944.07,52.45,0.0557,11,29,29,0.0,51.05,51.05
1053140,4,18,17,34,22,51,83.06,227.43,3.78,859.18,47.73,0.0758,8,26,26,0.0,51.56,51.56
1057392,7,19,29,57,26,86,100.36,404.24,10.5,4244.5,235.81,0.1347,10,30,30,0.0,48.18,48.18
1059700,9,32,17,34,41,51,188.53,273.24,4.78,1306.41,72.58,0.0911,10,32,32,6.25,63.24,63.24
1060246,6,11,10,18,17,28,53.56,114.45,4.91,561.84,31.21,0.0381,9,34,34,0.0,50.97,50.97
1062471,10,33,32,57,43,89,199.68,482.94,8.64,4170.82,231.71,0.161,18,56,56,0.0,40.79,40.65
1065696,3,4,6,10,7,16,12.75,44.92,3.75,168.44,9.36,0.015,2,9,10,0.0,66.35,66.35
1065723,4,9,5,10,13,15,36.53,55.51,2.22,123.35,6.85,0.0185,3,9,9,0.0,66.7,66.57
1066107,4,10,9,16,14,25,41.22,95.18,3.2,304.59,16.92,0.0317,8,32,32,0.0,52.24,52.24
1068529,7,22,12,26,29,38,117.76,184.6,4.14,763.59,42.42,0.0615,18,34,34,5.88,62.39,62.39
1069884,8,21,14,27,29,41,116.24,199.18,5.14,1024.34,56.91,0.0664,9,27,27,0.0,51.47,51.47
1070249,4,10,7,14,14,21,41.22,79.95,2.8,223.87,12.44,0.0267,1,6,6,0.0,69.57,69.57
1074537,6,13,14,26,19,40,63.62,169.92,6.0,1019.5,56.64,0.0566,12,40,40,0.0,47.82,47.82
1074540,7,24,26,47,31,73,129.69,361.66,6.85,2478.85,137.71,0.1206,11,34,34,0.0,47.2,47.2
1074784,8,16,14,28,24,42,88.0,192.57,7.0,1347.98,74.89,0.0642,10,24,24,0.0,52.68,52.55
1085699,6,25,19,39,31,58,131.61,287.34,4.68,1344.77,74.71,0.0958,15,44,45,0.0,44.71,44.71
1093726,3,6,4,8,9,12,20.26,38.04,2.0,76.08,4.23,0.0127,5,16,16,0.0,62.13,62.0
1094170,5,18,11,23,23,34,86.67,153.8,3.19,491.31,27.29,0.0513,11,23,23,0.0,53.5,53.5
1094173,6,29,22,44,35,66,156.39,338.53,4.55,1540.91,85.61,0.1128,19,48,48,0.0,43.06,43.06
1099769,3,15,11,22,18,33,63.36,137.61,2.2,302.74,16.82,0.0459,7,13,13,0.0,59.78,59.78
1099871,12,50,38,68,62,106,325.21,631.14,8.16,5150.14,286.12,0.2104,29,109,109,0.0,32.05,32.05
1104701,4,8,4,8,12,12,32.0,43.02,2.0,86.04,4.78,0.0143,4,13,13,0.0,63.72,63.72
1106688,2,12,12,24,14,36,45.02,137.06,2.0,274.13,15.23,0.0457,6,14,14,21.43,83.17,83.17
1106738,3,15,10,20,18,30,63.36,125.1,2.0,250.2,13.9,0.0417,8,15,15,0.0,58.58,58.58
1112397,4,8,4,8,12,12,32.0,43.02,2.0,86.04,4.78,0.0143,4,12,12,0.0,64.48,64.48
1113631,3,6,3,6,9,9,20.26,28.53,1.5,42.79,2.38,0.0095,8,24,24,0.0,58.63,58.63
1119842,4,28,20,37,32,57,142.61,285.0,2.64,753.21,41.85,0.095,24,88,79,2.27,47.17,47.17
1120610,4,9,5,9,13,14,36.53,51.81,2.0,103.61,5.76,0.0173,5,19,19,0.0,59.43,59.43
1120833,8,17,11,22,25,33,93.49,153.25,5.18,793.28,44.07,0.0511,11,24,24,0.0,53.11,53.11
1125815,4,13,9,18,17,27,56.11,110.36,2.77,305.62,16.98,0.0368,2,14,14,0.0,60.43,60.43
1129694,6,27,26,56,33,82,143.89,413.64,6.22,2573.76,142.99,0.1379,15,24,24,0.0,49.55,49.55
1134999,5,16,13,25,21,38,75.61,166.91,3.91,651.98,36.22,0.0556,6,18,18,0.0,56.25,56.25
1138353,4,8,9,17,12,26,32.0,93.21,4.25,396.14,22.01,0.0311,2,15,15,0.0,60.29,60.29
1141846,9,28,28,57,37,85,163.14,442.8,9.16,4056.4,225.36,0.1476,16,31,31,0.0,46.79,46.79
1148423,5,18,14,28,23,42,86.67,189.99,3.89,738.85,41.05,0.0633,3,11,11,0.0,60.92,60.92
1148425,8,16,13,25,24,38,88.0,174.23,6.25,1088.93,60.5,0.0581,3,13,13,0.0,59.6,59.6
1155354,5,12,7,14,17,21,54.63,85.84,2.92,250.36,13.91,0.0286,9,17,17,0.0,58.54,58.41
1159488,1,4,2,4,5,6,8.0,13.93,0.5,6.97,0.39,0.0046,2,7,7,0.0,73.29,73.29
1162262,6,12,11,20,18,31,58.53,129.27,5.0,646.34,35.91,0.0431,4,19,19,0.0,56.78,56.78
1168907,3,3,3,5,6,8,9.51,20.68,2.5,51.7,2.87,0.0069,3,12,12,0.0,66.84,66.84
1176053,5,27,14,28,32,42,139.99,210.0,2.59,544.44,30.25,0.07,17,46,46,4.35,57.43,57.43
1180157,3,18,10,20,21,30,79.81,131.77,1.67,219.62,12.2,0.0439,5,12,13,0.0,60.18,60.18
1182236,5,5,5,10,10,15,23.22,49.83,5.0,249.14,13.84,0.0166,4,15,15,0.0,61.92,61.92
1184905,11,23,15,29,34,44,142.1,223.85,6.93,1552.34,86.24,0.0746,19,40,40,0.0,46.04,46.04
1187744,8,27,24,44,35,68,152.38,348.79,6.52,2273.6,126.31,0.1163,25,65,61,0.0,39.89,39.89
1189184,5,7,5,9,12,14,31.26,50.19,3.21,161.32,8.96,0.0167,4,14,14,0.0,62.55,62.55
1191946,6,20,20,40,26,60,101.95,282.03,6.0,1692.16,94.01,0.094,15,39,39,12.82,65.88,65.88
1195987,2,3,2,4,5,6,6.75,13.93,1.33,18.58,1.03,0.0046,2,11,11,0.0,69.0,69.0
1196544,6,24,23,46,30,69,125.55,338.58,5.75,1946.81,108.16,0.1129,13,17,17,5.88,67.78,67.78
1207754,5,22,19,38,27,57,109.72,271.03,4.32,1170.35,65.02,0.0903,3,14,14,0.0,57.56,57.56
1209605,3,8,5,9,11,14,28.75,48.43,1.69,81.73,4.54,0.0161,4,13,13,0.0,63.36,63.36
1209749,4,17,16,30,21,46,77.49,202.05,3.53,713.11,39.62,0.0673,4,11,11,27.27,86.42,86.42
1217355,6,16,14,28,22,42,79.51,187.3,5.25,983.3,54.63,0.0624,16,52,52,0.0,44.5,44.5
1222966,2,5,3,6,7,9,13.61,25.27,1.2,30.32,1.68,0.0084,5,15,15,0.0,63.85,63.85
1223025,2,5,3,6,7,9,13.61,25.27,1.2,30.32,1.68,0.0084,5,11,11,0.0,66.79,66.79
1223346,2,8,6,12,10,18,26.0,59.79,1.5,89.69,4.98,0.0199,3,18,18,0.0,59.77,59.77
1229738,9,17,13,23,26,36,98.02,169.22,6.09,1030.23,57.23,0.0564,8,22,22,0.0,54.04,54.04
1229744,4,6,7,14,10,21,23.51,69.76,4.67,325.55,18.09,0.0233,4,13,13,0.0,62.25,62.25
1229756,1,4,3,6,5,9,8.0,20.9,0.75,15.67,0.87,0.007,0,12,12,0.0,66.68,67.22
1235147,2,4,2,4,6,6,10.0,15.51,1.0,15.51,0.86,0.0052,2,9,9,0.0,70.44,70.58
1235255,3,8,8,16,11,24,28.75,83.03,3.0,249.08,13.84,0.0277,17,25,25,8.0,69.95,69.95
1237583,6,17,11,21,23,32,85.0,144.75,3.71,536.44,29.8,0.0483,4,24,24,4.17,66.09,66.23
1240542,6,13,11,21,19,32,63.62,135.93,4.85,658.76,36.6,0.0453,7,19,19,0.0,56.23,56.23
1242058,9,21,21,40,30,61,120.77,299.32,8.57,2565.6,142.53,0.0998,13,33,33,0.0,48.06,47.79
1243518,5,10,6,12,15,18,44.83,70.32,3.0,210.97,11.72,0.0234,9,18,18,0.0,58.61,58.47
1244634,6,21,13,27,27,40,107.75,190.2,3.86,733.61,40.76,0.0634,14,31,31,0.0,49.76,49.63
1256471,3,7,5,10,10,15,24.41,49.83,2.14,106.78,5.93,0.0166,2,7,7,0.0,69.41,69.41
1259666,1,4,2,4,5,6,8.0,13.93,0.5,6.97,0.39,0.0046,3,14,16,0.0,65.32,65.32
1263456,3,4,3,6,7,9,12.75,25.27,2.25,56.85,3.16,0.0084,1,7,7,0.0,71.61,71.61
1263925,6,26,21,42,32,63,137.72,315.0,4.85,1526.54,84.81,0.105,4,19,21,10.53,71.34,71.34
1273213,11,18,18,36,29,54,113.11,262.33,11.0,2885.64,160.31,0.0874,8,24,24,0.0,51.88,51.88
1275362,3,5,4,7,8,11,16.36,33.0,2.1,69.3,3.85,0.011,3,9,10,0.0,67.15,67.15
1276908,5,17,10,20,22,30,81.1,133.78,2.94,393.48,21.86,0.0446,3,15,15,0.0,59.05,59.05
1276946,4,22,14,28,26,42,106.11,197.42,2.55,502.52,27.92,0.0658,11,26,26,0.0,51.58,51.58
1278638,5,7,5,9,12,14,31.26,50.19,3.21,161.32,8.96,0.0167,4,11,13,0.0,63.25,63.25
1285366,1,4,2,4,5,6,8.0,13.93,0.5,6.97,0.39,0.0046,6,12,12,0.0,67.64,67.64
1285829,3,4,3,6,7,9,12.75,25.27,2.25,56.85,3.16,0.0084,4,13,14,0.0,64.64,64.64
1289641,4,10,8,16,14,24,41.22,91.38,3.2,292.4,16.24,0.0305,5,15,15,0.0,59.94,59.94
1292947,10,34,23,43,44,66,206.19,360.32,6.32,2278.51,126.58,0.1201,7,37,37,0.0,46.95,46.95
1294144,9,60,56,115,69,171,382.94,1044.56,8.62,9009.31,500.52,0.3482,20,43,43,0.0,40.54,40.54
1298430,5,12,10,20,17,30,54.63,122.62,4.17,510.93,28.39,0.0409,5,19,19,0.0,56.94,56.81
1309225,3,7,3,7,10,10,24.41,33.22,1.5,49.83,2.77,0.0111,7,10,10,0.0,66.59,66.59
1313351,7,16,11,20,23,31,83.65,140.23,4.38,613.51,34.08,0.0467,5,14,14,0.0,59.29,59.29
1316575,3,5,3,5,8,8,16.36,24.0,1.5,36.0,2.0,0.008,3,14,16,0.0,63.8,63.67
1322540,1,2,1,2,3,3,2.0,4.75,0.5,2.38,0.13,0.0016,4,12,12,0.0,71.18,71.18
1325182,2,4,2,4,6,6,10.0,15.51,1.0,15.51,0.86,0.0052,2,18,10,0.0,69.58,69.58
1335954,2,4,2,4,6,6,10.0,15.51,1.0,15.51,0.86,0.0052,5,15,16,0.0,64.72,64.72
1340949,5,19,15,29,24,44,92.32,201.74,3.82,769.79,42.77,0.0672,2,30,31,6.67,65.97,65.97
1341363,9,61,39,79,70,118,390.3,723.26,5.83,4215.04,234.17,0.2411,18,51,51,0.0,39.23,40.31
1350284,5,11,7,14,16,21,49.66,84.0,3.18,267.27,14.85,0.028,5,14,14,0.0,60.85,60.85
1357885,11,37,29,56,48,85,230.8,474.72,8.32,3951.74,219.54,0.1582,28,45,50,0.0,40.7,40.43
1370813,2,7,4,8,9,12,21.65,38.04,1.14,43.47,2.42,0.0127,9,26,26,0.0,56.86,56.86
1371060,6,10,9,14,16,23,48.73,92.0,4.2,386.4,21.47,0.0307,8,21,21,0.0,56.33,56.33
1371168,4,25,14,28,29,42,124.1,204.04,2.24,457.04,25.39,0.068,13,38,38,0.0,47.62,47.62
1378022,2,7,5,10,9,15,21.65,47.55,1.43,67.93,3.77,0.0158,3,16,16,6.25,76.06,76.06
1378516,6,13,10,20,19,30,63.62,127.44,4.62,588.17,32.68,0.0425,5,14,14,0.0,59.58,59.58
1384796,2,12,7,14,14,21,45.02,79.95,1.17,93.28,5.18,0.0267,7,25,25,0.0,55.24,55.24
1384905,10,18,27,47,28,74,108.28,355.74,13.06,4644.44,258.02,0.1186,12,29,29,0.0,48.62,48.62
1387798,7,18,11,21,25,32,94.71,148.6,4.08,606.8,33.71,0.0495,13,37,38,2.7,58.35,58.35
1399437,10,29,22,41,39,63,174.1,332.98,7.07,2353.83,130.77,0.111,9,28,32,10.71,66.64,66.64
1399438,7,25,25,51,32,76,135.75,380.0,7.14,2713.2,150.73,0.1267,14,16,16,0.0,53.79,53.79
1405253,5,18,18,36,23,54,86.67,244.27,5.0,1221.36,67.85,0.0814,11,19,19,0.0,53.91,53.91
1405479,4,12,10,20,16,30,51.02,120.0,3.33,400.0,22.22,0.04,4,14,14,0.0,59.9,59.9
1405969,5,41,33,68,46,101,231.27,557.88,4.15,2313.16,128.51,0.186,25,43,45,0.0,41.34,41.34
1415314,2,4,2,4,6,6,10.0,15.51,1.0,15.51,0.86,0.0052,3,10,10,0.0,69.45,69.45
1419101,6,14,9,17,20,26,68.81,112.37,3.64,409.35,22.74,0.0375,7,22,22,0.0,55.42,55.42
1420471,4,27,21,42,31,63,136.38,312.11,3.11,971.02,53.95,0.104,16,32,32,0.0,47.55,47.55
1420562,6,21,11,23,27,34,107.75,161.67,3.29,531.19,29.51,0.0539,9,31,31,0.0,50.79,50.79
1420725,3,10,7,14,13,21,37.97,77.71,2.1,163.19,9.07,0.0259,6,14,14,0.0,60.95,60.95
1427668,11,26,25,47,37,72,160.27,375.08,9.94,3729.17,207.18,0.125,13,20,20,0.0,51.85,51.85
1431109,5,38,33,66,43,99,211.03,537.2,4.34,2332.58,129.59,0.1791,4,30,30,0.0,48.39,48.12
1432740,9,29,25,56,38,81,169.41,425.08,8.69,3693.82,205.21,0.1417,16,28,28,0.0,47.88,47.88
1438056,3,5,4,7,8,11,16.36,33.0,2.1,69.3,3.85,0.011,3,14,14,0.0,63.96,63.96
1439092,6,19,19,38,25,57,96.22,264.7,6.0,1588.2,88.23,0.0882,8,48,49,0.0,45.09,45.09
1444968,7,36,30,62,43,92,205.77,499.22,6.03,3009.17,167.18,0.1664,20,41,41,0.0,43.24,43.24
1445167,3,19,13,26,22,39,85.47,173.92,2.05,356.99,19.83,0.058,1,16,16,0.0,57.78,57.91
1445168,6,11,7,14,17,21,53.56,85.84,3.82,327.74,18.21,0.0286,3,12,12,0.0,62.52,62.52
1445172,5,11,8,16,16,24,49.66,96.0,3.64,349.09,19.39,0.032,3,12,12,0.0,62.18,62.18
1455570,8,10,9,16,18,25,57.22,104.25,6.4,667.19,37.07,0.0347,2,26,26,0.0,54.73,54.73
1465835,3,6,3,6,9,9,20.26,28.53,1.5,42.79,2.38,0.0095,9,22,22,0.0,59.32,59.32
1466703,2,4,2,4,6,6,10.0,15.51,1.0,15.51,0.86,0.0052,5,15,15,0.0,65.34,65.34
1468370,7,20,35,70,27,105,106.09,499.26,12.25,6115.97,339.78,0.1664,20,30,30,0.0,46.19,46.19
1480450,6,12,8,16,18,24,58.53,100.08,4.0,400.31,22.24,0.0334,2,21,21,9.52,74.33,74.33
1480573,5,9,6,11,14,17,40.14,64.73,3.06,197.77,10.99,0.0216,10,31,31,0.0,53.58,53.44
1481902,4,8,4,8,12,12,32.0,43.02,2.0,86.04,4.78,0.0143,7,16,16,0.0,61.35,61.35
1482892,5,10,7,14,15,21,44.83,82.04,3.5,287.16,15.95,0.0273,5,21,21,0.0,57.08,57.08
1494653,4,12,18,36,16,54,51.02,216.0,6.0,1296.0,72.0,0.072,10,26,27,0.0,51.22,51.09
1494953,3,12,16,32,15,48,47.77,187.53,4.0,750.12,41.67,0.0625,19,44,45,0.0,45.47,45.47
1495722,6,17,13,26,23,39,85.0,176.42,4.59,809.45,44.97,0.0588,3,14,14,21.43,82.8,82.8
1495777,2,6,4,8,8,12,17.51,36.0,1.33,48.0,2.67,0.012,7,18,18,0.0,60.78,60.78
1502578,5,8,5,10,13,15,35.61,55.51,3.12,173.46,9.64,0.0185,4,10,10,0.0,65.43,65.43
1502609,3,6,4,7,9,11,20.26,34.87,1.75,61.02,3.39,0.0116,5,16,16,0.0,62.26,62.26
1503251,5,14,9,18,19,27,64.91,114.69,3.21,368.66,20.48,0.0382,6,16,16,0.0,58.51,58.51
1507517,7,42,31,68,49,99,246.13,555.86,5.67,3149.85,174.99,0.1853,29,44,43,6.82,56.31,56.31
1509844,5,12,7,13,17,20,54.63,81.75,2.71,221.4,12.3,0.0272,6,21,21,0.0,56.96,56.96
1510322,4,10,12,22,14,34,41.22,129.45,4.4,569.58,31.64,0.0432,7,15,17,0.0,57.43,57.43
1514302,4,6,4,8,10,12,23.51,39.86,2.67,106.3,5.91,0.0133,6,13,13,15.38,84.92,84.92
1517496,4,11,10,20,15,30,46.05,117.21,3.64,426.21,23.68,0.0391,5,15,15,0.0,59.32,59.19
1527850,5,17,15,29,22,44,81.1,196.21,4.26,836.8,46.49,0.0654,6,20,20,0.0,54.76,54.76
1532693,7,25,26,52,32,78,135.75,390.0,7.28,2839.2,157.73,0.13,5,33,33,0.0,48.06,48.06
1558114,6,11,7,14,17,21,53.56,85.84,3.82,327.74,18.21,0.0286,1,29,24,0.0,56.22,56.22
1560230,4,22,14,27,26,41,106.11,192.72,2.45,473.04,26.28,0.0642,12,37,38,0.0,47.93,47.93
1570992,6,31,26,52,37,78,169.09,406.34,5.03,2044.79,113.6,0.1354,10,34,34,0.0,46.98,46.98
1571495,3,6,3,6,9,9,20.26,28.53,1.5,42.79,2.38,0.0095,1,7,7,0.0,71.24,71.24
1575156,3,3,3,5,6,8,9.51,20.68,2.5,51.7,2.87,0.0069,8,30,30,0.0,57.49,57.49
1575312,10,38,26,57,48,83,232.64,463.55,7.5,3476.64,193.15,0.1545,16,33,33,9.09,63.16,63.16
1583162,5,16,16,32,21,48,75.61,210.83,5.0,1054.16,58.56,0.0703,13,30,30,0.0,49.76,49.76
1585711,10,42,40,80,52,120,259.7,684.05,9.52,6514.79,361.93,0.228,18,40,40,0.0,42.78,42.78
1586090,8,37,22,47,45,69,216.75,378.94,5.08,1925.41,106.97,0.1263,13,36,36,0.0,46.25,46.25
1599524,3,14,10,20,17,30,58.06,122.62,2.14,262.77,14.6,0.0409,7,11,11,0.0,61.72,61.72
1599986,1,2,1,2,3,3,2.0,4.75,0.5,2.38,0.13,0.0016,1,4,4,0.0,81.99,81.99
1600933,1,5,4,8,6,12,11.61,31.02,0.8,24.82,1.38,0.0103,5,13,13,0.0,64.58,64.58
1600935,0,0,0,0,0,0,0,0,0,0,0.0,0.0,0,1,1,0.0,100.0,100.0
1606737,7,48,40,84,55,124,287.73,716.89,6.12,4390.94,243.94,0.239,27,75,77,12.0,54.45,54.45
1606874,6,16,9,19,22,28,79.51,124.86,3.56,444.83,24.71,0.0416,11,25,25,0.0,53.35,53.35
1610270,6,18,12,24,24,36,90.57,165.06,4.0,660.23,36.68,0.055,9,29,29,0.0,51.36,51.36
1612825,6,13,9,18,19,27,63.62,114.69,4.15,476.42,26.47,0.0382,4,12,12,0.0,61.5,61.5
1615454,4,23,26,52,27,78,112.04,370.88,4.52,1677.03,93.17,0.1236,14,25,25,0.0,49.63,49.63
1620276,4,17,11,22,21,33,77.49,144.95,2.59,375.16,20.84,0.0483,13,21,21,0.0,54.28,54.28
1620607,4,8,4,8,12,12,32.0,43.02,2.0,86.04,4.78,0.0143,4,15,15,0.0,62.37,62.37
1620690,5,19,13,26,24,39,92.32,178.81,3.42,611.73,33.99,0.0596,7,22,25,0.0,52.39,52.79
1620856,3,5,7,14,8,21,16.36,63.0,4.2,264.6,14.7,0.021,5,16,16,0.0,60.46,60.46
1628038,3,9,6,12,12,18,33.28,64.53,2.0,129.06,7.17,0.0215,5,20,21,0.0,57.81,57.81
1628734,7,34,23,48,41,71,192.63,380.39,4.94,1879.56,104.42,0.1268,16,27,28,0.0,48.21,48.21
1628735,7,20,18,36,27,54,106.09,256.76,6.3,1617.61,89.87,0.0856,15,38,38,0.0,46.65,46.65
1633662,6,24,22,46,30,68,125.55,333.67,5.75,1918.59,106.59,0.1112,17,38,38,0.0,45.58,45.58
1637043,3,6,3,6,9,9,20.26,28.53,1.5,42.79,2.38,0.0095,7,24,24,0.0,58.76,58.76
1637247,5,35,25,62,40,87,191.13,463.01,4.43,2050.46,113.91,0.1543,20,17,17,0.0,51.8,51.8
1638872,3,10,6,12,13,18,37.97,66.61,1.8,119.89,6.66,0.0222,3,9,9,0.0,66.01,66.01
1638875,3,10,6,12,13,18,37.97,66.61,1.8,119.89,6.66,0.0222,3,9,9,0.0,66.01,66.01
1639477,5,14,9,20,19,29,64.91,123.19,3.57,439.96,24.44,0.0411,8,14,14,0.0,59.28,59.28
1639479,7,7,8,16,14,24,39.3,91.38,8.0,731.01,40.61,0.0305,5,15,15,0.0,59.94,59.94
1639480,9,24,16,32,33,48,138.57,242.13,6.0,1452.79,80.71,0.0807,13,48,48,0.0,44.88,44.88
1639481,5,15,10,22,20,32,70.21,138.3,3.67,507.11,28.17,0.0461,8,14,14,0.0,58.93,58.93
1639482,7,11,8,16,18,24,57.71,100.08,5.09,509.49,28.3,0.0334,6,16,16,0.0,59.05,58.92
1639483,11,31,21,40,42,61,191.63,328.93,7.1,2334.35,129.69,0.1096,11,53,53,0.0,43.28,43.28
1640521,5,13,8,16,18,24,59.72,100.08,3.08,307.93,17.11,0.0334,6,20,20,0.0,56.81,56.81
1640522,9,15,11,20,24,31,87.13,142.13,6.0,852.8,47.38,0.0474,8,28,28,3.57,63.44,63.44
1642959,4,15,10,20,19,30,66.6,127.44,2.67,339.83,18.88,0.0425,7,22,22,0.0,55.03,55.03
1651845,6,10,7,14,16,21,48.73,84.0,4.2,352.8,19.6,0.028,4,16,16,0.0,59.72,59.72
1651857,5,24,17,32,29,49,121.65,238.04,3.33,793.47,44.08,0.0793,10,39,39,0.0,47.44,47.31
1652082,6,14,15,29,20,44,68.81,190.16,6.21,1181.74,65.65,0.0634,6,22,22,0.0,53.95,53.95
1652972,4,10,7,14,14,21,41.22,79.95,2.8,223.87,12.44,0.0267,8,22,22,4.55,68.82,68.82
1664736,6,69,36,79,75,115,437.0,716.31,3.43,2460.38,136.69,0.2388,27,34,31,0.0,43.84,43.84
1670649,3,7,5,10,10,15,24.41,49.83,2.14,106.78,5.93,0.0166,4,13,13,0.0,63.28,63.28
1672160,5,9,6,12,14,18,40.14,68.53,3.33,228.44,12.69,0.0228,1,17,18,0.0,59.63,59.63
1678920,5,16,21,38,21,59,75.61,259.15,5.94,1538.68,85.48,0.0864,16,34,34,0.0,47.54,47.54
1679984,5,11,7,14,16,21,49.66,84.0,3.18,267.27,14.85,0.028,7,23,23,0.0,55.88,55.88
1681336,8,22,15,29,30,44,122.11,215.9,5.27,1138.4,63.24,0.072,10,29,29,0.0,50.68,50.41
1682585,5,35,46,93,40,139,191.13,739.75,6.64,4914.04,273.0,0.2466,13,29,29,0.0,46.26,46.26
1686610,3,6,3,6,9,9,20.26,28.53,1.5,42.79,2.38,0.0095,5,17,17,0.0,62.3,62.3
1691731,5,19,14,27,24,41,92.32,187.98,3.55,667.84,37.1,0.0627,4,16,17,0.0,56.7,56.7
1698245,3,7,6,12,10,18,24.41,59.79,2.57,153.76,8.54,0.0199,3,11,11,0.0,64.44,64.44
1701875,7,23,25,46,30,71,123.69,348.39,7.0,2438.72,135.48,0.1161,8,13,13,0.0,56.82,56.82
1711121,6,31,28,56,37,84,169.09,437.59,5.42,2371.48,131.75,0.1459,8,41,42,2.44,54.32,54.32
1716120,7,33,24,54,40,78,186.12,415.11,5.73,2377.45,132.08,0.1384,13,14,14,0.0,54.92,54.92
1717733,2,3,3,6,5,9,6.75,20.9,2.0,41.79,2.32,0.007,2,9,9,0.0,69.67,69.67
1719385,5,32,31,61,37,92,171.61,479.27,4.77,2284.02,126.89,0.1598,25,59,60,0.0,39.08,39.08
1726167,11,18,14,27,29,41,113.11,199.18,8.25,1643.21,91.29,0.0664,13,29,29,0.0,50.25,50.25
1726980,9,25,20,38,34,58,144.63,295.07,6.84,2018.3,112.13,0.0984,6,15,15,0.0,56.24,56.24
1734779,6,32,27,60,38,87,175.51,456.57,5.62,2568.2,142.68,0.1522,17,19,16,0.0,52.82,52.82
1737643,7,11,9,17,18,26,57.71,108.42,5.41,586.44,32.58,0.0361,4,18,18,0.0,57.83,57.83
1738575,5,20,23,46,25,69,98.05,320.43,5.75,1842.45,102.36,0.1068,7,24,24,0.0,51.41,51.41
1739567,3,7,5,10,10,15,24.41,49.83,2.14,106.78,5.93,0.0166,1,7,7,0.0,69.41,69.54
1744109,3,5,3,6,8,9,16.36,27.0,1.8,48.6,2.7,0.009,1,6,6,0.0,72.87,72.87
1746482,8,23,21,41,31,62,128.04,307.16,7.13,2190.19,121.68,0.1024,8,22,22,0.0,52.22,52.22
1746657,5,9,8,13,14,21,40.14,79.95,3.61,288.72,16.04,0.0267,9,26,26,0.0,54.6,54.6
1750123,7,8,10,16,15,26,43.65,101.58,7.0,711.05,39.5,0.0339,6,12,13,0.0,60.84,60.84
1755895,9,39,38,76,48,114,234.66,636.69,8.77,5583.24,310.18,0.2122,8,24,24,0.0,49.18,49.18
1758365,7,15,14,26,22,40,78.25,178.38,6.07,1082.16,60.12,0.0595,8,33,33,0.0,50.04,50.04
1759156,4,5,4,7,9,11,19.61,34.87,2.8,97.63,5.42,0.0116,4,8,8,0.0,68.96,68.96
1761922,8,23,18,39,31,57,128.04,282.39,6.78,1915.34,106.41,0.0941,9,33,33,12.12,67.81,67.81
1762497,3,8,6,12,11,18,28.75,62.27,2.25,140.11,7.78,0.0208,3,12,12,16.67,85.38,85.38
1768589,4,16,15,27,20,42,72.0,181.52,3.38,612.63,34.04,0.0605,13,34,34,0.0,49.03,49.03
1773011,7,24,17,35,31,52,129.69,257.62,5.1,1314.93,73.05,0.0859,8,18,18,0.0,54.66,54.66
1773306,3,8,6,12,11,18,28.75,62.27,2.25,140.11,7.78,0.0208,3,13,13,15.38,83.97,83.97
1773307,9,27,32,64,36,96,156.91,496.31,10.67,5294.0,294.11,0.1654,9,39,39,10.26,63.22,63.22
1775686,6,21,20,40,27,60,107.75,285.29,5.71,1630.25,90.57,0.0951,22,69,69,0.0,39.74,39.74
1780856,2,29,17,45,31,62,142.88,307.16,1.55,476.63,26.48,0.1024,16,12,12,216.67,59.56,59.56
1783432,3,4,5,8,7,13,12.75,36.5,3.0,109.49,6.08,0.0122,5,16,16,0.0,62.12,62.12
1783612,9,28,29,51,37,80,163.14,416.76,8.2,3415.91,189.77,0.1389,7,33,33,0.0,47.19,47.59
1785038,6,13,10,19,19,29,63.62,123.19,4.38,540.14,30.01,0.0411,12,35,38,2.86,59.32,59.32
1788971,1,2,1,2,3,3,2.0,4.75,0.5,2.38,0.13,0.0016,1,7,7,0.0,76.69,76.69
1791254,5,13,9,16,18,25,59.72,104.25,3.08,320.76,17.82,0.0347,14,40,42,0.0,48.58,48.58
1799528,4,7,5,10,11,15,27.65,51.89,2.86,148.26,8.24,0.0173,3,9,9,0.0,66.77,66.77
1803049,6,14,13,25,20,38,68.81,164.23,5.36,879.82,48.88,0.0547,5,23,23,0.0,54.11,54.11
1804194,7,23,24,48,30,72,123.69,353.3,7.3,2580.6,143.37,0.1178,18,52,52,0.0,42.3,42.3
1808405,7,29,23,44,36,67,160.53,346.38,5.31,1839.42,102.19,0.1155,17,45,46,0.0,43.93,43.66
1811479,3,19,13,26,22,39,85.47,173.92,2.05,356.99,19.83,0.058,4,17,18,0.0,56.39,56.39
1812033,6,16,9,19,22,28,79.51,124.86,3.56,444.83,24.71,0.0416,6,11,11,0.0,61.8,61.8
1814072,4,12,10,17,16,27,51.02,108.0,2.83,306.0,17.0,0.036,14,30,30,0.0,51.66,51.66
1818671,3,5,4,7,8,11,16.36,33.0,2.1,69.3,3.85,0.011,3,9,9,0.0,68.15,68.15
1821867,6,13,10,19,19,29,63.62,123.19,4.38,540.14,30.01,0.0411,9,27,27,0.0,52.93,52.93
1824250,2,3,2,4,5,6,6.75,13.93,1.33,18.58,1.03,0.0046,2,10,10,0.0,69.91,69.91
1825416,3,8,6,12,11,18,28.75,62.27,2.25,140.11,7.78,0.0208,3,10,10,0.0,65.22,65.22
1828905,3,5,4,7,8,11,16.36,33.0,2.1,69.3,3.85,0.011,3,9,9,0.0,68.15,68.15
1834424,0,0,0,0,0,0,0,0,0,0,0.0,0.0,3,6,6,0.0,100.0,100.0
1835801,3,13,16,32,16,48,52.86,192.0,3.69,708.92,39.38,0.064,8,33,33,0.0,49.81,49.81
1845565,7,15,10,21,22,31,78.25,138.24,4.9,677.39,37.63,0.0461,7,18,21,0.0,55.23,55.23
1846133,4,15,11,21,19,32,66.6,135.93,2.8,380.61,21.15,0.0453,4,11,11,0.0,61.81,61.81
1855677,5,16,12,24,21,36,75.61,158.12,3.75,592.96,32.94,0.0527,2,44,42,0.0,48.92,48.92
1861822,12,47,43,82,59,125,304.09,735.33,10.47,7697.5,427.64,0.2451,26,62,63,0.0,37.18,37.18
1862117,0,0,0,0,0,0,0,0,0,0,0.0,0.0,1,4,4,0.0,100.0,100.0
1865160,4,21,24,48,25,72,100.24,334.36,4.57,1528.49,84.92,0.1115,10,53,53,0.0,43.37,43.37
1868819,5,17,9,18,22,27,81.1,120.4,2.65,318.72,17.71,0.0401,8,18,18,0.0,56.97,56.97
1868972,4,11,6,12,15,18,46.05,70.32,2.18,153.43,8.52,0.0234,4,18,18,0.0,59.15,59.15
1868977,6,15,10,20,21,30,74.11,131.77,4.0,527.08,29.28,0.0439,5,18,18,0.0,57.1,57.1
1876271,3,12,9,18,15,27,47.77,105.49,2.25,237.34,13.19,0.0352,1,4,4,0.0,72.57,72.57
1877764,6,30,23,49,36,72,162.72,372.23,4.9,1823.95,101.33,0.1241,14,40,40,0.0,45.17,45.17
1880665,11,31,32,59,42,91,191.63,490.7,10.47,5136.53,285.36,0.1636,17,45,45,0.0,42.81,42.81
1883195,7,20,12,24,27,36,106.09,171.18,4.2,718.94,39.94,0.0571,14,37,37,0.0,48.54,48.27
1889970,3,6,3,6,9,9,20.26,28.53,1.5,42.79,2.38,0.0095,1,17,20,11.76,80.37,80.37
1891235,7,12,9,18,19,27,62.67,114.69,5.25,602.14,33.45,0.0382,5,10,11,0.0,62.19,62.19
1892467,5,14,9,18,19,27,64.91,114.69,3.21,368.66,20.48,0.0382,8,27,27,0.0,53.28,53.28
1897420,5,13,10,20,18,30,59.72,125.1,3.85,481.15,26.73,0.0417,6,21,21,0.0,55.67,55.67
1900428,8,19,15,27,27,42,104.71,199.71,5.68,1135.17,63.06,0.0666,8,19,19,0.0,55.06,54.92
1904445,1,2,1,2,3,3,2.0,4.75,0.5,2.38,0.13,0.0016,2,9,9,0.0,74.17,74.17
1909073,7,9,8,15,16,23,48.18,92.0,5.83,536.67,29.81,0.0307,6,12,12,0.0,61.9,61.9
1912866,6,15,14,24,21,38,74.11,166.91,4.8,801.16,44.51,0.0556,8,30,30,0.0,51.14,51.14
1919616,5,14,12,24,19,36,64.91,152.93,4.29,655.39,36.41,0.051,10,26,26,0.0,52.49,52.49
1925199,5,9,7,13,14,20,40.14,76.15,3.61,274.98,15.28,0.0254,8,25,26,4.0,66.66,66.66
1925477,2,7,9,18,9,27,21.65,85.59,2.57,220.08,12.23,0.0285,7,25,28,0.0,53.96,53.96
1925484,5,26,15,34,31,49,133.82,242.76,3.27,793.62,44.09,0.0809,14,21,21,0.0,52.57,52.57
1932718,5,10,7,12,15,19,44.83,74.23,3.0,222.69,12.37,0.0247,11,31,33,0.0,52.43,52.3
1938205,3,6,3,6,9,9,20.26,28.53,1.5,42.79,2.38,0.0095,3,11,11,0.0,66.69,66.69
1939420,7,20,22,40,27,62,106.09,294.8,7.0,2063.62,114.65,0.0983,12,27,28,0.0,49.53,49.53
1948763,8,16,16,31,24,47,88.0,215.49,7.75,1670.07,92.78,0.0718,10,32,33,0.0,49.19,49.19
1949068,3,18,14,32,21,46,79.81,202.05,2.67,538.79,29.93,0.0673,13,19,19,0.0,54.21,54.21
1951267,6,17,14,28,23,42,85.0,189.99,4.94,938.77,52.15,0.0633,2,23,23,0.0,54.07,54.07
1953299,8,17,14,28,25,42,93.49,195.04,6.59,1284.98,71.39,0.065,16,41,41,0.0,46.63,46.63
1953752,2,4,2,4,6,6,10.0,15.51,1.0,15.51,0.86,0.0052,1,4,4,0.0,78.4,78.4
1959136,4,7,7,12,11,19,27.65,65.73,3.43,225.36,12.52,0.0219,7,19,19,0.0,58.44,58.44
1959157,4,14,9,18,18,27,61.3,112.59,2.57,289.51,16.08,0.0375,3,16,16,0.0,58.97,58.97
1965598,1,2,1,2,3,3,2.0,4.75,0.5,2.38,0.13,0.0016,0,3,3,0.0,84.72,84.85
1979770,4,7,5,9,11,14,27.65,48.43,2.57,124.54,6.92,0.0161,4,11,12,0.0,64.12,64.12
1979803,9,17,17,32,26,49,98.02,230.32,8.47,1950.96,108.39,0.0768,17,42,42,0.0,45.76,45.76
1979862,0,0,0,0,0,0,0,0,0,0,0.0,0.0,1,6,6,0.0,100.0,100.0
1987180,5,10,6,12,15,18,44.83,70.32,3.0,210.97,11.72,0.0234,8,18,18,0.0,58.74,58.61
1987763,2,3,2,4,5,6,6.75,13.93,1.33,18.58,1.03,0.0046,4,14,14,0.0,66.45,66.45
1992588,2,4,2,4,6,6,10.0,15.51,1.0,15.51,0.86,0.0052,3,9,9,0.0,70.44,70.44
1994841,8,37,42,83,45,125,216.75,686.48,8.97,6159.78,342.21,0.2288,26,36,36,0.0,42.69,42.69
2000138,2,4,3,6,6,9,10.0,23.26,1.5,34.9,1.94,0.0078,4,32,32,0.0,57.06,57.06
2006255,7,8,10,18,15,28,43.65,109.39,7.88,861.47,47.86,0.0365,4,13,13,0.0,60.89,60.89
2013302,7,19,12,23,26,35,100.36,164.52,4.24,697.03,38.72,0.0548,9,16,16,0.0,57.0,57.0
2013960,3,5,4,8,8,12,16.36,36.0,2.4,86.4,4.8,0.012,6,15,15,13.33,82.71,82.71
2014187,5,10,19,38,15,57,44.83,222.69,9.5,2115.58,117.53,0.0742,20,57,57,0.0,42.57,42.57
2014848,5,12,10,20,17,30,54.63,122.62,4.17,510.93,28.39,0.0409,7,25,26,0.0,53.57,53.57
2026204,7,32,25,50,39,75,179.65,396.41,5.47,2167.84,120.44,0.1321,15,27,27,0.0,48.57,48.57
2027553,2,4,2,4,6,6,10.0,15.51,1.0,15.51,0.86,0.0052,0,7,7,0.0,72.96,73.23
2034085,4,27,19,38,31,57,136.38,282.39,2.81,794.87,44.16,0.0941,7,20,20,0.0,53.52,53.52
2041125,11,54,47,95,65,142,348.82,855.18,9.68,8274.62,459.7,0.2851,37,94,94,0.0,31.45,31.45
2056484,6,16,15,27,22,42,79.51,187.3,5.06,948.19,52.68,0.0624,7,45,45,2.22,55.97,55.97
2057023,4,128,83,166,132,249,904.0,1754.05,2.59,4549.58,252.75,0.5847,16,146,134,0.0,28.73,28.73
2069513,5,17,14,28,22,42,81.1,187.3,4.12,771.22,42.85,0.0624,4,19,19,0.0,55.66,55.66
2074590,0,0,0,0,0,0,0,0,0,0,0.0,0.0,0,3,3,0.0,100.0,100.0
2094408,2,4,2,4,6,6,10.0,15.51,1.0,15.51,0.86,0.0052,4,12,12,0.0,67.58,67.58
2097903,4,11,9,18,15,27,46.05,105.49,3.27,345.23,19.18,0.0352,5,23,23,0.0,55.46,55.46
2098919,4,17,13,24,21,37,77.49,162.52,2.82,458.87,25.49,0.0542,6,17,21,0.0,54.87,54.87
2101158,5,19,20,32,24,52,92.32,238.42,4.21,1003.87,55.77,0.0795,10,22,22,0.0,52.73,52.73
2104266,3,6,5,8,9,13,20.26,41.21,2.0,82.42,4.58,0.0137,3,10,10,0.0,66.47,66.47
2106381,3,5,3,6,8,9,16.36,27.0,1.8,48.6,2.7,0.009,2,9,9,0.0,68.89,68.89
2109454,8,12,12,22,20,34,67.02,146.95,7.33,1077.6,59.87,0.049,13,29,29,0.0,51.18,51.18
2111169,2,7,10,20,9,30,21.65,95.1,2.86,271.71,15.09,0.0317,5,26,26,0.0,54.61,54.61
2111317,6,8,8,14,14,22,39.51,83.76,5.25,439.75,24.43,0.0279,3,14,14,0.0,61.13,61.13
2123330,6,13,11,22,19,33,63.62,140.18,5.08,711.69,39.54,0.0467,8,18,18,11.11,75.14,75.14
2123588,4,5,7,14,9,21,19.61,66.57,5.6,372.78,20.71,0.0222,3,14,16,0.0,60.56,60.56
2130489,6,10,10,18,16,28,48.73,112.0,5.4,604.8,33.6,0.0373,9,20,20,0.0,56.06,56.06
2130503,5,21,15,28,26,43,103.85,202.12,3.33,673.73,37.43,0.0674,4,20,20,0.0,54.94,54.94
2130968,2,5,4,8,7,12,13.61,33.69,1.6,53.9,2.99,0.0112,5,19,19,0.0,60.74,60.74
2145049,8,14,12,20,22,32,77.3,142.7,5.71,815.44,45.3,0.0476,4,20,21,0.0,55.53,55.53
2145137,1,2,1,2,3,3,2.0,4.75,0.5,2.38,0.13,0.0016,3,11,11,0.0,72.14,72.14
2145557,3,8,5,10,11,15,28.75,51.89,1.88,97.3,5.41,0.0173,5,11,11,0.0,64.6,64.6
2150297,5,17,9,18,22,27,81.1,120.4,2.65,318.72,17.71,0.0401,6,34,36,0.0,50.68,50.68
2153759,6,13,12,24,19,36,63.62,152.93,5.54,846.97,47.05,0.051,5,14,14,0.0,59.03,59.03
2158219,7,14,14,26,21,40,72.95,175.69,6.5,1142.0,63.44,0.0586,5,28,28,7.14,67.42,67.42
2159152,4,16,11,21,20,32,72.0,138.3,2.62,363.04,20.17,0.0461,4,29,29,0.0,52.57,52.57
2160707,8,17,15,27,25,42,93.49,195.04,6.35,1239.09,68.84,0.065,10,23,23,0.0,52.91,52.91
2180134,2,3,3,6,5,9,6.75,20.9,2.0,41.79,2.32,0.007,2,7,7,0.0,72.05,72.05
2181316,3,9,6,12,12,18,33.28,64.53,2.0,129.06,7.17,0.0215,3,14,14,0.0,61.92,61.92
2186835,5,10,6,11,15,17,44.83,66.42,2.75,182.65,10.15,0.0221,5,13,15,0.0,60.91,60.91
2193775,5,35,21,40,40,61,191.13,324.64,2.86,927.54,51.53,0.1082,17,59,63,0.0,40.88,40.88
2195207,4,7,5,8,11,13,27.65,44.97,2.29,102.79,5.71,0.015,4,15,16,6.67,76.53,76.53
2201081,10,79,86,179,89,265,531.22,1716.07,11.33,19441.55,1080.09,0.572,38,61,61,6.56,48.09,48.09
2201126,9,20,18,36,29,54,114.97,262.33,8.1,2124.88,118.05,0.0874,13,27,27,0.0,50.23,50.09
2201793,3,8,5,10,11,15,28.75,51.89,1.88,97.3,5.41,0.0173,5,16,16,0.0,61.05,61.05
2205055,4,10,8,16,14,24,41.22,91.38,3.2,292.4,16.24,0.0305,2,9,9,0.0,65.19,65.19
2207929,5,8,5,8,13,13,35.61,48.11,2.5,120.26,6.68,0.016,5,15,15,0.0,61.89,61.89
2207940,2,4,2,4,6,6,10.0,15.51,1.0,15.51,0.86,0.0052,6,17,17,0.0,64.02,64.02
2216436,9,42,31,68,51,99,255.01,561.57,7.29,4091.44,227.3,0.1872,21,38,40,0.0,42.98,42.98
2222628,10,17,17,31,27,48,102.71,228.23,9.12,2080.96,115.61,0.0761,10,22,22,0.0,52.86,52.86
2228901,5,8,8,13,13,21,35.61,77.71,4.06,315.69,17.54,0.0259,6,18,18,0.0,58.57,58.57
2230076,5,9,8,13,14,21,40.14,79.95,3.61,288.72,16.04,0.0267,7,14,14,0.0,60.73,60.73
2230081,8,12,12,20,20,32,67.02,138.3,6.67,922.01,51.22,0.0461,11,36,37,0.0,49.32,49.32
2230082,8,15,12,21,23,33,82.6,149.28,5.6,835.95,46.44,0.0498,7,34,35,0.0,50.15,50.15
2235620,3,13,9,18,16,27,52.86,108.0,2.08,224.31,12.46,0.036,6,23,24,0.0,54.85,54.85
2242653,2,4,2,4,6,6,10.0,15.51,1.0,15.51,0.86,0.0052,3,12,12,0.0,67.72,67.72
2242845,2,4,3,6,6,9,10.0,23.26,1.5,34.9,1.94,0.0078,3,9,9,0.0,69.21,69.21
2256224,5,7,7,14,12,21,31.26,75.28,5.0,376.42,20.91,0.0251,4,13,13,0.0,61.89,62.02
2261477,3,6,3,6,9,9,20.26,28.53,1.5,42.79,2.38,0.0095,6,14,14,0.0,64.0,64.0
2261738,2,4,2,4,6,6,10.0,15.51,1.0,15.51,0.86,0.0052,1,4,4,0.0,78.4,78.4
2270193,4,9,6,12,13,18,36.53,66.61,2.67,177.62,9.87,0.0222,5,17,17,0.0,59.72,59.72
2270886,6,30,22,47,36,69,162.72,356.72,4.7,1676.61,93.14,0.1189,15,25,25,0.0,49.62,49.62
2276587,2,3,2,4,5,6,6.75,13.93,1.33,18.58,1.03,0.0046,2,9,9,0.0,70.9,70.9
2277673,9,25,24,48,34,72,144.63,366.3,8.64,3164.81,175.82,0.1221,12,29,29,0.0,48.53,48.53
2282696,1,1,1,1,2,2,0.0,2.0,0.5,1.0,0.06,0.0007,2,8,8,0.0,77.92,77.92
2284070,2,5,3,6,7,9,13.61,25.27,1.2,30.32,1.68,0.0084,3,9,9,0.0,68.96,68.96
2289408,2,5,3,6,7,9,13.61,25.27,1.2,30.32,1.68,0.0084,3,10,10,0.0,67.96,67.96
2293998,7,24,17,29,31,46,129.69,227.89,4.23,963.8,53.54,0.076,25,57,57,0.0,42.23,41.83
2297924,3,8,5,10,11,15,28.75,51.89,1.88,97.3,5.41,0.0173,3,10,10,0.0,65.77,65.77
2308663,5,8,7,14,13,21,35.61,77.71,4.38,339.98,18.89,0.0259,7,17,17,11.76,78.06,78.06
2309912,3,5,3,5,8,8,16.36,24.0,1.5,36.0,2.0,0.008,5,15,15,0.0,64.01,64.01
2316923,6,11,14,28,17,42,53.56,171.67,7.64,1310.96,72.83,0.0572,10,25,25,0.0,52.51,52.51
2318736,3,5,3,5,8,8,16.36,24.0,1.5,36.0,2.0,0.008,5,15,15,0.0,64.01,64.01
2324635,4,8,6,12,12,18,32.0,64.53,3.0,193.59,10.75,0.0215,5,14,14,0.0,61.65,61.65
2325196,2,4,3,6,6,9,10.0,23.26,1.5,34.9,1.94,0.0078,3,12,12,0.0,66.49,66.49
2325235,2,5,4,8,7,12,13.61,33.69,1.6,53.9,2.99,0.0112,3,13,14,0.0,63.9,63.9
2325237,3,13,10,20,16,30,52.86,120.0,2.31,276.92,15.38,0.04,7,14,14,0.0,59.5,59.5
2330838,5,9,7,12,14,19,40.14,72.34,3.33,241.13,13.4,0.0241,9,26,27,0.0,54.55,54.55
2332810,2,14,12,24,16,36,55.3,144.0,1.71,246.86,13.71,0.048,9,30,30,0.0,51.45,51.45
2337683,5,23,26,52,28,78,115.65,374.97,5.65,2119.42,117.75,0.125,8,41,41,0.0,45.72,45.72
2338588,2,4,2,4,6,6,10.0,15.51,1.0,15.51,0.86,0.0052,7,21,21,0.0,61.88,61.88
2339508,8,19,12,24,27,36,104.71,171.18,5.05,864.89,48.05,0.0571,15,40,41,0.0,47.43,47.16
2345169,2,7,4,8,9,12,21.65,38.04,1.14,43.47,2.42,0.0127,4,16,16,0.0,62.13,62.13
2347943,5,36,45,84,41,129,197.73,691.12,5.83,4031.56,223.98,0.2304,27,32,32,0.0,43.65,43.65
2351687,8,33,33,59,41,92,190.47,492.89,7.15,3524.94,195.83,0.1643,21,61,61,4.92,52.34,52.34
2351688,7,16,10,19,23,29,83.65,131.18,4.16,545.23,30.29,0.0437,10,23,23,0.0,54.12,54.12
2365194,8,15,14,26,23,40,82.6,180.94,6.93,1254.53,69.7,0.0603,7,21,21,0.0,54.41,54.41
2370849,3,5,4,8,8,12,16.36,36.0,2.4,86.4,4.8,0.012,0,10,10,0.0,66.62,67.29
2372816,6,38,22,48,44,70,214.93,382.16,3.79,1448.19,80.45,0.1274,16,32,33,0.0,46.64,46.64
2379800,6,14,12,24,20,36,68.81,155.59,5.14,800.17,44.45,0.0519,7,24,24,0.0,53.6,53.6
2384473,3,12,6,13,15,19,47.77,74.23,1.62,120.63,6.7,0.0247,8,15,15,0.0,60.17,60.17
2384680,10,15,13,26,25,39,91.82,181.11,8.67,1569.62,87.2,0.0604,8,23,23,0.0,53.68,53.41
2392045,2,6,3,6,8,9,17.51,27.0,1.0,27.0,1.5,0.009,2,9,9,0.0,68.89,68.89
2393656,7,7,7,13,14,20,39.3,76.15,6.5,494.96,27.5,0.0254,4,13,13,0.0,61.99,61.99
2395197,10,34,32,64,44,96,206.19,524.11,9.41,4932.76,274.04,0.1747,11,38,38,5.26,58.4,58.4
2403889,8,15,17,32,23,49,82.6,221.65,8.53,1891.45,105.08,0.0739,9,25,25,0.0,51.87,51.87
2405769,3,12,9,19,15,28,47.77,109.39,2.38,259.81,14.43,0.0365,8,23,24,0.0,54.54,54.54
2406764,9,20,26,48,29,74,114.97,359.49,10.8,3882.5,215.69,0.1198,15,35,35,0.0,46.41,46.41
2411062,5,10,11,22,15,33,44.83,128.93,5.5,709.1,39.39,0.043,7,18,18,0.0,56.9,56.9
2412730,8,13,10,19,21,29,72.11,127.38,5.85,744.67,41.37,0.0425,9,20,20,0.0,55.67,55.67
2413594,2,42,49,98,44,147,228.48,802.54,2.33,1872.59,104.03,0.2675,34,56,56,0.0,36.95,36.95
2418019,5,11,10,18,16,28,49.66,112.0,4.09,458.18,25.45,0.0373,6,25,25,0.0,54.35,54.35
2419696,3,9,6,12,12,18,33.28,64.53,2.0,129.06,7.17,0.0215,3,12,12,0.0,63.38,63.38
2421659,2,29,30,60,31,90,142.88,445.88,2.07,922.51,51.25,0.1486,21,35,35,0.0,44.94,44.94
2422166,6,12,7,14,18,21,58.53,87.57,3.5,306.49,17.03,0.0292,9,26,26,0.0,54.32,54.32
2427317,2,4,2,4,6,6,10.0,15.51,1.0,15.51,0.86,0.0052,6,13,13,0.0,66.56,66.56
2427340,5,13,11,22,18,33,59.72,137.61,4.23,582.19,32.34,0.0459,2,9,9,0.0,63.94,63.94
2427341,5,9,5,9,14,14,40.14,53.3,2.5,133.26,7.4,0.0178,7,22,22,0.0,57.68,57.68
2433932,6,9,6,12,15,18,44.04,70.32,4.0,281.3,15.63,0.0234,3,8,8,0.0,66.96,66.96
2434305,1,2,1,2,3,3,2.0,4.75,0.5,2.38,0.13,0.0016,1,46,5,0.0,79.88,79.88
2434346,4,12,10,18,16,28,51.02,112.0,3.0,336.0,18.67,0.0373,5,17,17,0.0,58.14,58.14
2435180,1,2,1,2,3,3,2.0,4.75,0.5,2.38,0.13,0.0016,1,5,5,0.0,79.88,79.88
2441234,4,5,5,9,9,14,19.61,44.38,3.6,159.76,8.88,0.0148,5,15,15,0.0,62.14,62.14
2441515,4,7,6,10,11,16,27.65,55.35,2.86,158.15,8.79,0.0185,8,19,19,0.0,58.82,58.82
2443441,4,11,8,16,15,24,46.05,93.77,2.91,272.77,15.15,0.0313,7,13,13,0.0,60.95,60.95
2444447,8,10,10,19,18,29,57.22,120.93,7.6,919.05,51.06,0.0403,11,38,38,0.0,49.48,49.48
2448538,5,29,16,35,34,51,152.49,259.46,3.02,782.86,43.49,0.0865,13,29,29,0.0,49.45,49.45
2448814,4,17,21,42,21,63,77.49,276.72,4.94,1367.3,75.96,0.0922,21,26,26,11.54,68.13,68.13
2455331,2,4,3,6,6,9,10.0,23.26,1.5,34.9,1.94,0.0078,4,18,18,0.0,62.51,62.51
2461174,3,14,15,30,17,45,58.06,183.94,3.21,591.22,32.85,0.0613,9,27,27,0.0,51.71,51.71
2461535,5,10,6,12,15,18,44.83,70.32,3.0,210.97,11.72,0.0234,6,19,19,0.0,58.36,58.36
2464285,9,22,15,29,31,44,126.64,217.98,5.93,1293.05,71.84,0.0727,2,29,31,0.0,50.82,50.82
2468326,2,7,7,14,9,21,21.65,66.57,2.0,133.14,7.4,0.0222,6,18,18,0.0,59.04,59.04
2475046,3,7,4,8,10,12,24.41,39.86,1.71,68.34,3.8,0.0133,4,14,14,0.0,63.25,63.25
2481432,5,26,18,39,31,57,133.82,282.39,3.75,1058.96,58.83,0.0941,18,35,35,0.0,46.74,46.74
2489614,5,17,15,26,22,41,81.1,182.84,3.82,699.08,38.84,0.0609,9,23,23,0.0,53.25,53.25
2489692,7,18,23,46,25,69,94.71,320.43,8.94,2866.03,159.22,0.1068,12,34,34,8.82,64.32,64.32
2490980,6,12,7,14,18,21,58.53,87.57,3.5,306.49,17.03,0.0292,7,18,18,0.0,58.21,58.08
2496628,4,8,5,9,12,14,32.0,50.19,2.25,112.93,6.27,0.0167,7,18,18,0.0,59.9,59.77
2501733,2,2,2,4,4,6,4.0,12.0,2.0,24.0,1.33,0.004,3,13,13,0.0,67.74,67.74
2503490,6,45,32,68,51,100,262.64,567.24,4.53,2571.5,142.86,0.1891,38,61,61,4.92,50.03,49.63
2503770,9,39,29,51,48,80,234.66,446.8,5.88,2629.23,146.07,0.1489,13,40,39,0.0,44.99,44.99
2504230,6,15,14,27,21,41,74.11,180.09,5.4,972.46,54.03,0.06,7,18,18,0.0,55.88,55.88
2505701,9,37,49,95,46,144,221.28,795.39,11.55,9190.01,510.56,0.2651,25,62,62,0.0,37.23,37.23
2510808,11,35,25,49,46,74,217.58,408.74,7.7,3147.33,174.85,0.1362,15,35,35,0.0,46.28,46.01
2511377,2,4,2,4,6,6,10.0,15.51,1.0,15.51,0.86,0.0052,4,13,13,0.0,66.83,66.83
2517576,6,19,15,23,25,38,96.22,176.47,3.63,640.85,35.6,0.0588,14,29,31,0.0,49.85,49.85
2517579,5,11,10,20,16,30,49.66,120.0,4.55,545.45,30.3,0.04,8,12,12,0.0,60.82,60.82
2519243,3,12,9,16,15,25,47.77,97.67,2.0,195.34,10.85,0.0326,5,28,29,0.0,53.49,53.49
2524729,3,7,4,8,10,12,24.41,39.86,1.71,68.34,3.8,0.0133,4,10,10,0.0,66.44,66.44
2524743,6,21,18,36,27,54,107.75,256.76,5.14,1320.5,73.36,0.0856,5,16,16,0.0,56.19,56.19
2531700,3,6,4,8,9,12,20.26,38.04,2.0,76.08,4.23,0.0127,4,13,13,0.0,64.1,64.1
2532137,4,7,7,12,11,19,27.65,65.73,3.43,225.36,12.52,0.0219,5,15,16,13.33,80.4,80.4
2532174,5,10,7,12,15,19,44.83,74.23,3.0,222.69,12.37,0.0247,7,28,28,0.0,54.39,54.39
2538795,5,21,14,27,26,41,103.85,192.72,3.21,619.45,34.41,0.0642,9,20,20,0.0,54.41,54.41
2539804,2,12,8,16,14,24,45.02,91.38,1.33,121.84,6.77,0.0305,6,23,23,0.0,55.76,55.76
2545997,3,7,6,12,10,18,24.41,59.79,2.57,153.76,8.54,0.0199,4,15,15,0.0,61.37,61.37
2546000,6,16,13,26,22,39,79.51,173.92,4.88,847.85,47.1,0.058,10,31,31,0.0,50.44,50.44
2553050,4,12,6,12,16,18,51.02,72.0,2.0,144.0,8.0,0.024,6,17,17,0.0,59.35,59.35
2553068,4,15,12,24,19,36,66.6,152.93,3.2,489.36,27.19,0.051,17,23,23,0.0,52.71,52.71
2561361,9,20,16,29,29,45,114.97,218.61,6.53,1426.42,79.25,0.0729,11,37,37,8.11,64.2,64.2
2561363,4,10,9,15,14,24,41.22,91.38,3.0,274.13,15.23,0.0305,16,44,44,4.55,60.77,60.77
2567068,8,40,35,60,48,95,236.88,530.57,6.0,3183.43,176.86,0.1769,16,36,33,0.0,45.64,45.64
2570341,3,4,3,6,7,9,12.75,25.27,2.25,56.85,3.16,0.0084,3,12,12,0.0,66.23,66.23
2574424,5,13,12,22,18,34,59.72,141.78,4.23,599.83,33.32,0.0473,7,21,21,0.0,55.15,55.15
2574425,2,5,3,6,7,9,13.61,25.27,1.2,30.32,1.68,0.0084,4,12,12,0.0,66.1,66.1
2574427,4,9,6,12,13,18,36.53,66.61,2.67,177.62,9.87,0.0222,6,21,21,0.0,57.58,57.58
2574431,4,10,7,13,14,20,41.22,76.15,2.6,197.98,11.0,0.0254,5,19,20,0.0,57.77,57.77
2574433,5,19,18,35,24,53,92.32,243.0,4.61,1119.09,62.17,0.081,8,38,38,2.63,57.4,57.4
2580846,4,6,4,8,10,12,23.51,39.86,2.67,106.3,5.91,0.0133,0,5,5,0.0,73.14,73.55
2580997,2,6,4,8,8,12,17.51,36.0,1.33,48.0,2.67,0.012,5,18,18,0.0,61.05,61.05
2584759,2,5,3,6,7,9,13.61,25.27,1.2,30.32,1.68,0.0084,0,7,7,0.0,71.48,71.74
2589024,4,23,17,40,27,57,112.04,271.03,3.48,942.71,52.37,0.0903,13,11,11,0.0,58.5,58.5
2591689,2,3,2,3,5,5,6.75,11.61,1.0,11.61,0.64,0.0039,0,6,6,0.0,75.3,75.57
2592953,7,29,22,44,36,66,160.53,341.22,5.31,1811.97,100.66,0.1137,4,33,33,9.09,65.7,65.7
2598679,2,6,3,6,8,9,17.51,27.0,1.0,27.0,1.5,0.009,2,11,11,0.0,66.99,66.99
2598682,8,33,24,46,41,70,190.47,375.03,5.58,2091.07,116.17,0.125,7,45,36,0.0,47.09,47.09
2598683,7,36,31,59,43,90,205.77,488.36,5.74,2801.31,155.63,0.1628,16,37,37,0.0,44.81,44.81
2602792,1,3,2,4,4,6,4.75,12.0,0.67,8.0,0.44,0.004,3,12,12,0.0,68.5,68.5
2605254,4,6,4,7,10,11,23.51,36.54,2.33,85.26,4.74,0.0122,5,17,17,0.0,61.54,61.54
2607457,5,9,5,10,14,15,40.14,57.11,2.78,158.64,8.81,0.019,5,13,13,0.0,62.73,62.73
2608108,6,13,16,30,19,46,63.62,195.4,6.92,1352.8,75.16,0.0651,14,47,47,0.0,45.6,45.6
2612815,1,2,1,2,3,3,2.0,4.75,0.5,2.38,0.13,0.0016,0,8,8,0.0,75.16,75.56
2612819,5,9,7,14,14,21,40.14,79.95,3.89,310.93,17.27,0.0267,7,19,19,0.0,57.84,57.84
2612820,9,15,10,20,24,30,87.13,137.55,6.0,825.29,45.85,0.0458,8,20,20,0.0,55.57,55.57
2614046,5,14,13,25,19,38,64.91,161.42,4.46,720.63,40.04,0.0538,1,24,24,0.0,54.3,54.3
2619651,7,16,17,29,23,46,83.65,208.08,6.34,1320.03,73.34,0.0694,20,41,41,0.0,45.9,45.9
2619655,2,4,2,4,6,6,10.0,15.51,1.0,15.51,0.86,0.0052,5,17,18,0.0,63.61,63.61
2621440,8,26,20,41,34,61,146.21,310.34,6.31,1957.5,108.75,0.1034,12,25,25,0.0,50.44,50.44
2626439,2,4,2,4,6,6,10.0,15.51,1.0,15.51,0.86,0.0052,4,35,20,0.0,62.74,62.74
2626983,6,13,9,18,19,27,63.62,114.69,4.15,476.42,26.47,0.0382,7,18,18,0.0,57.26,57.26
2633453,3,4,3,6,7,9,12.75,25.27,2.25,56.85,3.16,0.0084,8,26,26,0.0,58.24,58.24
2633880,5,10,6,11,15,17,44.83,66.42,2.75,182.65,10.15,0.0221,1,9,9,0.0,66.16,66.29
2634355,6,13,10,20,19,30,63.62,127.44,4.62,588.17,32.68,0.0425,12,28,34,7.14,65.61,65.61
2640938,2,14,14,28,16,42,55.3,168.0,2.0,336.0,18.67,0.056,10,23,23,8.7,70.14,70.14
2641050,5,26,21,41,31,62,133.82,307.16,3.94,1210.92,67.27,0.1024,13,29,29,0.0,48.93,48.93
2641060,7,15,13,24,22,37,78.25,165.0,5.6,923.99,51.33,0.055,13,37,37,0.0,48.52,48.52
2647638,6,13,10,16,19,26,63.62,110.45,3.69,407.8,22.66,0.0368,6,17,17,0.0,58.05,58.05
2648141,5,7,6,12,12,18,31.26,64.53,4.29,276.55,15.36,0.0215,4,16,16,0.0,60.52,60.52
2648283,4,9,8,16,13,24,36.53,88.81,3.56,315.77,17.54,0.0296,5,15,15,0.0,60.03,60.03
2650391,4,9,8,16,13,24,36.53,88.81,3.56,315.77,17.54,0.0296,3,9,9,0.0,65.14,65.14
2654515,3,8,4,8,11,12,28.75,41.51,1.5,62.27,3.46,0.0138,7,22,24,0.0,57.62,57.62
2654786,5,10,9,16,15,25,44.83,97.67,4.0,390.69,21.7,0.0326,7,25,25,0.0,54.63,54.63
2654841,7,25,21,42,32,63,135.75,315.0,5.88,1852.2,102.9,0.105,7,26,26,0.0,50.7,50.7
2654907,8,63,73,155,71,228,400.57,1402.14,9.84,13798.86,766.6,0.4674,20,51,51,0.0,38.03,38.03
2654929,5,19,13,23,24,36,92.32,165.06,3.03,499.52,27.75,0.055,13,26,26,7.69,67.75,67.75
2662995,2,6,3,6,8,9,17.51,27.0,1.0,27.0,1.5,0.009,3,10,10,0.0,67.76,67.76
2668562,3,12,8,15,15,23,47.77,89.86,1.88,168.48,9.36,0.03,7,23,23,0.0,55.67,55.67
2668571,3,6,3,6,9,9,20.26,28.53,1.5,42.79,2.38,0.0095,7,24,24,8.33,75.23,75.23
2668577,6,37,30,60,43,90,208.26,488.36,4.86,2375.82,131.99,0.1628,10,40,40,0.0,44.88,44.88
2675578,4,29,21,42,33,63,148.88,317.8,2.9,920.51,51.14,0.1059,9,23,23,0.0,51.56,51.56
2681853,1,1,1,1,2,2,0.0,2.0,0.5,1.0,0.06,0.0007,5,12,12,0.0,73.68,73.68
2683246,4,8,11,22,12,33,32.0,118.3,5.5,650.67,36.15,0.0394,8,29,29,0.0,52.51,52.51
2687189,4,5,12,24,9,36,19.61,114.12,9.6,1095.53,60.86,0.038,5,20,20,0.0,56.54,56.54
2688168,12,36,33,63,48,96,229.14,536.16,10.5,5629.64,312.76,0.1787,17,30,30,0.0,46.38,46.38
2689259,10,29,22,43,39,65,174.1,343.55,7.41,2547.02,141.5,0.1145,32,71,71,0.0,37.82,37.56
2689260,4,8,6,12,12,18,32.0,64.53,3.0,193.59,10.75,0.0215,4,16,16,0.0,60.52,60.52
2689264,7,25,18,36,32,54,135.75,270.0,5.04,1360.8,75.6,0.09,6,22,22,0.0,52.88,52.88
2696634,4,9,6,12,13,18,36.53,66.61,2.67,177.62,9.87,0.0222,5,19,19,0.0,58.66,58.66
2697208,4,7,4,8,11,12,27.65,41.51,2.29,94.89,5.27,0.0138,2,7,7,0.0,69.97,69.97
2703467,2,4,2,4,6,6,10.0,15.51,1.0,15.51,0.86,0.0052,4,13,13,0.0,66.83,66.83
2704155,7,16,19,37,23,56,83.65,253.32,8.09,2050.3,113.91,0.0844,7,19,20,0.0,53.85,53.85
2704294,6,51,34,68,57,102,304.8,594.95,4.0,2379.82,132.21,0.1983,5,53,53,0.0,42.29,42.29
2710394,5,63,88,201,68,289,388.18,1759.28,7.98,14032.33,779.57,0.5864,54,55,55,7.27,47.55,47.55
2721177,7,8,7,14,15,21,43.65,82.04,6.12,502.52,27.92,0.0273,4,12,12,0.0,62.52,62.52
2723465,3,6,5,9,9,14,20.26,44.38,2.25,99.85,5.55,0.0148,4,14,14,0.0,62.93,62.93
2723513,9,34,40,78,43,118,201.5,640.3,10.32,6610.15,367.23,0.2134,20,52,52,0.0,40.23,40.23
2727415,6,10,6,12,16,18,48.73,72.0,3.6,259.2,14.4,0.024,5,13,13,0.0,62.02,62.02
2730130,6,21,12,24,27,36,107.75,171.18,3.43,586.89,32.6,0.0571,19,36,36,0.0,47.86,47.86
2730152,3,5,4,8,8,12,16.36,36.0,2.4,86.4,4.8,0.012,4,14,14,0.0,63.56,63.56
2731604,4,6,7,14,10,21,23.51,69.76,4.67,325.55,18.09,0.0233,3,16,16,0.0,60.42,60.42
2733572,6,32,21,46,38,67,175.51,351.61,4.31,1516.32,84.24,0.1172,12,31,32,0.0,47.73,47.73
2733701,7,33,31,65,40,96,186.12,510.91,6.89,3522.15,195.67,0.1703,15,36,38,0.0,44.56,44.56
2737511,7,48,52,104,55,156,287.73,901.89,7.58,6839.35,379.96,0.3006,40,48,48,14.58,58.05,58.05
2737655,4,14,9,17,18,26,61.3,108.42,2.43,263.3,14.63,0.0361,12,22,23,0.0,54.43,54.43
2745581,3,7,4,8,10,12,24.41,39.86,1.71,68.34,3.8,0.0133,3,28,28,0.0,56.15,56.82
2751688,6,12,7,14,18,21,58.53,87.57,3.5,306.49,17.03,0.0292,3,10,10,0.0,64.18,64.18
2756266,5,12,9,16,17,25,54.63,102.19,3.33,340.62,18.92,0.0341,7,22,22,0.0,55.71,55.71
2757878,2,8,6,12,10,18,26.0,59.79,1.5,89.69,4.98,0.0199,2,19,19,0.0,59.4,59.4
2757914,2,5,3,6,7,9,13.61,25.27,1.2,30.32,1.68,0.0084,4,12,12,0.0,66.1,66.1
2758319,7,23,14,26,30,40,123.69,196.28,3.96,776.57,43.14,0.0654,13,46,46,2.17,54.72,54.72
2769415,6,25,25,52,31,77,131.61,381.47,6.24,2380.39,132.24,0.1272,16,28,28,0.0,48.2,48.2
2769628,13,38,43,77,51,120,247.53,680.69,13.17,8965.42,498.08,0.2269,24,52,52,0.0,39.5,39.5
2769633,8,86,80,156,94,236,576.66,1546.88,7.26,11223.9,623.55,0.5156,6,42,42,30.95,68.17,68.17
2775595,2,13,12,16,15,28,50.11,109.39,1.23,134.64,7.48,0.0365,5,13,13,0.0,60.75,60.75
2776120,1,4,3,6,5,9,8.0,20.9,0.75,15.67,0.87,0.007,4,14,14,0.0,65.22,65.22
2776468,8,18,13,26,26,39,99.06,183.32,5.78,1059.17,58.84,0.0611,8,19,19,10.53,73.39,73.39
2776862,8,41,28,57,49,85,243.66,477.25,5.56,2653.98,147.44,0.1591,23,53,55,5.66,54.02,54.02
2780957,4,9,6,12,13,18,36.53,66.61,2.67,177.62,9.87,0.0222,5,20,20,0.0,58.18,58.18
2785208,5,18,15,30,23,45,86.67,203.56,4.17,848.17,47.12,0.0679,8,18,18,0.0,55.38,55.38
2789923,8,29,22,46,37,68,164.88,354.24,6.34,2247.61,124.87,0.1181,13,32,32,0.0,47.57,47.57
2789959,4,8,6,12,12,18,32.0,64.53,3.0,193.59,10.75,0.0215,6,16,16,0.0,60.25,60.25
2803355,14,54,43,81,68,124,364.07,754.85,10.5,7925.88,440.33,0.2516,27,56,56,0.0,38.08,38.08
2803912,3,9,7,14,12,21,33.28,75.28,2.33,175.66,9.76,0.0251,9,22,22,0.0,56.37,56.37
2803933,9,41,53,88,50,141,248.19,795.78,9.66,7686.11,427.01,0.2653,12,38,38,0.0,43.61,43.61
2805594,3,31,20,44,34,64,158.33,325.6,2.13,693.21,38.51,0.1085,19,36,37,0.0,45.64,45.64
2811384,3,6,5,10,9,15,20.26,47.55,2.5,118.87,6.6,0.0158,5,16,16,0.0,61.32,61.32
2812352,5,8,8,16,13,24,35.61,88.81,5.0,444.05,24.67,0.0296,3,9,9,0.0,65.14,65.14
2821575,5,10,6,12,15,18,44.83,70.32,3.0,210.97,11.72,0.0234,6,16,16,0.0,59.99,59.99
2827266,5,20,17,36,25,53,98.05,246.12,4.5,1107.56,61.53,0.082,8,21,21,0.0,53.34,53.34
2827281,4,7,6,11,11,17,27.65,58.81,3.14,184.83,10.27,0.0196,10,35,36,0.0,52.32,52.32
2833738,4,18,9,18,22,27,83.06,120.4,2.0,240.81,13.38,0.0401,3,20,20,0.0,56.65,56.65
2834486,4,15,19,35,19,54,66.6,229.39,4.67,1070.48,59.47,0.0765,10,33,33,18.18,71.6,71.6
2842706,4,18,29,51,22,80,83.06,356.75,5.67,2021.61,112.31,0.1189,20,49,50,0.0,42.38,42.38
2843490,7,12,10,17,19,27,62.67,114.69,4.96,568.69,31.59,0.0382,9,21,21,0.0,55.66,55.53
2855204,9,50,35,78,59,113,310.72,664.74,7.02,4666.47,259.25,0.2216,36,56,56,0.0,37.26,37.26
2862968,2,4,2,4,6,6,10.0,15.51,1.0,15.51,0.86,0.0052,2,8,9,0.0,70.58,70.58
2862972,7,10,7,14,17,21,52.87,85.84,4.9,420.6,23.37,0.0286,4,14,14,0.0,60.92,60.92
2871953,4,7,4,7,11,11,27.65,38.05,2.0,76.11,4.23,0.0127,8,22,23,0.0,58.15,58.15
2876214,5,15,11,21,20,32,70.21,138.3,3.5,484.06,26.89,0.0461,11,27,28,0.0,52.1,51.96
2876508,3,12,10,20,15,30,47.77,117.21,2.5,293.02,16.28,0.0391,7,18,18,0.0,57.19,57.19
2876515,7,90,77,164,97,241,603.92,1590.58,6.38,10144.36,563.58,0.5302,20,26,26,0.0,44.03,44.03
2876517,7,16,12,24,23,36,83.65,162.85,5.25,854.95,47.5,0.0543,12,19,21,0.0,54.06,54.06
2883008,16,93,66,127,109,193,672.14,1306.26,10.92,14270.53,792.81,0.4354,31,103,103,0.97,36.03,36.03
2883116,5,12,8,16,17,24,54.63,98.1,3.33,327.0,18.17,0.0327,7,19,19,0.0,57.22,57.22
2884174,11,43,34,69,54,103,271.38,592.75,8.83,5231.39,290.63,0.1976,32,57,57,0.0,37.98,37.98
2884796,2,7,4,8,9,12,21.65,38.04,1.14,43.47,2.42,0.0127,1,7,7,0.0,70.37,70.37
2889186,5,16,14,28,21,42,75.61,184.48,4.38,807.09,44.84,0.0615,9,22,22,0.0,53.51,53.64
2890519,8,35,30,60,43,90,203.52,488.36,6.86,3348.78,186.04,0.1628,15,21,21,0.0,50.31,50.31
2890525,4,29,18,42,33,60,148.88,302.66,2.9,876.68,48.7,0.1009,13,14,14,0.0,55.88,55.88
2897322,2,4,2,4,6,6,10.0,15.51,1.0,15.51,0.86,0.0052,1,6,6,0.0,74.55,74.55
2902181,6,18,13,25,24,38,90.57,174.23,4.17,725.95,40.33,0.0581,14,40,41,0.0,47.24,47.24
2911398,2,4,2,4,6,6,10.0,15.51,1.0,15.51,0.86,0.0052,1,4,4,0.0,78.4,78.4
2923738,5,22,19,37,27,56,109.72,266.27,4.2,1119.56,62.2,0.0888,12,54,55,0.0,43.44,43.44
2924594,2,12,6,12,14,18,45.02,68.53,1.0,68.53,3.81,0.0228,2,22,22,13.64,77.85,77.85
2927351,4,8,5,9,12,14,32.0,50.19,2.25,112.93,6.27,0.0167,5,19,19,5.26,73.04,72.91
2932511,9,18,21,42,27,63,103.59,299.56,10.5,3145.36,174.74,0.0999,13,35,35,0.0,47.5,47.23
2933109,5,21,18,35,26,53,103.85,249.12,4.17,1038.01,57.67,0.083,15,53,55,0.0,42.97,43.24
2940165,4,15,10,20,19,30,66.6,127.44,2.67,339.83,18.88,0.0425,7,19,17,0.0,57.48,57.48
2940450,2,2,2,4,4,6,4.0,12.0,2.0,24.0,1.33,0.004,3,9,9,0.0,71.22,71.22
2951960,10,28,23,46,38,69,167.83,362.11,8.21,2974.45,165.25,0.1207,15,34,35,0.0,46.38,46.38
2952427,4,8,6,12,12,18,32.0,64.53,3.0,193.59,10.75,0.0215,5,19,19,0.0,58.9,58.76
2954095,7,23,18,35,30,53,123.69,260.07,5.33,1385.13,76.95,0.0867,5,21,21,0.0,53.57,53.57
2959899,2,7,5,10,9,15,21.65,47.55,1.43,67.93,3.77,0.0158,15,29,29,6.9,69.48,69.48
2959955,5,22,20,42,27,62,109.72,294.8,4.77,1407.01,78.17,0.0983,7,16,16,0.0,55.5,55.5
2965369,8,28,21,46,36,67,158.61,346.38,6.57,2276.24,126.46,0.1155,11,21,21,0.0,51.9,51.9
2970456,5,6,7,11,11,18,27.12,62.27,4.58,285.4,15.86,0.0208,5,14,14,0.0,61.76,61.76
2972303,7,17,11,22,24,33,89.14,151.3,4.53,685.32,38.07,0.0504,8,22,22,0.0,54.38,54.38
2980702,6,16,16,32,22,48,79.51,214.05,6.0,1284.32,71.35,0.0714,2,12,12,0.0,59.87,59.87
2983042,7,9,13,26,16,39,48.18,156.0,10.11,1577.33,87.63,0.052,9,26,26,0.0,52.57,52.57
2987645,4,15,7,16,19,23,66.6,97.7,2.13,208.43,11.58,0.0326,12,22,22,9.09,72.27,72.27
2987657,3,8,5,10,11,15,28.75,51.89,1.88,97.3,5.41,0.0173,5,14,15,0.0,61.66,61.66
2988681,3,5,3,6,8,9,16.36,27.0,1.8,48.6,2.7,0.009,1,4,4,0.0,76.71,76.71
2998322,7,17,12,24,24,36,89.14,165.06,4.94,815.58,45.31,0.055,6,25,25,0.0,53.3,53.17
3001547,4,6,4,8,10,12,23.51,39.86,2.67,106.3,5.91,0.0133,4,14,14,0.0,63.25,63.25
3011635,5,12,10,20,17,30,54.63,122.62,4.17,510.93,28.39,0.0409,5,22,22,0.0,55.42,55.42
3016120,4,8,5,9,12,14,32.0,50.19,2.25,112.93,6.27,0.0167,3,16,16,0.0,61.42,61.42
3016134,2,11,8,16,13,24,40.05,88.81,1.45,129.18,7.18,0.0296,9,24,24,0.0,55.04,55.04
3024092,1,3,2,4,4,6,4.75,12.0,0.67,8.0,0.44,0.004,5,18,18,0.0,64.39,64.39
3024093,4,8,6,12,12,18,32.0,64.53,3.0,193.59,10.75,0.0215,4,14,15,0.0,61.13,61.13
3024605,5,8,6,11,13,17,35.61,62.91,3.44,216.24,12.01,0.021,2,7,7,0.0,68.7,68.7
3025712,2,4,3,5,6,8,10.0,20.68,1.25,25.85,1.44,0.0069,3,14,14,0.0,65.38,65.38
3033131,8,36,30,62,44,92,210.12,502.27,6.89,3460.07,192.23,0.1674,16,41,42,0.0,43.53,43.53
3036168,4,15,13,26,19,39,66.6,165.67,3.47,574.32,31.91,0.0552,14,37,37,0.0,48.37,48.37
3043828,1,2,1,2,3,3,2.0,4.75,0.5,2.38,0.13,0.0016,3,9,9,0.0,74.04,74.04
3043895,5,6,5,9,11,14,27.12,48.43,3.75,181.62,10.09,0.0161,7,21,21,0.0,58.42,58.42
3046020,2,3,2,4,5,6,6.75,13.93,1.33,18.58,1.03,0.0046,3,11,11,0.0,68.87,68.87
3049084,2,4,2,4,6,6,10.0,15.51,1.0,15.51,0.86,0.0052,1,6,6,0.0,74.55,74.55
3049265,7,12,12,21,19,33,62.67,140.18,6.12,858.61,47.7,0.0467,8,23,23,0.0,54.19,54.19
3051732,10,40,28,53,50,81,246.1,457.15,6.62,3028.63,168.26,0.1524,7,47,47,0.0,43.96,43.96
3055460,2,5,3,6,7,9,13.61,25.27,1.2,30.32,1.68,0.0084,5,13,13,0.0,65.21,65.21
3055530,3,5,3,6,8,9,16.36,27.0,1.8,48.6,2.7,0.009,4,15,15,0.0,63.78,63.78
3055616,2,21,20,40,23,60,94.24,271.41,1.9,516.98,28.72,0.0905,16,32,32,0.0,47.97,47.97
3056188,10,20,19,35,30,54,119.66,264.97,8.75,2318.51,128.81,0.0883,15,52,52,0.0,43.58,43.58
3061860,5,13,11,22,18,33,59.72,137.61,4.23,582.19,32.34,0.0459,11,18,18,0.0,56.16,56.16
3061935,6,25,22,43,31,65,131.61,322.02,5.16,1661.64,92.31,0.1073,15,45,46,0.0,44.15,44.15
3065957,7,27,26,51,34,77,148.03,391.73,6.61,2589.8,143.88,0.1306,13,32,33,0.0,46.97,46.97
3068312,7,34,21,42,41,63,192.63,337.53,4.32,1459.3,81.07,0.1125,6,25,25,0.0,51.26,51.0
3069326,6,6,8,15,12,23,31.02,82.45,7.5,618.41,34.36,0.0275,7,21,21,0.0,56.8,56.8
3072275,8,20,22,42,28,64,110.44,307.67,8.4,2584.43,143.58,0.1026,8,26,26,0.0,50.5,50.64
3074225,5,7,7,13,12,20,31.26,71.7,4.64,332.89,18.49,0.0239,7,25,25,0.0,55.57,55.57
3074457,7,11,8,17,18,25,57.71,104.25,5.41,563.89,31.33,0.0347,7,15,15,0.0,59.27,59.27
3075075,4,13,8,17,17,25,56.11,102.19,2.62,267.26,14.85,0.0341,12,33,35,6.06,64.91,64.91
3075094,8,35,23,48,43,71,203.52,385.26,5.49,2113.45,117.41,0.1284,17,34,34,11.76,65.28,65.28
3075443,4,26,18,36,30,54,130.21,264.97,2.77,733.77,40.76,0.0883,13,27,27,0.0,50.06,50.06
3075472,3,13,7,14,16,21,52.86,84.0,1.62,135.69,7.54,0.028,8,29,30,0.0,53.23,53.23
3076015,8,23,18,36,31,54,128.04,267.53,6.26,1674.95,93.05,0.0892,12,26,26,0.0,50.52,50.52
3077582,5,10,5,10,15,15,44.83,58.6,2.5,146.51,8.14,0.0195,5,15,16,0.0,60.68,60.68
3083841,5,8,7,14,13,21,35.61,77.71,4.38,339.98,18.89,0.0259,8,18,19,0.0,57.79,57.79
3084095,0,0,0,0,0,0,0,0,0,0,0.0,0.0,2,11,11,0.0,100.0,100.0
3085435,7,24,16,32,31,48,129.69,237.8,4.67,1109.74,61.65,0.0793,13,26,26,0.0,50.88,50.75
3087190,6,8,14,28,14,42,39.51,159.91,10.5,1679.04,93.28,0.0533,11,29,30,0.0,50.87,50.87
3090680,4,12,7,14,16,21,51.02,84.0,2.33,196.0,10.89,0.028,8,21,22,0.0,56.17,56.17
3090833,5,47,53,106,52,159,272.68,906.37,5.64,5110.38,283.91,0.3021,24,63,63,0.0,36.95,36.81
3092166,4,8,5,10,12,15,32.0,53.77,2.5,134.44,7.47,0.0179,5,16,17,0.0,60.37,60.37
3093347,3,6,4,8,9,12,20.26,38.04,2.0,76.08,4.23,0.0127,8,25,25,0.0,57.36,57.36
3097972,6,13,9,17,19,26,63.62,110.45,3.92,433.29,24.07,0.0368,7,21,21,0.0,56.04,55.91
3103278,9,103,80,161,112,241,717.24,1640.57,7.03,11539.76,641.1,0.5469,30,69,69,0.0,33.34,33.34
3108780,6,11,10,20,17,30,53.56,122.62,5.45,668.86,37.16,0.0409,6,22,22,0.0,55.29,55.29
3110614,5,9,8,16,14,24,40.14,91.38,4.44,406.12,22.56,0.0305,5,26,28,0.0,54.03,54.03
3111370,7,28,16,31,35,47,154.26,241.08,3.88,934.17,51.9,0.0804,6,25,25,0.0,52.02,52.02
3112553,3,8,5,10,11,15,28.75,51.89,1.88,97.3,5.41,0.0173,7,26,28,0.0,55.48,55.48
3116347,4,12,6,12,16,18,51.02,72.0,2.0,144.0,8.0,0.024,6,34,34,0.0,52.78,52.78
3122548,1,2,1,2,3,3,2.0,4.75,0.5,2.38,0.13,0.0016,3,13,13,0.0,70.56,70.56
3122823,5,19,11,22,24,33,92.32,151.3,2.89,437.98,24.33,0.0504,3,32,32,3.12,61.97,61.97
3123922,7,22,16,32,29,48,117.76,233.18,5.09,1187.11,65.95,0.0777,10,33,34,0.0,48.67,48.67
3123943,2,5,3,6,7,9,13.61,25.27,1.2,30.32,1.68,0.0084,6,24,26,0.0,58.51,58.51
3129089,3,5,4,8,8,12,16.36,36.0,2.4,86.4,4.8,0.012,2,7,7,0.0,70.4,70.4
3129095,1,2,2,4,3,6,2.0,9.51,1.0,9.51,0.53,0.0032,0,2,2,0.0,86.45,86.58
3129141,3,13,9,18,16,27,52.86,108.0,2.08,224.31,12.46,0.036,4,21,22,0.0,83.02,55.94
3129315,1,2,1,2,3,3,2.0,4.75,0.5,2.38,0.13,0.0016,3,8,8,0.0,75.16,75.16
3130595,2,5,4,6,7,10,13.61,28.07,1.2,33.69,1.87,0.0094,3,11,12,0.0,65.91,65.91
3135724,1,2,1,2,3,3,2.0,4.75,0.5,2.38,0.13,0.0016,0,13,8,0.0,75.29,75.56
3135989,3,23,14,32,26,46,108.8,216.22,2.09,451.24,25.07,0.0721,13,29,24,0.0,51.79,51.79
3136851,3,5,4,8,8,12,16.36,36.0,2.4,86.4,4.8,0.012,2,11,11,0.0,66.12,66.12
3147966,4,11,6,11,15,17,46.05,66.42,2.0,132.83,7.38,0.0221,4,12,12,0.0,63.16,63.16
3148130,6,12,9,18,18,27,58.53,112.59,4.5,506.65,28.15,0.0375,9,25,25,16.0,75.48,75.48
3155005,3,5,3,5,8,8,16.36,24.0,1.5,36.0,2.0,0.008,4,13,13,0.0,65.5,65.5
3159491,8,27,20,40,35,60,152.38,307.76,5.93,1823.75,101.32,0.1026,16,28,28,0.0,48.86,48.86
3161448,2,4,2,4,6,6,10.0,15.51,1.0,15.51,0.86,0.0052,2,10,10,0.0,69.58,69.58
3162037,5,8,5,10,13,15,35.61,55.51,3.12,173.46,9.64,0.0185,5,19,19,0.0,59.22,59.22
3162884,2,5,3,6,7,9,13.61,25.27,1.2,30.32,1.68,0.0084,3,12,13,0.0,65.48,65.48
3167727,8,45,40,81,53,121,271.13,693.08,7.2,4990.16,277.23,0.231,27,46,47,0.0,40.0,40.0
3170092,3,6,4,8,9,12,20.26,38.04,2.0,76.08,4.23,0.0127,2,9,9,0.0,67.85,67.85
3171002,5,28,29,63,33,92,146.22,464.08,5.62,2610.47,145.03,0.1547,25,28,28,0.0,46.4,46.4
3173654,6,29,22,47,35,69,156.39,353.92,4.86,1720.79,95.6,0.118,18,29,30,0.0,47.51,47.51
3176487,4,8,6,12,12,18,32.0,64.53,3.0,193.59,10.75,0.0215,4,15,15,0.0,61.13,61.13
3176493,3,9,5,10,12,15,33.28,53.77,1.67,89.62,4.98,0.0179,2,12,12,0.0,64.07,64.07
3176516,12,25,19,34,37,53,159.12,276.1,8.16,2252.98,125.17,0.092,11,38,38,0.0,46.97,46.97
3176570,7,12,13,26,19,39,62.67,165.67,7.58,1256.32,69.8,0.0552,9,17,17,0.0,56.41,56.41
3182650,8,38,27,53,46,80,223.42,441.88,5.58,2465.25,136.96,0.1473,20,35,35,8.57,61.78,61.78
3182665,10,94,95,208,104,303,649.35,2030.23,11.06,22462.15,1247.9,0.6767,63,76,68,0.0,28.39,28.39
3182682,6,10,7,13,16,20,48.73,80.0,3.9,312.0,17.33,0.0267,3,12,12,0.0,62.73,62.73
3185365,5,13,10,20,18,30,59.72,125.1,3.85,481.15,26.73,0.0417,5,28,28,0.0,53.07,53.07
3188977,2,5,3,5,7,8,13.61,22.46,1.0,22.46,1.25,0.0075,3,10,10,0.0,68.32,68.32
3188994,2,4,2,4,6,6,10.0,15.51,1.0,15.51,0.86,0.0052,2,8,8,0.0,71.69,71.69
3190685,3,10,6,12,13,18,37.97,66.61,1.8,119.89,6.66,0.0222,3,18,18,11.11,78.07,78.07
3195570,6,15,16,30,21,46,74.11,202.05,6.0,1212.28,67.35,0.0673,15,36,36,0.0,47.89,47.89
3196099,7,19,15,30,26,45,100.36,211.52,5.53,1168.93,64.94,0.0705,7,18,18,0.0,55.39,55.39
3196760,5,28,23,48,33,71,146.22,358.15,4.29,1534.94,85.27,0.1194,14,31,31,0.0,47.7,47.7
3198020,3,21,13,30,24,43,96.99,197.15,2.14,422.47,23.47,0.0657,10,16,16,12.5,75.88,75.88
3198938,5,24,19,37,29,56,121.65,272.05,3.85,1048.51,58.25,0.0907,14,35,36,0.0,47.12,47.12
3199843,3,13,7,14,16,21,52.86,84.0,1.62,135.69,7.54,0.028,8,26,27,0.0,54.23,54.23
3202134,4,8,5,10,12,15,32.0,53.77,2.5,134.44,7.47,0.0179,3,10,10,0.0,65.67,65.67
3204559,2,4,3,6,6,9,10.0,23.26,1.5,34.9,1.94,0.0078,5,14,14,0.0,64.76,64.76
3208301,11,31,31,58,42,89,191.63,479.92,10.29,4938.49,274.36,0.16,18,47,47,0.0,42.33,42.33
3208302,6,12,11,21,18,32,58.53,133.44,5.25,700.55,38.92,0.0445,11,37,37,0.0,49.43,49.43
3208303,0,0,0,0,0,0,0,0,0,0,0.0,0.0,1,5,5,0.0,100.0,100.0
3214651,3,12,7,13,15,20,47.77,78.14,1.62,126.97,7.05,0.026,9,30,32,0.0,52.7,52.7
3217724,4,28,23,46,32,69,142.61,345.0,3.29,1133.57,62.98,0.115,18,42,42,0.0,44.53,44.4
3220641,10,30,33,65,40,98,180.43,521.55,10.83,5650.11,313.9,0.1738,19,37,37,0.0,44.21,44.21
3223527,6,15,11,22,21,33,74.11,144.95,4.4,637.76,35.43,0.0483,3,15,15,0.0,58.81,58.81
3230991,4,12,7,14,16,21,51.02,84.0,2.33,196.0,10.89,0.028,3,20,20,0.0,57.74,57.74
3232392,6,23,16,32,29,48,119.55,233.18,4.17,973.29,54.07,0.0777,4,18,18,0.0,55.64,55.5
3234382,0,0,0,0,0,0,0,0,0,0,0.0,0.0,0,0,0,0.0,100.0,100.0
3237197,0,0,0,0,0,0,0,0,0,0,0.0,0.0,1,6,6,0.0,100.0,100.0
3237567,3,6,3,6,9,9,20.26,28.53,1.5,42.79,2.38,0.0095,5,16,16,0.0,62.87,62.87
3237802,5,11,7,14,16,21,49.66,84.0,3.18,267.27,14.85,0.028,3,11,11,18.18,86.01,86.01
3237833,8,24,19,38,32,57,134.04,285.0,6.33,1805.0,100.28,0.095,10,19,19,0.0,53.57,53.57
3238242,2,4,2,4,6,6,10.0,15.51,1.0,15.51,0.86,0.0052,1,6,6,0.0,74.55,74.55
3240542,6,20,14,27,26,41,101.95,192.72,4.05,780.51,43.36,0.0642,10,34,34,0.0,49.25,49.25
3240691,6,11,7,13,17,20,53.56,81.75,3.55,289.84,16.1,0.0272,8,25,25,8.0,71.21,71.21
3240707,2,4,2,4,6,6,10.0,15.51,1.0,15.51,0.86,0.0052,3,10,10,0.0,69.45,69.45
3243482,8,13,11,21,21,32,72.11,140.55,6.46,908.2,50.46,0.0469,4,10,10,0.0,62.61,62.61
3243556,6,23,29,58,29,87,119.55,422.64,7.57,3197.4,177.63,0.1409,10,29,29,10.34,66.44,66.44
3243787,7,9,9,17,16,26,48.18,104.0,6.61,687.56,38.2,0.0347,8,21,21,0.0,55.96,55.96
3247766,5,15,11,22,20,33,70.21,142.62,3.67,522.95,29.05,0.0475,11,31,32,0.0,50.6,50.6
3249950,3,4,4,8,7,12,12.75,33.69,3.0,101.06,5.61,0.0112,3,9,9,0.0,68.09,68.09
3250406,4,16,8,16,20,24,72.0,103.73,2.0,207.45,11.53,0.0346,2,10,11,0.0,62.9,62.9
3256601,3,10,7,14,13,21,37.97,77.71,2.1,163.19,9.07,0.0259,6,19,19,0.0,58.06,58.06
3256621,7,10,9,17,17,26,52.87,106.27,5.95,632.33,35.13,0.0354,6,14,14,0.0,60.0,60.0
3257339,3,5,5,10,8,15,16.36,45.0,3.0,135.0,7.5,0.015,4,11,11,0.0,65.17,65.17
3258368,3,6,3,6,9,9,20.26,28.53,1.5,42.79,2.38,0.0095,1,5,5,0.0,74.43,74.43
3262805,8,26,31,58,34,89,146.21,452.78,8.92,4040.23,224.46,0.1509,9,28,28,0.0,48.49,48.62
3263252,8,24,19,33,32,52,134.04,260.0,5.5,1430.0,79.44,0.0867,13,43,44,0.0,45.49,45.49
3265584,9,29,28,55,38,83,169.41,435.58,8.53,3717.43,206.52,0.1452,20,59,59,0.0,40.34,40.2
3266294,4,7,4,8,11,12,27.65,41.51,2.29,94.89,5.27,0.0138,8,24,24,0.0,57.49,57.49
3268691,8,26,27,52,34,79,146.21,401.91,8.0,3215.28,178.63,0.134,6,27,27,0.0,49.6,49.74
3272920,4,6,6,12,10,18,23.51,59.79,4.0,239.18,13.29,0.0199,5,14,14,0.0,61.89,61.89
3272922,3,9,7,14,12,21,33.28,75.28,2.33,175.66,9.76,0.0251,2,10,11,0.0,63.87,63.87
3273376,8,16,14,24,24,38,88.0,174.23,6.0,1045.37,58.08,0.0581,11,35,36,0.0,48.88,48.88
3273915,3,9,5,10,12,15,33.28,53.77,1.67,89.62,4.98,0.0179,5,16,17,0.0,60.37,60.37
3279267,5,16,9,18,21,27,75.61,118.59,2.81,333.54,18.53,0.0395,3,13,13,0.0,60.77,60.77
3280977,2,11,9,18,13,27,40.05,99.91,1.64,163.49,9.08,0.0333,7,13,13,0.0,60.76,60.76
3286884,2,4,2,4,6,6,10.0,15.51,1.0,15.51,0.86,0.0052,5,20,21,0.0,62.15,62.15
3287196,3,6,4,8,9,12,20.26,38.04,2.0,76.08,4.23,0.0127,5,15,15,0.0,62.61,62.61
3287483,5,17,9,18,22,27,81.1,120.4,2.65,318.72,17.71,0.0401,3,13,13,0.0,60.73,60.73
3295267,2,6,3,6,8,9,17.51,27.0,1.0,27.0,1.5,0.009,3,16,16,6.25,77.79,77.79
3297942,3,10,6,13,13,19,37.97,70.31,1.95,137.1,7.62,0.0234,7,11,11,0.0,63.41,63.41
3298142,5,12,13,25,17,38,54.63,155.32,5.21,808.98,44.94,0.0518,9,28,28,3.57,63.04,63.04
3298516,7,18,14,29,25,43,94.71,199.69,5.64,1126.01,62.56,0.0666,9,25,25,0.0,52.19,52.19
3304027,3,5,3,5,8,8,16.36,24.0,1.5,36.0,2.0,0.008,4,15,15,0.0,64.14,64.14
3310468,5,9,6,11,14,17,40.14,64.73,3.06,197.77,10.99,0.0216,7,22,23,0.0,56.67,56.67
3311387,4,19,16,32,23,48,88.71,217.13,3.37,731.39,40.63,0.0724,17,38,42,5.26,59.32,59.32
3312794,6,14,8,16,20,24,68.81,103.73,3.43,355.63,19.76,0.0346,8,30,30,0.0,52.72,52.59
3319889,8,37,31,63,45,94,216.75,516.23,6.81,3515.97,195.33,0.1721,25,51,51,0.0,40.39,40.39
3323054,6,14,10,19,20,29,68.81,125.34,4.07,510.3,28.35,0.0418,4,21,22,0.0,55.49,55.49
3323075,3,9,6,12,12,18,33.28,64.53,2.0,129.06,7.17,0.0215,7,17,17,0.0,59.55,59.55
3323092,7,24,14,26,31,40,129.69,198.17,3.79,751.39,41.74,0.0661,10,43,43,0.0,46.94,46.94
3329131,4,13,7,14,17,21,56.11,85.84,2.15,184.88,10.27,0.0286,0,8,8,0.0,66.36,66.76
3329169,4,10,7,14,14,21,41.22,79.95,2.8,223.87,12.44,0.0267,6,17,17,0.0,59.03,59.03
3329284,5,11,7,14,16,21,49.66,84.0,3.18,267.27,14.85,0.028,5,14,14,0.0,60.99,60.85
3335835,4,9,6,12,13,18,36.53,66.61,2.67,177.62,9.87,0.0222,1,8,8,0.0,67.4,67.4
3336948,8,35,29,60,43,89,203.52,482.94,6.86,3311.57,183.98,0.161,18,28,28,0.0,47.22,47.22
3343971,8,24,20,39,32,59,134.04,295.0,6.5,1917.5,106.53,0.0983,7,25,28,8.0,66.37,66.37
3344084,2,4,3,5,6,8,10.0,20.68,1.25,25.85,1.44,0.0069,3,17,17,0.0,63.54,63.54
3345520,5,11,9,18,16,27,49.66,108.0,4.09,441.82,24.55,0.036,3,13,13,0.0,61.06,61.06
3345541,10,42,48,95,52,143,259.7,815.16,11.31,9219.1,512.17,0.2717,19,49,49,0.0,40.19,40.19
3351909,5,14,12,22,19,34,64.91,144.43,3.93,567.4,31.52,0.0481,8,22,22,0.0,54.52,54.52
3352179,5,22,21,42,27,63,109.72,299.56,4.77,1429.71,79.43,0.0999,11,20,20,0.0,52.8,52.8
3352865,4,7,4,7,11,11,27.65,38.05,2.0,76.11,4.23,0.0127,10,21,21,0.0,58.75,58.75
3357738,3,5,3,6,8,9,16.36,27.0,1.8,48.6,2.7,0.009,4,13,13,0.0,65.27,65.14
3357829,5,14,9,18,19,27,64.91,114.69,3.21,368.66,20.48,0.0382,6,19,19,0.0,56.88,56.88
3362935,6,40,33,68,46,101,228.39,557.88,5.1,2845.19,158.07,0.186,9,81,81,0.0,37.93,37.93
3362972,2,7,4,8,9,12,21.65,38.04,1.14,43.47,2.42,0.0127,3,14,14,0.0,63.53,63.53
3363504,2,4,2,4,6,6,10.0,15.51,1.0,15.51,0.86,0.0052,3,9,9,0.0,70.44,70.44
3364277,5,13,12,24,18,36,59.72,150.12,4.62,692.85,38.49,0.05,10,33,34,0.0,50.01,50.01
3368296,4,11,8,16,15,24,46.05,93.77,2.91,272.77,15.15,0.0313,7,20,20,0.0,56.87,56.87
3374665,5,19,16,28,24,44,92.32,201.74,3.68,743.25,41.29,0.0672,19,40,40,0.0,46.36,46.36
3381204,6,13,8,14,19,22,63.62,93.45,3.23,301.93,16.77,0.0312,5,21,21,0.0,56.69,56.69
3382053,6,20,14,28,26,42,101.95,197.42,4.2,829.16,46.06,0.0658,6,22,22,0.0,53.97,53.84
3385364,2,4,2,4,6,6,10.0,15.51,1.0,15.51,0.86,0.0052,3,15,16,6.67,79.9,79.9
3386943,2,8,7,12,10,19,26.0,63.12,1.5,94.67,5.26,0.021,5,19,19,0.0,58.83,58.83
3387049,5,16,15,30,21,45,75.61,197.65,4.69,926.5,51.47,0.0659,12,29,29,3.45,61.38,61.38
3392665,4,10,9,18,14,27,41.22,102.8,3.6,370.07,20.56,0.0343,5,16,16,0.0,58.97,58.97
3393144,6,24,23,46,30,69,125.55,338.58,5.75,1946.81,108.16,0.1129,13,38,39,5.26,58.81,59.21
3402711,6,17,17,32,23,49,85.0,221.65,5.65,1251.7,69.54,0.0739,13,32,32,0.0,48.99,48.99
3407167,3,7,6,12,10,18,24.41,59.79,2.57,153.76,8.54,0.0199,5,18,18,0.0,59.5,59.5
3408521,3,12,7,12,15,19,47.77,74.23,1.5,111.35,6.19,0.0247,6,15,15,0.0,60.44,60.44
3410961,2,5,3,5,7,8,13.61,22.46,1.0,22.46,1.25,0.0075,4,13,13,0.0,65.7,65.7
3410996,8,19,15,31,27,46,104.71,218.72,6.53,1427.47,79.3,0.0729,14,33,33,0.0,48.61,48.61
3417783,3,6,3,6,9,9,20.26,28.53,1.5,42.79,2.38,0.0095,2,8,8,0.0,69.84,69.84
3418291,7,19,14,26,26,40,100.36,188.02,4.79,900.51,50.03,0.0627,8,32,32,0.0,50.17,50.17
3418622,4,7,6,11,11,17,27.65,58.81,3.14,184.83,10.27,0.0196,3,15,15,0.0,61.55,61.55
3419219,2,6,3,6,8,9,17.51,27.0,1.0,27.0,1.5,0.009,3,12,12,0.0,66.03,66.03
average,4.9373,15.8179,12.9296,25.616,20.7552,38.5455,81.5676,185.9092,3.9368,1083.5651,60.198,0.062,8.3746,23.3677,23.4296,1.1781,58.4287,58.405
