name,ac_total,ac_count,ans_total,ans_count,ref_total,ref_count,total_total,total_count,ans_total_ratio,ref_total_ratio,ans_count_ratio,ref_count_ratio
main,824,116,181,56,677,209,1682,381,0.2196601941747573,0.8216019417475728,0.4827586206896552,1.8017241379310345
f,282,22,13,1,199,8,494,31,0.04609929078014184,0.7056737588652482,0.045454545454545456,0.36363636363636365
solve,133,63,7,4,106,53,246,120,0.05263157894736842,0.7969924812030075,0.06349206349206349,0.8412698412698413
dfs,59,17,6,2,49,14,114,33,0.1016949152542373,0.8305084745762712,0.11764705882352941,0.8235294117647058
find,23,4,17,4,49,11,89,19,0.7391304347826086,2.130434782608696,1.0,2.75
m,26,3,0,0,55,2,81,5,0.0,2.1153846153846154,0.0,0.6666666666666666
gcd,33,12,2,1,44,13,79,26,0.06060606060606061,1.3333333333333333,0.08333333333333333,1.0833333333333333
__init__,31,19,6,6,23,17,60,42,0.1935483870967742,0.7419354838709677,0.3157894736842105,0.8947368421052632
bfs,19,8,12,4,15,6,46,18,0.631578947368421,0.7894736842105263,0.5,0.75
r,27,2,0,0,18,1,45,3,0.0,0.6666666666666666,0.0,0.5
it,33,5,0,0,7,1,40,6,0.0,0.21212121212121213,0.0,0.2
lcm,6,2,20,3,14,3,40,8,3.3333333333333335,2.3333333333333335,1.5,1.5
is_prime,5,2,15,6,18,6,38,14,3.0,3.6,3.0,3.0
dist,34,5,0,0,0,0,34,5,0.0,0.0,0.0,0.0
calc,20,6,0,0,11,3,31,9,0.0,0.55,0.0,0.5
g,31,7,0,0,0,0,31,7,0.0,0.0,0.0,0.0
check,21,10,3,1,5,3,29,14,0.14285714285714285,0.23809523809523808,0.1,0.3
solver,20,5,0,0,8,4,28,9,0.0,0.4,0.0,0.8
union,0,0,8,4,19,9,27,13,,,,
ri,27,6,0,0,0,0,27,6,0.0,0.0,0.0,0.0
rv,25,12,0,0,2,2,27,14,0.0,0.08,0.0,0.16666666666666666
query,0,0,9,2,17,2,26,4,,,,
expr,12,1,0,0,12,1,24,2,0.0,1.0,0.0,1.0
spl,20,5,0,0,4,1,24,6,0.0,0.2,0.0,0.2
get_divisors,2,1,12,5,8,4,22,10,6.0,4.0,5.0,4.0
lucky,11,2,0,0,9,1,20,3,0.0,0.8181818181818182,0.0,0.5
distance,11,2,0,0,9,2,20,4,0.0,0.8181818181818182,0.0,1.0
sieve,2,1,0,0,18,2,20,3,0.0,9.0,0.0,2.0
cnt,12,2,0,0,6,1,18,3,0.0,0.5,0.0,0.5
multiply,0,0,12,4,6,2,18,6,,,,
shift_solution,9,1,0,0,9,1,18,2,0.0,1.0,0.0,1.0
t,9,1,0,0,9,1,18,2,0.0,1.0,0.0,1.0
rotate,5,2,0,0,12,3,17,5,0.0,2.4,0.0,1.5
update,0,0,9,2,8,2,17,4,,,,
test,15,5,0,0,2,1,17,6,0.0,0.13333333333333333,0.0,0.2
diist,10,1,0,0,7,1,17,2,0.0,0.7,0.0,1.0
turn,7,1,0,0,9,1,16,2,0.0,1.2857142857142858,0.0,1.0
ans,14,3,0,0,2,1,16,4,0.0,0.14285714285714285,0.0,0.3333333333333333
factor,0,0,0,0,16,1,16,1,,,,
to,8,1,0,0,7,1,15,2,0.0,0.875,0.0,1.0
rl,15,12,0,0,0,0,15,12,0.0,0.0,0.0,0.0
is_valid,4,1,0,0,11,5,15,6,0.0,2.75,0.0,5.0
mp,12,5,0,0,3,1,15,6,0.0,0.25,0.0,0.2
traverse,11,1,0,0,3,1,14,2,0.0,0.2727272727272727,0.0,1.0
fib,11,3,0,0,3,1,14,4,0.0,0.2727272727272727,0.0,0.3333333333333333
can,8,3,0,0,6,2,14,5,0.0,0.75,0.0,0.6666666666666666
pt,9,5,0,0,5,1,14,6,0.0,0.5555555555555556,0.0,0.2
dg,7,1,0,0,7,1,14,2,0.0,1.0,0.0,1.0
isRightAngled,14,1,0,0,0,0,14,1,0.0,0.0,0.0,0.0
get_neighbors,0,0,0,0,14,2,14,2,,,,
printItem,7,1,0,0,7,1,14,2,0.0,1.0,0.0,1.0
is_possible,0,0,2,1,12,5,14,6,,,,
lt,11,5,0,0,2,1,13,6,0.0,0.18181818181818182,0.0,0.2
ask,6,2,0,0,7,2,13,4,0.0,1.1666666666666667,0.0,1.0
sum,13,2,0,0,0,0,13,2,0.0,0.0,0.0,0.0
cross,0,0,0,0,13,3,13,3,,,,
alloc,3,1,0,0,10,1,13,2,0.0,3.3333333333333335,0.0,1.0
interval,12,1,0,0,0,0,12,1,0.0,0.0,0.0,0.0
search,10,3,0,0,2,1,12,4,0.0,0.2,0.0,0.3333333333333333
top,12,2,0,0,0,0,12,2,0.0,0.0,0.0,0.0
no,12,2,0,0,0,0,12,2,0.0,0.0,0.0,0.0
inp,6,1,0,0,6,1,12,2,0.0,1.0,0.0,1.0
ok,8,3,0,0,4,2,12,5,0.0,0.5,0.0,0.6666666666666666
shift,6,2,0,0,6,1,12,3,0.0,1.0,0.0,0.5
digits,11,1,0,0,0,0,11,1,0.0,0.0,0.0,0.0
pri,6,1,0,0,5,1,11,2,0.0,0.8333333333333334,0.0,1.0
isPrime,8,3,0,0,3,1,11,4,0.0,0.375,0.0,0.3333333333333333
intersect,7,2,0,0,4,1,11,3,0.0,0.5714285714285714,0.0,0.5
process,0,0,8,2,3,1,11,3,,,,
swap,9,2,0,0,2,1,11,3,0.0,0.2222222222222222,0.0,0.5
if,11,1,0,0,0,0,11,1,0.0,0.0,0.0,0.0
safe,10,1,0,0,0,0,10,1,0.0,0.0,0.0,0.0
number,10,2,0,0,0,0,10,2,0.0,0.0,0.0,0.0
prt,10,10,0,0,0,0,10,10,0.0,0.0,0.0,0.0
tr,10,1,0,0,0,0,10,1,0.0,0.0,0.0,0.0
C,7,3,0,0,3,1,10,4,0.0,0.42857142857142855,0.0,0.3333333333333333
compute_f,0,0,10,2,0,0,10,2,,,,
line,7,2,0,0,3,1,10,3,0.0,0.42857142857142855,0.0,0.5
compare,4,1,0,0,6,2,10,3,0.0,1.5,0.0,2.0
increment,6,1,0,0,4,1,10,2,0.0,0.6666666666666666,0.0,1.0
divide,8,2,0,0,2,1,10,3,0.0,0.25,0.0,0.5
push,7,2,3,1,0,0,10,3,0.42857142857142855,0.0,0.5,0.0
clean_trailing_zeros,3,1,0,0,7,1,10,2,0.0,2.3333333333333335,0.0,1.0
b,10,2,0,0,0,0,10,2,0.0,0.0,0.0,0.0
crs,6,1,0,0,4,1,10,2,0.0,0.6666666666666666,0.0,1.0
get_price,7,1,0,0,2,1,9,2,0.0,0.2857142857142857,0.0,1.0
find_space,6,1,0,0,3,1,9,2,0.0,0.5,0.0,1.0
rev,4,1,0,0,5,1,9,2,0.0,1.25,0.0,1.0
parse,3,1,3,1,3,1,9,3,1.0,1.0,1.0,1.0
slope,9,1,0,0,0,0,9,1,0.0,0.0,0.0,0.0
s,9,1,0,0,0,0,9,1,0.0,0.0,0.0,0.0
get_digits,0,0,6,2,3,1,9,3,,,,
halve,4,1,0,0,4,1,8,2,0.0,1.0,0.0,1.0
Gen_lucky,4,1,0,0,4,1,8,2,0.0,1.0,0.0,1.0
hex,4,1,0,0,4,1,8,2,0.0,1.0,0.0,1.0
get_input,4,2,0,0,4,2,8,4,0.0,1.0,0.0,1.0
get,8,2,0,0,0,0,8,2,0.0,0.0,0.0,0.0
is_leap,0,0,6,1,2,1,8,2,,,,
searchFor,4,1,0,0,4,1,8,2,0.0,1.0,0.0,1.0
factorial,5,2,0,0,3,1,8,3,0.0,0.6,0.0,0.5
find_set,4,1,0,0,4,1,8,2,0.0,1.0,0.0,1.0
possible,4,2,0,0,4,2,8,4,0.0,1.0,0.0,1.0
comb,0,0,0,0,8,3,8,3,,,,
matrix_pow,0,0,2,1,6,3,8,4,,,,
Main,4,2,0,0,4,2,8,4,0.0,1.0,0.0,1.0
run,6,3,0,0,2,1,8,4,0.0,0.3333333333333333,0.0,0.3333333333333333
dot,2,1,0,0,6,2,8,3,0.0,3.0,0.0,2.0
pos_to_coords,0,0,8,2,0,0,8,2,,,,
next,6,1,0,0,2,1,8,2,0.0,0.3333333333333333,0.0,1.0
Solve,4,1,0,0,4,1,8,2,0.0,1.0,0.0,1.0
inspl,4,1,0,0,4,1,8,2,0.0,1.0,0.0,1.0
Form,4,1,0,0,4,1,8,2,0.0,1.0,0.0,1.0
c,8,2,0,0,0,0,8,2,0.0,0.0,0.0,0.0
second_win,8,1,0,0,0,0,8,1,0.0,0.0,0.0,0.0
searchBest,4,1,0,0,4,1,8,2,0.0,1.0,0.0,1.0
rel,4,1,0,0,4,1,8,2,0.0,1.0,0.0,1.0
get_count,4,1,0,0,3,1,7,2,0.0,0.75,0.0,1.0
mult,4,1,0,0,3,1,7,2,0.0,0.75,0.0,1.0
goodceil,3,1,0,0,4,1,7,2,0.0,1.3333333333333333,0.0,1.0
first_win,7,1,0,0,0,0,7,1,0.0,0.0,0.0,0.0
ip,6,5,0,0,1,1,7,6,0.0,0.16666666666666666,0.0,0.2
comp,4,1,0,0,3,1,7,2,0.0,0.75,0.0,1.0
go,3,1,0,0,4,1,7,2,0.0,1.3333333333333333,0.0,1.0
sl,6,5,0,0,1,1,7,6,0.0,0.16666666666666666,0.0,0.2
read_string,7,1,0,0,0,0,7,1,0.0,0.0,0.0,0.0
find_occurrences,0,0,7,2,0,0,7,2,,,,
prod,7,2,0,0,0,0,7,2,0.0,0.0,0.0,0.0
sum_digits,0,0,0,0,7,3,7,3,,,,
debug_print,6,1,0,0,0,0,6,1,0.0,0.0,0.0,0.0
ziped,3,1,0,0,3,1,6,2,0.0,1.0,0.0,1.0
sampleVariance,4,2,0,0,2,1,6,3,0.0,0.5,0.0,0.5
compute,2,1,2,1,2,1,6,3,1.0,1.0,1.0,1.0
gcd_extended,3,1,0,0,3,1,6,2,0.0,1.0,0.0,1.0
sqr,4,2,0,0,2,1,6,3,0.0,0.5,0.0,0.5
notin,6,1,0,0,0,0,6,1,0.0,0.0,0.0,0.0
erase,3,1,0,0,3,1,6,2,0.0,1.0,0.0,1.0
endswith,6,1,0,0,0,0,6,1,0.0,0.0,0.0,0.0
bin,5,5,0,0,1,1,6,6,0.0,0.2,0.0,0.2
quickpow,4,1,0,0,2,1,6,2,0.0,0.5,0.0,1.0
get_original_array,4,1,0,0,2,1,6,2,0.0,0.5,0.0,1.0
tolist,3,1,0,0,3,1,6,2,0.0,1.0,0.0,1.0
compute_path,3,1,0,0,3,1,6,2,0.0,1.0,0.0,1.0
cut,6,1,0,0,0,0,6,1,0.0,0.0,0.0,0.0
perpenPoint,6,1,0,0,0,0,6,1,0.0,0.0,0.0,0.0
getRealType,3,1,0,0,3,1,6,2,0.0,1.0,0.0,1.0
readGen,4,2,0,0,2,1,6,3,0.0,0.5,0.0,0.5
get_cnt,3,1,0,0,3,1,6,2,0.0,1.0,0.0,1.0
pay,6,1,0,0,0,0,6,1,0.0,0.0,0.0,0.0
compatible,3,1,0,0,3,1,6,2,0.0,1.0,0.0,1.0
generate_candidates,0,0,2,1,4,2,6,3,,,,
make_request,3,1,0,0,3,1,6,2,0.0,1.0,0.0,1.0
geth,3,1,0,0,3,1,6,2,0.0,1.0,0.0,1.0
calculate_combinations,3,1,0,0,3,1,6,2,0.0,1.0,0.0,1.0
pop,6,2,0,0,0,0,6,2,0.0,0.0,0.0,0.0
print_matr,6,1,0,0,0,0,6,1,0.0,0.0,0.0,0.0
read_ints,4,2,0,0,2,1,6,3,0.0,0.5,0.0,0.5
mul,4,2,0,0,2,1,6,3,0.0,0.5,0.0,0.5
find_min_x,0,0,0,0,6,1,6,1,,,,
digitos,3,1,0,0,3,1,6,2,0.0,1.0,0.0,1.0
tokenize,0,0,6,1,0,0,6,1,,,,
output,3,1,0,0,3,1,6,2,0.0,1.0,0.0,1.0
area,2,1,0,0,4,1,6,2,0.0,2.0,0.0,1.0
to_decimal,0,0,3,1,3,1,6,2,,,,
func,3,1,0,0,3,1,6,2,0.0,1.0,0.0,1.0
get_smash,3,1,0,0,3,1,6,2,0.0,1.0,0.0,1.0
get_name,3,1,0,0,3,1,6,2,0.0,1.0,0.0,1.0
fail,6,2,0,0,0,0,6,2,0.0,0.0,0.0,0.0
top2,3,1,0,0,3,1,6,2,0.0,1.0,0.0,1.0
union_sets,3,1,0,0,3,1,6,2,0.0,1.0,0.0,1.0
getcom,6,1,0,0,0,0,6,1,0.0,0.0,0.0,0.0
compute_lcm,0,0,4,2,2,1,6,3,,,,
sum_numbers,6,1,0,0,0,0,6,1,0.0,0.0,0.0,0.0
smallest_prime_factor,0,0,6,3,0,0,6,3,,,,
aj,5,5,0,0,1,1,6,6,0.0,0.2,0.0,0.2
get_vector,0,0,0,0,6,1,6,1,,,,
ctz,3,1,0,0,3,1,6,2,0.0,1.0,0.0,1.0
isqrt,4,2,0,0,2,1,6,3,0.0,0.5,0.0,0.5
kmp,3,1,0,0,3,1,6,2,0.0,1.0,0.0,1.0
rook_attacks,3,1,0,0,3,1,6,2,0.0,1.0,0.0,1.0
sof,6,1,0,0,0,0,6,1,0.0,0.0,0.0,0.0
seek,3,1,0,0,3,1,6,2,0.0,1.0,0.0,1.0
digital_root,0,0,3,1,2,1,5,2,,,,
to_int,0,0,5,1,0,0,5,1,,,,
cross_product,0,0,0,0,5,1,5,1,,,,
lower_bound,3,1,0,0,2,1,5,2,0.0,0.6666666666666666,0.0,1.0
can_reach,3,1,0,0,2,1,5,2,0.0,0.6666666666666666,0.0,1.0
check_string,2,1,0,0,3,1,5,2,0.0,1.5,0.0,1.0
maxInDigits,5,1,0,0,0,0,5,1,0.0,0.0,0.0,0.0
chek,5,1,0,0,0,0,5,1,0.0,0.0,0.0,0.0
check_win,0,0,0,0,5,2,5,2,,,,
print_tiles,2,1,0,0,3,1,5,2,0.0,1.5,0.0,1.0
co,5,1,0,0,0,0,5,1,0.0,0.0,0.0,0.0
compute_count,0,0,3,1,2,1,5,2,,,,
remove_digits,2,1,0,0,3,2,5,3,0.0,1.5,0.0,2.0
find_min_n,0,0,3,1,2,1,5,2,,,,
range_query,0,0,0,0,5,2,5,2,,,,
dijkstra,3,1,0,0,2,1,5,2,0.0,0.6666666666666666,0.0,1.0
ccw,0,0,0,0,5,1,5,1,,,,
next_guess,3,1,0,0,2,1,5,2,0.0,0.6666666666666666,0.0,1.0
sort_racers,5,1,0,0,0,0,5,1,0.0,0.0,0.0,0.0
filtered,3,1,0,0,2,1,5,2,0.0,0.6666666666666666,0.0,1.0
get_root,0,0,0,0,5,1,5,1,,,,
valid,3,1,0,0,2,1,5,2,0.0,0.6666666666666666,0.0,1.0
defragment,2,1,0,0,3,1,5,2,0.0,1.5,0.0,1.0
printlist,5,3,0,0,0,0,5,3,0.0,0.0,0.0,0.0
reorder,3,2,0,0,2,1,5,3,0.0,0.6666666666666666,0.0,0.5
cost_of_move,5,1,0,0,0,0,5,1,0.0,0.0,0.0,0.0
compute_scores,0,0,3,1,2,1,5,2,,,,
listring,4,4,0,0,1,1,5,5,0.0,0.25,0.0,0.25
tor,3,1,0,0,2,1,5,2,0.0,0.6666666666666666,0.0,1.0
count_char,0,0,0,0,5,1,5,1,,,,
convert_base,3,1,0,0,2,1,5,2,0.0,0.6666666666666666,0.0,1.0
do_query,0,0,0,0,4,1,4,1,,,,
count_zero,0,0,4,1,0,0,4,1,,,,
normalize_rational,2,1,0,0,2,1,4,2,0.0,1.0,0.0,1.0
combine,4,1,0,0,0,0,4,1,0.0,0.0,0.0,0.0
inp_spl,3,1,0,0,1,1,4,2,0.0,0.3333333333333333,0.0,1.0
count_vowels,0,0,4,2,0,0,4,2,,,,
find_cycle,2,1,0,0,2,1,4,2,0.0,1.0,0.0,1.0
read_numbers,2,1,0,0,2,1,4,2,0.0,1.0,0.0,1.0
make_set,2,1,0,0,2,1,4,2,0.0,1.0,0.0,1.0
fill,4,2,0,0,0,0,4,2,0.0,0.0,0.0,0.0
get_days,2,1,0,0,2,1,4,2,0.0,1.0,0.0,1.0
coordinates,2,1,0,0,2,1,4,2,0.0,1.0,0.0,1.0
haslair,2,1,0,0,2,1,4,2,0.0,1.0,0.0,1.0
classify_word,0,0,0,0,4,1,4,1,,,,
read_data,2,1,0,0,2,1,4,2,0.0,1.0,0.0,1.0
sum_squares,0,0,4,1,0,0,4,1,,,,
sub2,4,1,0,0,0,0,4,1,0.0,0.0,0.0,0.0
get_knight_moves,0,0,0,0,4,1,4,1,,,,
ayrat,2,1,0,0,2,1,4,2,0.0,1.0,0.0,1.0
fill_1x2,0,0,0,0,4,1,4,1,,,,
is_subsequence,0,0,0,0,4,2,4,2,,,,
is_valid_date,0,0,2,1,2,1,4,2,,,,
update_range,0,0,2,1,2,1,4,2,,,,
end_lst,2,1,0,0,2,1,4,2,0.0,1.0,0.0,1.0
mat_pow,4,1,0,0,0,0,4,1,0.0,0.0,0.0,0.0
max_partition,2,1,0,0,2,1,4,2,0.0,1.0,0.0,1.0
split_string,0,0,4,1,0,0,4,1,,,,
is_lucky,0,0,4,2,0,0,4,2,,,,
min_days,2,1,0,0,2,1,4,2,0.0,1.0,0.0,1.0
nim_sum,2,1,0,0,2,1,4,2,0.0,1.0,0.0,1.0
count_pairs,0,0,0,0,4,2,4,2,,,,
winner,2,1,0,0,2,1,4,2,0.0,1.0,0.0,1.0
is_rotation,0,0,2,1,2,1,4,2,,,,
setTypeAlias,2,1,0,0,2,1,4,2,0.0,1.0,0.0,1.0
min_cost,0,0,4,1,0,0,4,1,,,,
power,2,1,0,0,2,1,4,2,0.0,1.0,0.0,1.0
find_kth,0,0,4,1,0,0,4,1,,,,
win,4,1,0,0,0,0,4,1,0.0,0.0,0.0,0.0
foo,4,1,0,0,0,0,4,1,0.0,0.0,0.0,0.0
sub1,4,1,0,0,0,0,4,1,0.0,0.0,0.0,0.0
count_inversions,2,1,0,0,2,1,4,2,0.0,1.0,0.0,1.0
get_components,2,1,0,0,2,1,4,2,0.0,1.0,0.0,1.0
initialize,2,1,0,0,2,1,4,2,0.0,1.0,0.0,1.0
comb3,0,0,4,1,0,0,4,1,,,,
helper,0,0,0,0,4,1,4,1,,,,
relative_distance,2,1,0,0,2,1,4,2,0.0,1.0,0.0,1.0
generate_lucky,0,0,0,0,4,1,4,1,,,,
clz,2,1,0,0,2,1,4,2,0.0,1.0,0.0,1.0
get_bounds,2,1,0,0,2,1,4,2,0.0,1.0,0.0,1.0
partB,2,1,0,0,2,1,4,2,0.0,1.0,0.0,1.0
get_ints,2,1,0,0,2,1,4,2,0.0,1.0,0.0,1.0
level,2,1,0,0,2,1,4,2,0.0,1.0,0.0,1.0
same_side,0,0,0,0,4,1,4,1,,,,
lexComp,3,1,0,0,1,1,4,2,0.0,0.3333333333333333,0.0,1.0
dist2,2,1,0,0,2,1,4,2,0.0,1.0,0.0,1.0
assign,2,1,0,0,2,1,4,2,0.0,1.0,0.0,1.0
change,2,1,0,0,2,1,4,2,0.0,1.0,0.0,1.0
different,2,1,0,0,2,1,4,2,0.0,1.0,0.0,1.0
S,2,1,0,0,2,1,4,2,0.0,1.0,0.0,1.0
find_t,2,1,0,0,2,1,4,2,0.0,1.0,0.0,1.0
path,4,1,0,0,0,0,4,1,0.0,0.0,0.0,0.0
graph,2,1,0,0,2,1,4,2,0.0,1.0,0.0,1.0
fill_2x1,0,0,0,0,4,1,4,1,,,,
check_condition,2,1,0,0,2,1,4,2,0.0,1.0,0.0,1.0
pmat,4,1,0,0,0,0,4,1,0.0,0.0,0.0,0.0
print_mat,0,0,0,0,4,1,4,1,,,,
suffix_array,2,1,0,0,2,1,4,2,0.0,1.0,0.0,1.0
get_suffix,0,0,2,1,2,1,4,2,,,,
getH,2,1,0,0,2,1,4,2,0.0,1.0,0.0,1.0
find_any_solution,2,1,0,0,2,1,4,2,0.0,1.0,0.0,1.0
work,2,1,0,0,2,1,4,2,0.0,1.0,0.0,1.0
grundy,2,1,0,0,2,1,4,2,0.0,1.0,0.0,1.0
read_int,4,1,0,0,0,0,4,1,0.0,0.0,0.0,0.0
fill_2x2,0,0,0,0,4,1,4,1,,,,
count_operations,0,0,2,1,2,1,4,2,,,,
max_hedgehog,2,1,0,0,2,1,4,2,0.0,1.0,0.0,1.0
max_result,0,0,0,0,4,1,4,1,,,,
neg_direction,4,1,0,0,0,0,4,1,0.0,0.0,0.0,0.0
num_type,2,1,0,0,2,1,4,2,0.0,1.0,0.0,1.0
chars,4,1,0,0,0,0,4,1,0.0,0.0,0.0,0.0
bin_search,4,1,0,0,0,0,4,1,0.0,0.0,0.0,0.0
get_days_in_month,2,1,0,0,2,1,4,2,0.0,1.0,0.0,1.0
init_requests,2,1,0,0,2,1,4,2,0.0,1.0,0.0,1.0
even,4,1,0,0,0,0,4,1,0.0,0.0,0.0,0.0
king_attacks,2,1,0,0,2,1,4,2,0.0,1.0,0.0,1.0
compute_min_time,0,0,2,1,2,1,4,2,,,,
tables,2,1,0,0,2,1,4,2,0.0,1.0,0.0,1.0
BFS,2,1,0,0,2,1,4,2,0.0,1.0,0.0,1.0
serve_book,4,1,0,0,0,0,4,1,0.0,0.0,0.0,0.0
h,4,1,0,0,0,0,4,1,0.0,0.0,0.0,0.0
calc_lcp,2,1,0,0,2,1,4,2,0.0,1.0,0.0,1.0
invert,2,1,0,0,2,1,4,2,0.0,1.0,0.0,1.0
multiplicative_order,0,0,0,0,4,2,4,2,,,,
fpow,4,1,0,0,0,0,4,1,0.0,0.0,0.0,0.0
shl,2,1,0,0,2,1,4,2,0.0,1.0,0.0,1.0
is_convex,2,1,0,0,2,1,4,2,0.0,1.0,0.0,1.0
parity,0,0,4,1,0,0,4,1,,,,
is_rectangle,0,0,2,1,2,1,4,2,,,,
readints,3,1,1,1,0,0,4,2,0.3333333333333333,0.0,1.0,0.0
b_s,4,1,0,0,0,0,4,1,0.0,0.0,0.0,0.0
process_moves,2,1,0,0,2,1,4,2,0.0,1.0,0.0,1.0
is_palindrome,0,0,0,0,4,2,4,2,,,,
dp,0,0,4,1,0,0,4,1,,,,
matches,0,0,0,0,4,1,4,1,,,,
is_square,0,0,2,1,2,1,4,2,,,,
cin,4,1,0,0,0,0,4,1,0.0,0.0,0.0,0.0
solvable,2,1,0,0,2,1,4,2,0.0,1.0,0.0,1.0
number_,4,1,0,0,0,0,4,1,0.0,0.0,0.0,0.0
find_wolf,2,1,0,0,2,1,4,2,0.0,1.0,0.0,1.0
max_xor,0,0,2,1,2,1,4,2,,,,
attempt,2,1,0,0,2,1,4,2,0.0,1.0,0.0,1.0
does_fit,2,1,0,0,2,1,4,2,0.0,1.0,0.0,1.0
increase_pos,4,1,0,0,0,0,4,1,0.0,0.0,0.0,0.0
isAllOnes,2,1,0,0,2,1,4,2,0.0,1.0,0.0,1.0
is_filled,0,0,0,0,4,1,4,1,,,,
remove_zeros,0,0,4,1,0,0,4,1,,,,
F,4,1,0,0,0,0,4,1,0.0,0.0,0.0,0.0
partA,2,1,0,0,2,1,4,2,0.0,1.0,0.0,1.0
fun,2,1,0,0,2,1,4,2,0.0,1.0,0.0,1.0
generate_all_initial,2,1,0,0,2,1,4,2,0.0,1.0,0.0,1.0
matrix_power,0,0,4,2,0,0,4,2,,,,
lensq,2,1,0,0,2,1,4,2,0.0,1.0,0.0,1.0
check_winner,0,0,0,0,4,1,4,1,,,,
get_num_digits,3,1,0,0,0,0,3,1,0.0,0.0,0.0,0.0
partition_pts,3,1,0,0,0,0,3,1,0.0,0.0,0.0,0.0
generate_factorizations,0,0,3,1,0,0,3,1,,,,
get_way,3,1,0,0,0,0,3,1,0.0,0.0,0.0,0.0
notsorted,3,1,0,0,0,0,3,1,0.0,0.0,0.0,0.0
finish,3,1,0,0,0,0,3,1,0.0,0.0,0.0,0.0
format_time,0,0,0,0,3,1,3,1,,,,
to_format,3,1,0,0,0,0,3,1,0.0,0.0,0.0,0.0
is_inverse,3,1,0,0,0,0,3,1,0.0,0.0,0.0,0.0
maximize,3,1,0,0,0,0,3,1,0.0,0.0,0.0,0.0
generate_min_super_lucky,0,0,3,1,0,0,3,1,,,,
calculate_time,0,0,3,1,0,0,3,1,,,,
score,3,1,0,0,0,0,3,1,0.0,0.0,0.0,0.0
getPt,3,1,0,0,0,0,3,1,0.0,0.0,0.0,0.0
days_in_month,0,0,3,1,0,0,3,1,,,,
find_in_sets,3,1,0,0,0,0,3,1,0.0,0.0,0.0,0.0
find_max_steps,0,0,0,0,3,1,3,1,,,,
find_first_ge,0,0,0,0,3,1,3,1,,,,
er,3,1,0,0,0,0,3,1,0.0,0.0,0.0,0.0
compute_diff,0,0,3,1,0,0,3,1,,,,
get_valid_divisors,0,0,3,1,0,0,3,1,,,,
compute_gcd,0,0,3,1,0,0,3,1,,,,
getNum,3,1,0,0,0,0,3,1,0.0,0.0,0.0,0.0
decimal_to_ternary,0,0,3,1,0,0,3,1,,,,
prob,3,1,0,0,0,0,3,1,0.0,0.0,0.0,0.0
remain,3,1,0,0,0,0,3,1,0.0,0.0,0.0,0.0
compute_S,0,0,3,1,0,0,3,1,,,,
get_powers,0,0,0,0,3,1,3,1,,,,
Gcd,3,1,0,0,0,0,3,1,0.0,0.0,0.0,0.0
xor_range,3,1,0,0,0,0,3,1,0.0,0.0,0.0,0.0
canpick,3,1,0,0,0,0,3,1,0.0,0.0,0.0,0.0
get_info,0,0,3,1,0,0,3,1,,,,
checkBad,3,1,0,0,0,0,3,1,0.0,0.0,0.0,0.0
bpm,0,0,0,0,3,1,3,1,,,,
is_square_under_attack,0,0,3,1,0,0,3,1,,,,
numbers,3,1,0,0,0,0,3,1,0.0,0.0,0.0,0.0
Min,3,1,0,0,0,0,3,1,0.0,0.0,0.0,0.0
format_dollars,0,0,3,1,0,0,3,1,,,,
compute_x,0,0,3,1,0,0,3,1,,,,
count_mismatches,0,0,0,0,3,1,3,1,,,,
divisible,3,1,0,0,0,0,3,1,0.0,0.0,0.0,0.0
matrix_mult,0,0,0,0,3,1,3,1,,,,
max_beauty,0,0,0,0,3,1,3,1,,,,
find_factors,3,1,0,0,0,0,3,1,0.0,0.0,0.0,0.0
calculate_sum,0,0,3,1,0,0,3,1,,,,
dfsv,3,1,0,0,0,0,3,1,0.0,0.0,0.0,0.0
can_achieve,0,0,0,0,3,1,3,1,,,,
calculate_steps,0,0,3,1,0,0,3,1,,,,
isEmpty,3,1,0,0,0,0,3,1,0.0,0.0,0.0,0.0
generate_next_super_lucky,0,0,3,1,0,0,3,1,,,,
extended_gcd,0,0,0,0,3,1,3,1,,,,
debug,3,3,0,0,0,0,3,3,0.0,0.0,0.0,0.0
is_amplifying,0,0,0,0,3,1,3,1,,,,
hcf,3,1,0,0,0,0,3,1,0.0,0.0,0.0,0.0
count_descendants,0,0,3,1,0,0,3,1,,,,
get_coord,0,0,3,1,0,0,3,1,,,,
visit,3,1,0,0,0,0,3,1,0.0,0.0,0.0,0.0
get_bad_indices,0,0,0,0,3,1,3,1,,,,
compute_bulls_cows,0,0,3,1,0,0,3,1,,,,
getl,3,1,0,0,0,0,3,1,0.0,0.0,0.0,0.0
time_elevator_down,0,0,3,1,0,0,3,1,,,,
xor_0_to_n,0,0,3,1,0,0,3,1,,,,
getBits,3,1,0,0,0,0,3,1,0.0,0.0,0.0,0.0
binarySearchFinal,3,1,0,0,0,0,3,1,0.0,0.0,0.0,0.0
__str__,2,2,0,0,1,1,3,3,0.0,0.5,0.0,0.5
getans,3,1,0,0,0,0,3,1,0.0,0.0,0.0,0.0
get_unique_prime_factors,0,0,3,1,0,0,3,1,,,,
compute_counts,0,0,3,1,0,0,3,1,,,,
max_sum,0,0,3,1,0,0,3,1,,,,
is_right,0,0,3,1,0,0,3,1,,,,
get_max,3,1,0,0,0,0,3,1,0.0,0.0,0.0,0.0
mod_inverse,0,0,0,0,3,1,3,1,,,,
generate_hadamard,0,0,3,1,0,0,3,1,,,,
op,3,1,0,0,0,0,3,1,0.0,0.0,0.0,0.0
dictadd,3,1,0,0,0,0,3,1,0.0,0.0,0.0,0.0
read_strings,3,1,0,0,0,0,3,1,0.0,0.0,0.0,0.0
to_pos,0,0,0,0,3,1,3,1,,,,
convert_to_binary,3,1,0,0,0,0,3,1,0.0,0.0,0.0,0.0
get_rank,0,0,0,0,3,1,3,1,,,,
spadd,3,1,0,0,0,0,3,1,0.0,0.0,0.0,0.0
is_power_of_two,0,0,3,1,0,0,3,1,,,,
get_mentioned_users,0,0,3,1,0,0,3,1,,,,
perimeter_distance,0,0,0,0,3,1,3,1,,,,
full_way,3,1,0,0,0,0,3,1,0.0,0.0,0.0,0.0
count_symbols,0,0,0,0,3,1,3,1,,,,
compute_gain,0,0,0,0,3,1,3,1,,,,
find_n_arithmetic_sum,3,1,0,0,0,0,3,1,0.0,0.0,0.0,0.0
time_stairs_up,0,0,3,1,0,0,3,1,,,,
rotate_c,3,1,0,0,0,0,3,1,0.0,0.0,0.0,0.0
simplify,0,0,3,1,0,0,3,1,,,,
binarySearchInitial,3,1,0,0,0,0,3,1,0.0,0.0,0.0,0.0
read_puzzle,0,0,0,0,3,1,3,1,,,,
rotate_r,3,1,0,0,0,0,3,1,0.0,0.0,0.0,0.0
compute_distances,0,0,0,0,3,1,3,1,,,,
contains_point,0,0,0,0,3,1,3,1,,,,
ans0,3,1,0,0,0,0,3,1,0.0,0.0,0.0,0.0
pay_all,3,1,0,0,0,0,3,1,0.0,0.0,0.0,0.0
mlp_inverse,3,1,0,0,0,0,3,1,0.0,0.0,0.0,0.0
count_chars,0,0,0,0,3,1,3,1,,,,
find_lca,0,0,0,0,3,1,3,1,,,,
mat_mul,3,1,0,0,0,0,3,1,0.0,0.0,0.0,0.0
do_something,3,1,0,0,0,0,3,1,0.0,0.0,0.0,0.0
get_final,0,0,0,0,3,1,3,1,,,,
add_undirected_edge,3,1,0,0,0,0,3,1,0.0,0.0,0.0,0.0
get_ternary_digits,0,0,0,0,3,1,3,1,,,,
verify_candidate,3,1,0,0,0,0,3,1,0.0,0.0,0.0,0.0
tin,3,1,0,0,0,0,3,1,0.0,0.0,0.0,0.0
substitute_safe,0,0,3,1,0,0,3,1,,,,
get_sequence,0,0,0,0,3,1,3,1,,,,
is_right_angled,0,0,0,0,3,1,3,1,,,,
eu,3,1,0,0,0,0,3,1,0.0,0.0,0.0,0.0
modify,3,1,0,0,0,0,3,1,0.0,0.0,0.0,0.0
comb2,0,0,3,1,0,0,3,1,,,,
count_trailing_zeros,0,0,0,0,3,1,3,1,,,,
analyze,3,1,0,0,0,0,3,1,0.0,0.0,0.0,0.0
read_input,0,0,0,0,3,2,3,2,,,,
substitute_normal,0,0,3,1,0,0,3,1,,,,
find_neighbor,2,1,0,0,0,0,2,1,0.0,0.0,0.0,0.0
empty,2,1,0,0,0,0,2,1,0.0,0.0,0.0,0.0
pair,2,1,0,0,0,0,2,1,0.0,0.0,0.0,0.0
is_similarity,2,1,0,0,0,0,2,1,0.0,0.0,0.0,0.0
Gauss,2,1,0,0,0,0,2,1,0.0,0.0,0.0,0.0
generate_super_lucky_numbers,0,0,2,1,0,0,2,1,,,,
generate_lucky_numbers,0,0,0,0,2,1,2,1,,,,
get_rotations,0,0,2,1,0,0,2,1,,,,
compute_sum,0,0,2,1,0,0,2,1,,,,
can_fix,0,0,2,1,0,0,2,1,,,,
format_result,0,0,0,0,2,1,2,1,,,,
valido,2,1,0,0,0,0,2,1,0.0,0.0,0.0,0.0
compute_intersection_points,0,0,0,0,2,1,2,1,,,,
compute_min_sets,0,0,0,0,2,1,2,1,,,,
next_counter_clockwise,0,0,0,0,2,1,2,1,,,,
process_integer_part,0,0,0,0,2,1,2,1,,,,
max_streak,2,1,0,0,0,0,2,1,0.0,0.0,0.0,0.0
coins,2,1,0,0,0,0,2,1,0.0,0.0,0.0,0.0
peek,2,1,0,0,0,0,2,1,0.0,0.0,0.0,0.0
case1,2,1,0,0,0,0,2,1,0.0,0.0,0.0,0.0
expand_person,0,0,0,0,2,1,2,1,,,,
time_elevator_up,0,0,2,1,0,0,2,1,,,,
excel_to_rc,0,0,0,0,2,1,2,1,,,,
can_be_last,0,0,0,0,2,1,2,1,,,,
precompute_counts,0,0,0,0,2,1,2,1,,,,
isFull,2,1,0,0,0,0,2,1,0.0,0.0,0.0,0.0
generate_primes,2,1,0,0,0,0,2,1,0.0,0.0,0.0,0.0
pattern_to_parity,0,0,2,1,0,0,2,1,,,,
calculate_rotations,0,0,0,0,2,1,2,1,,,,
find_U,0,0,2,1,0,0,2,1,,,,
find_first,0,0,0,0,2,1,2,1,,,,
max_power_of_two,0,0,0,0,2,1,2,1,,,,
generate_neighbors,0,0,0,0,2,1,2,1,,,,
factorize,0,0,2,1,0,0,2,1,,,,
get_sum,0,0,0,0,2,1,2,1,,,,
read_float,2,1,0,0,0,0,2,1,0.0,0.0,0.0,0.0
count_syllables,0,0,0,0,2,1,2,1,,,,
verify,0,0,0,0,2,1,2,1,,,,
find_max_prefix,0,0,0,0,2,1,2,1,,,,
rc_to_excel,0,0,0,0,2,1,2,1,,,,
find_next,0,0,0,0,2,1,2,1,,,,
bSearch,2,1,0,0,0,0,2,1,0.0,0.0,0.0,0.0
relevant_factors,2,1,0,0,0,0,2,1,0.0,0.0,0.0,0.0
euler_totient,0,0,0,0,2,1,2,1,,,,
jumps,2,1,0,0,0,0,2,1,0.0,0.0,0.0,0.0
NextR,2,1,0,0,0,0,2,1,0.0,0.0,0.0,0.0
compute_overlap_area,0,0,0,0,2,1,2,1,,,,
time_stairs_down,0,0,2,1,0,0,2,1,,,,
rec,2,1,0,0,0,0,2,1,0.0,0.0,0.0,0.0
max_product_in_range,0,0,0,0,2,1,2,1,,,,
toLine,2,1,0,0,0,0,2,1,0.0,0.0,0.0,0.0
generate,2,1,0,0,0,0,2,1,0.0,0.0,0.0,0.0
can_be_first,0,0,0,0,2,1,2,1,,,,
distance_point_line,0,0,0,0,2,1,2,1,,,,
dist_of_higher_index_from_ri,2,1,0,0,0,0,2,1,0.0,0.0,0.0,0.0
number_to_letters,0,0,2,1,0,0,2,1,,,,
__lt__,0,0,1,1,1,1,2,2,,,,
neighbours,2,1,0,0,0,0,2,1,0.0,0.0,0.0,0.0
sol,2,1,0,0,0,0,2,1,0.0,0.0,0.0,0.0
slowsolve,2,1,0,0,0,0,2,1,0.0,0.0,0.0,0.0
generate_emirps_up_to,0,0,0,0,2,1,2,1,,,,
is_pizza,0,0,2,1,0,0,2,1,,,,
find_all,2,1,0,0,0,0,2,1,0.0,0.0,0.0,0.0
ria,2,1,0,0,0,0,2,1,0.0,0.0,0.0,0.0
process_fractional_part,0,0,0,0,2,1,2,1,,,,
max_subsequence,0,0,0,0,2,1,2,1,,,,
is_valid_rectangle,2,1,0,0,0,0,2,1,0.0,0.0,0.0,0.0
powers,2,1,0,0,0,0,2,1,0.0,0.0,0.0,0.0
first,2,1,0,0,0,0,2,1,0.0,0.0,0.0,0.0
count_valid,0,0,0,0,2,1,2,1,,,,
find_first_47,0,0,0,0,2,1,2,1,,,,
find_all_solution,2,1,0,0,0,0,2,1,0.0,0.0,0.0,0.0
compute_radical_axis,0,0,0,0,2,1,2,1,,,,
binary_search,2,1,0,0,0,0,2,1,0.0,0.0,0.0,0.0
get_possible_schemes,0,0,2,1,0,0,2,1,,,,
baseConvert,2,1,0,0,0,0,2,1,0.0,0.0,0.0,0.0
__contains__,2,1,0,0,0,0,2,1,0.0,0.0,0.0,0.0
parse_call_line,0,0,0,0,2,1,2,1,,,,
cmpfunc,2,1,0,0,0,0,2,1,0.0,0.0,0.0,0.0
readil,2,1,0,0,0,0,2,1,0.0,0.0,0.0,0.0
is_almost_lucky,0,0,0,0,2,1,2,1,,,,
compute_min_dists,0,0,0,0,2,1,2,1,,,,
is_local_min,2,1,0,0,0,0,2,1,0.0,0.0,0.0,0.0
get_next_states,0,0,2,1,0,0,2,1,,,,
is_good,0,0,0,0,2,1,2,1,,,,
rwh_primes_x,2,1,0,0,0,0,2,1,0.0,0.0,0.0,0.0
compute_max,0,0,2,1,0,0,2,1,,,,
compute_angle,0,0,0,0,2,1,2,1,,,,
quadratic_formula,2,1,0,0,0,0,2,1,0.0,0.0,0.0,0.0
BIS,2,1,0,0,0,0,2,1,0.0,0.0,0.0,0.0
get_primes,2,2,0,0,0,0,2,2,0.0,0.0,0.0,0.0
get_bulls_and_cows,0,0,2,1,0,0,2,1,,,,
move_cost,0,0,0,0,2,1,2,1,,,,
find_integer_point,0,0,0,0,2,1,2,1,,,,
max_games,0,0,0,0,2,1,2,1,,,,
parse_price,0,0,2,1,0,0,2,1,,,,
longest_repeated_substring,0,0,2,1,0,0,2,1,,,,
is_valid_square,2,1,0,0,0,0,2,1,0.0,0.0,0.0,0.0
format_total,0,0,0,0,2,1,2,1,,,,
all_aligned,0,0,2,1,0,0,2,1,,,,
get_segments,2,1,0,0,0,0,2,1,0.0,0.0,0.0,0.0
filllower,2,1,0,0,0,0,2,1,0.0,0.0,0.0,0.0
__add__,1,1,0,0,1,1,2,2,0.0,1.0,0.0,1.0
print_bracket,2,1,0,0,0,0,2,1,0.0,0.0,0.0,0.0
find_ge,2,1,0,0,0,0,2,1,0.0,0.0,0.0,0.0
ptlist,1,1,0,0,1,1,2,2,0.0,1.0,0.0,1.0
is_stable,0,0,2,1,0,0,2,1,,,,
ordering,2,1,0,0,0,0,2,1,0.0,0.0,0.0,0.0
permutations,2,1,0,0,0,0,2,1,0.0,0.0,0.0,0.0
summ,2,1,0,0,0,0,2,1,0.0,0.0,0.0,0.0
make_dfs,2,1,0,0,0,0,2,1,0.0,0.0,0.0,0.0
parse_bill,0,0,0,0,2,1,2,1,,,,
total_cut,0,0,0,0,2,1,2,1,,,,
letters_to_number,0,0,2,1,0,0,2,1,,,,
is_unique,0,0,0,0,2,1,2,1,,,,
gett,2,1,0,0,0,0,2,1,0.0,0.0,0.0,0.0
add_vertex,2,1,0,0,0,0,2,1,0.0,0.0,0.0,0.0
somme,2,1,0,0,0,0,2,1,0.0,0.0,0.0,0.0
beats,0,0,2,1,0,0,2,1,,,,
is_fortunate,0,0,0,0,2,1,2,1,,,,
compute_t,0,0,2,1,0,0,2,1,,,,
__mul__,1,1,0,0,1,1,2,2,0.0,1.0,0.0,1.0
fill_lower,0,0,0,0,2,1,2,1,,,,
sub_seq,2,1,0,0,0,0,2,1,0.0,0.0,0.0,0.0
next_prime,0,0,0,0,2,1,2,1,,,,
printAns,2,1,0,0,0,0,2,1,0.0,0.0,0.0,0.0
get_word_info,0,0,2,1,0,0,2,1,,,,
check_almost,0,0,0,0,2,1,2,1,,,,
read_points,0,0,0,0,2,1,2,1,,,,
ans1,2,1,0,0,0,0,2,1,0.0,0.0,0.0,0.0
solve_system,0,0,0,0,2,1,2,1,,,,
compute_clockwise,0,0,2,1,0,0,2,1,,,,
calculate_score,0,0,0,0,2,1,2,1,,,,
revv,2,1,0,0,0,0,2,1,0.0,0.0,0.0,0.0
next_clockwise,0,0,0,0,2,1,2,1,,,,
find_L,0,0,2,1,0,0,2,1,,,,
is_not_outdated,0,0,0,0,2,1,2,1,,,,
find_next_index,0,0,0,0,2,1,2,1,,,,
ai_to_parity,0,0,2,1,0,0,2,1,,,,
minl,2,1,0,0,0,0,2,1,0.0,0.0,0.0,0.0
GCD,2,1,0,0,0,0,2,1,0.0,0.0,0.0,0.0
closest_point_on_segment,0,0,0,0,2,1,2,1,,,,
generate_strings,0,0,0,0,2,1,2,1,,,,
lines,2,1,0,0,0,0,2,1,0.0,0.0,0.0,0.0
format_integer,0,0,2,1,0,0,2,1,,,,
get_min_changes,2,1,0,0,0,0,2,1,0.0,0.0,0.0,0.0
is_star,0,0,0,0,2,1,2,1,,,,
maximize_blocks,0,0,0,0,2,1,2,1,,,,
expand_basilisk,0,0,0,0,2,1,2,1,,,,
combinel,2,1,0,0,0,0,2,1,0.0,0.0,0.0,0.0
minimal_submissions,0,0,0,0,2,1,2,1,,,,
find_max_split,0,0,0,0,2,1,2,1,,,,
build_fib_strings,0,0,0,0,2,1,2,1,,,,
next_assigned,2,1,0,0,0,0,2,1,0.0,0.0,0.0,0.0
dist_of_lower_from_li,2,1,0,0,0,0,2,1,0.0,0.0,0.0,0.0
generate_correct,0,0,2,1,0,0,2,1,,,,
getBadIdx,2,1,0,0,0,0,2,1,0.0,0.0,0.0,0.0
is_non_increasing,0,0,2,1,0,0,2,1,,,,
parse_procedure_line,0,0,0,0,2,1,2,1,,,,
count_zero_substrings,0,0,0,0,2,1,2,1,,,,
date_to_days,0,0,2,1,0,0,2,1,,,,
compute_min_max,0,0,0,0,2,1,2,1,,,,
get_proper_divisors,0,0,2,1,0,0,2,1,,,,
max_bipartite_matching,0,0,0,0,2,1,2,1,,,,
is_taxi,0,0,2,1,0,0,2,1,,,,
find_dth_emirp,0,0,0,0,2,1,2,1,,,,
compute_lps,0,0,0,0,2,1,2,1,,,,
determine_rhyme_scheme,0,0,0,0,2,1,2,1,,,,
compute_inverse,0,0,2,1,0,0,2,1,,,,
original_key,0,0,0,0,2,1,2,1,,,,
query_max,0,0,0,0,2,1,2,1,,,,
exists,0,0,2,1,0,0,2,1,,,,
compute_vars,0,0,0,0,2,1,2,1,,,,
generate_sequence,0,0,0,0,2,1,2,1,,,,
process_word,0,0,0,0,2,1,2,1,,,,
Lucky,2,1,0,0,0,0,2,1,0.0,0.0,0.0,0.0
find_kth_substring,0,0,2,1,0,0,2,1,,,,
construct_paths,0,0,0,0,2,1,2,1,,,,
get_int,2,1,0,0,0,0,2,1,0.0,0.0,0.0,0.0
check_adjacent,0,0,0,0,2,1,2,1,,,,
process_hashtags,0,0,0,0,2,1,2,1,,,,
color_tree,0,0,0,0,2,1,2,1,,,,
rotate_row,0,0,0,0,2,1,2,1,,,,
calculate_guess,0,0,0,0,2,1,2,1,,,,
constructRow,2,1,0,0,0,0,2,1,0.0,0.0,0.0,0.0
day_cycle,2,1,0,0,0,0,2,1,0.0,0.0,0.0,0.0
find_smallest_super_lucky,0,0,0,0,2,1,2,1,,,,
alternative_key,0,0,0,0,2,1,2,1,,,,
rankList,2,1,0,0,0,0,2,1,0.0,0.0,0.0,0.0
set_colors,2,1,0,0,0,0,2,1,0.0,0.0,0.0,0.0
is_in_check,0,0,2,1,0,0,2,1,,,,
__repr__,1,1,0,0,1,1,2,2,0.0,1.0,0.0,1.0
max_removals,0,0,0,0,2,1,2,1,,,,
s_to_position,2,1,0,0,0,0,2,1,0.0,0.0,0.0,0.0
find_min_super_lucky,0,0,2,1,0,0,2,1,,,,
max_matching,0,0,2,1,0,0,2,1,,,,
addo,2,1,0,0,0,0,2,1,0.0,0.0,0.0,0.0
flip,2,1,0,0,0,0,2,1,0.0,0.0,0.0,0.0
convex_hull,0,0,0,0,2,1,2,1,,,,
is_feasible,0,0,0,0,2,1,2,1,,,,
skl,2,1,0,0,0,0,2,1,0.0,0.0,0.0,0.0
rotate_column,0,0,0,0,2,1,2,1,,,,
generate_divisors,0,0,0,0,2,1,2,1,,,,
next_direction,2,1,0,0,0,0,2,1,0.0,0.0,0.0,0.0
query_range,0,0,2,1,0,0,2,1,,,,
is_non_decreasing,0,0,2,1,0,0,2,1,,,,
fill_upper,0,0,0,0,2,1,2,1,,,,
NextL,2,1,0,0,0,0,2,1,0.0,0.0,0.0,0.0
compute_min,0,0,2,1,0,0,2,1,,,,
char_to_value,0,0,0,0,2,1,2,1,,,,
count_lucky_digits,0,0,0,0,2,1,2,1,,,,
constructMatrix,2,1,0,0,0,0,2,1,0.0,0.0,0.0,0.0
compute_tram_time,0,0,0,0,2,1,2,1,,,,
draw_bracket,0,0,0,0,2,1,2,1,,,,
find_min_cost,0,0,0,0,2,1,2,1,,,,
create_tiling,0,0,0,0,2,1,2,1,,,,
__main__,2,1,0,0,0,0,2,1,0.0,0.0,0.0,0.0
intersection,2,1,0,0,0,0,2,1,0.0,0.0,0.0,0.0
find_max_power,0,0,0,0,2,1,2,1,,,,
divisors,2,1,0,0,0,0,2,1,0.0,0.0,0.0,0.0
ternary_to_decimal,0,0,2,1,0,0,2,1,,,,
find_x,0,0,0,0,2,1,2,1,,,,
minimal_replacements,0,0,2,1,0,0,2,1,,,,
topdown_dp,2,1,0,0,0,0,2,1,0.0,0.0,0.0,0.0
rotate_90,0,0,2,1,0,0,2,1,,,,
get_arr,2,1,0,0,0,0,2,1,0.0,0.0,0.0,0.0
find_second,0,0,0,0,2,1,2,1,,,,
find_all_solutions,0,0,0,0,2,1,2,1,,,,
reflection_product,0,0,0,0,2,1,2,1,,,,
is_valid_flag,0,0,0,0,2,1,2,1,,,,
key,1,1,0,0,1,1,2,2,0.0,1.0,0.0,1.0
count_changes,0,0,0,0,2,1,2,1,,,,
tests,2,1,0,0,0,0,2,1,0.0,0.0,0.0,0.0
argmax,2,1,0,0,0,0,2,1,0.0,0.0,0.0,0.0
__pow__,1,1,0,0,1,1,2,2,0.0,1.0,0.0,1.0
getMask,2,1,0,0,0,0,2,1,0.0,0.0,0.0,0.0
min_v_value,0,0,0,0,2,1,2,1,,,,
max_pillows,0,0,0,0,2,1,2,1,,,,
get_transition_matrix,0,0,0,0,2,1,2,1,,,,
case2,2,1,0,0,0,0,2,1,0.0,0.0,0.0,0.0
generate_string,2,1,0,0,0,0,2,1,0.0,0.0,0.0,0.0
is_safe,0,0,0,0,2,1,2,1,,,,
can_achieve_k,0,0,0,0,2,1,2,1,,,,
check_bottom,2,1,0,0,0,0,2,1,0.0,0.0,0.0,0.0
__sub__,1,1,0,0,1,1,2,2,0.0,1.0,0.0,1.0
sum_of_digits_in_base,0,0,0,0,2,1,2,1,,,,
find_min_max,0,0,2,1,0,0,2,1,,,,
point_to_line_distance,0,0,0,0,2,1,2,1,,,,
convert_to_base_k,0,0,2,1,0,0,2,1,,,,
compute_sum_y,0,0,2,1,0,0,2,1,,,,
printAnswer,2,1,0,0,0,0,2,1,0.0,0.0,0.0,0.0
fillupper,2,1,0,0,0,0,2,1,0.0,0.0,0.0,0.0
compute_convex_hull,0,0,0,0,2,1,2,1,,,,
is_winning,0,0,2,1,0,0,2,1,,,,
kmultiple,2,1,0,0,0,0,2,1,0.0,0.0,0.0,0.0
reverse_binary,0,0,2,1,0,0,2,1,,,,
find_min_segment,0,0,0,0,2,1,2,1,,,,
orf,2,1,0,0,0,0,2,1,0.0,0.0,0.0,0.0
compute_max_lcm,0,0,0,0,2,1,2,1,,,,
count_numbers_with_one_zero,0,0,2,1,0,0,2,1,,,,
merge_segments,2,1,0,0,0,0,2,1,0.0,0.0,0.0,0.0
binom,2,1,0,0,0,0,2,1,0.0,0.0,0.0,0.0
generate_orderings,0,0,0,0,2,1,2,1,,,,
myfunc,2,1,0,0,0,0,2,1,0.0,0.0,0.0,0.0
process_event,0,0,0,0,2,1,2,1,,,,
bool_to_yes_no,2,1,0,0,0,0,2,1,0.0,0.0,0.0,0.0
add,2,1,0,0,0,0,2,1,0.0,0.0,0.0,0.0
is_good_puzzle,0,0,0,0,2,1,2,1,,,,
classify_distribution,0,0,2,1,0,0,2,1,,,,
find_max_substr,2,1,0,0,0,0,2,1,0.0,0.0,0.0,0.0
is_ring,0,0,0,0,2,1,2,1,,,,
is_non_degenerate,0,0,2,1,0,0,2,1,,,,
prefixfunction,2,1,0,0,0,0,2,1,0.0,0.0,0.0,0.0
perimeter,2,1,0,0,0,0,2,1,0.0,0.0,0.0,0.0
solve_rebus,0,0,0,0,2,1,2,1,,,,
compute_min_cost,0,0,0,0,2,1,2,1,,,,
calculateScore,2,1,0,0,0,0,2,1,0.0,0.0,0.0,0.0
precompute_spf,0,0,2,1,0,0,2,1,,,,
LIS,2,1,0,0,0,0,2,1,0.0,0.0,0.0,0.0
is_bus,0,0,0,0,2,1,2,1,,,,
generate_vectors,0,0,0,0,2,1,2,1,,,,
Lcm,2,1,0,0,0,0,2,1,0.0,0.0,0.0,0.0
get_first_digit,0,0,0,0,1,1,1,1,,,,
print_v,1,1,0,0,0,0,1,1,0.0,0.0,0.0,0.0
numcol,1,1,0,0,0,0,1,1,0.0,0.0,0.0,0.0
calculate_min_trees,0,0,0,0,1,1,1,1,,,,
__getitem__,1,1,0,0,0,0,1,1,0.0,0.0,0.0,0.0
__ipow__,1,1,0,0,0,0,1,1,0.0,0.0,0.0,0.0
rever,1,1,0,0,0,0,1,1,0.0,0.0,0.0,0.0
get_possible_rotations,0,0,0,0,1,1,1,1,,,,
__len__,1,1,0,0,0,0,1,1,0.0,0.0,0.0,0.0
ceil,1,1,0,0,0,0,1,1,0.0,0.0,0.0,0.0
on_segment,0,0,0,0,1,1,1,1,,,,
almostEqual,1,1,0,0,0,0,1,1,0.0,0.0,0.0,0.0
display_mark,1,1,0,0,0,0,1,1,0.0,0.0,0.0,0.0
is_valid_after_col_swap,0,0,0,0,1,1,1,1,,,,
concat,1,1,0,0,0,0,1,1,0.0,0.0,0.0,0.0
_init_,1,1,0,0,0,0,1,1,0.0,0.0,0.0,0.0
display_grid,1,1,0,0,0,0,1,1,0.0,0.0,0.0,0.0
operate,1,1,0,0,0,0,1,1,0.0,0.0,0.0,0.0
chooseTwo,1,1,0,0,0,0,1,1,0.0,0.0,0.0,0.0
higher,1,1,0,0,0,0,1,1,0.0,0.0,0.0,0.0
rf,1,1,0,0,0,0,1,1,0.0,0.0,0.0,0.0
read_floats,1,1,0,0,0,0,1,1,0.0,0.0,0.0,0.0
__eq__,1,1,0,0,0,0,1,1,0.0,0.0,0.0,0.0
__imul__,1,1,0,0,0,0,1,1,0.0,0.0,0.0,0.0
is_nice,0,0,0,0,1,1,1,1,,,,
size,1,1,0,0,0,0,1,1,0.0,0.0,0.0,0.0
count_strokes,0,0,0,0,1,1,1,1,,,,
__iter__,1,1,0,0,0,0,1,1,0.0,0.0,0.0,0.0
ncr,1,1,0,0,0,0,1,1,0.0,0.0,0.0,0.0
printl,1,1,0,0,0,0,1,1,0.0,0.0,0.0,0.0
