submission_id,problem,tags,match_success,matched_tags,error_match,error_tags
47,581B,implementation;math,False,,False,
126,581A,implementation;math,False,,False,
13664,583C,constructive algorithms;number theory,False,,False,
19968,584A,math,False,,False,
20121,584B,combinatorics,False,,False,
27941,585B,dfs and similar;graphs;shortest paths,True,dfs and similar,False,
32545,586A,implementation,False,,False,
33321,586B,implementation,False,,False,
39142,586E,number theory,False,,False,
46428,588B,math,False,,False,
52537,589J,,,,,
52900,589I,,,,,
65740,591A,implementation;math,False,,False,
65995,591C,constructive algorithms;implementation,False,,False,
73002,592A,implementation,False,,False,
73007,592C,math,False,,False,
73585,592B,math,False,,False,
79294,593A,brute force;implementation,False,,False,
92079,595A,constructive algorithms;implementation,False,,False,
92791,595C,games,False,,False,
92833,595E,brute force;greedy;implementation,False,,False,
99074,596B,greedy;implementation,False,,True,string suffix structures
99111,596A,geometry;implementation,False,,False,
105521,597B,dp;greedy;sortings,False,,False,
112199,598A,math,False,,False,
118431,599A,implementation,False,,False,
119336,599B,implementation,False,,False,
125226,601A,graphs;shortest paths,True,shortest paths,True,binary search
132357,602A,brute force;implementation,False,,False,
134628,602C,graphs,False,,True,binary search
145319,604B,binary search;greedy,True,binary search;greedy,False,
146515,604D,combinatorics;dsu;math;number theory,False,,False,
148905,604E,games;math,False,,False,
152784,605A,constructive algorithms;greedy,False,,False,
159033,606A,implementation,False,,False,
159238,606C,,False,,True,binary search
159240,606B,implementation,False,,False,
162836,606D,graphs,False,,False,
162839,606E,,False,,True,brute force;binary search;greedy
171693,608A,implementation;math,False,,True,dfs and similar;greedy
172201,608B,combinatorics;strings,False,,False,
178344,609C,implementation;math,False,,True,divide and conquer
184937,610A,combinatorics;math,False,,False,
188429,610D,constructive algorithms;data structures;geometry;two pointers,False,,False,
191418,611A,implementation,False,,False,
195257,611C,dp;implementation,False,,False,
199687,612A,brute force;implementation;strings,False,,True,dp
200165,612B,implementation;math,False,,False,
200167,612C,data structures;expression parsing;math,False,,False,
205014,613A,binary search;geometry;ternary search,False,,True,math
211035,614A,brute force;implementation,False,,False,
211368,614B,implementation;math,False,,False,
211375,614C,geometry,False,,False,
218888,615A,implementation,False,,False,
220199,615B,dp;graphs,False,,True,dfs and similar
220207,615E,binary search;implementation;math,False,,False,
224899,616B,games;greedy,False,,False,
230355,617A,math,False,,True,divide and conquer
231061,617B,combinatorics,False,,False,
236606,618B,constructive algorithms,False,,False,
236615,618C,geometry;implementation,False,,False,
243459,620A,implementation;math,False,,False,
246741,620C,greedy,True,greedy,True,divide and conquer
249795,621D,brute force;constructive algorithms;math,False,,False,
249798,621A,implementation,False,,False,
249868,621B,combinatorics;implementation,False,,False,
256380,622A,implementation;math,False,,True,binary search
256381,622B,implementation,False,,False,
262960,623A,constructive algorithms;graphs,False,,False,
269557,624B,greedy;sortings,False,,False,
269813,624A,math,False,,False,
270632,624C,constructive algorithms;dfs and similar;graphs,False,,True,strings
276001,625B,constructive algorithms;greedy;strings,True,greedy,True,dp
276004,625A,implementation;math,False,,False,
277555,625C,constructive algorithms;implementation,False,,False,
282647,626A,brute force;implementation,False,,False,
294765,628A,implementation;math,False,,False,
294959,628C,greedy;strings,True,strings,False,
301434,629A,brute force;combinatorics;constructive algorithms;implementation,False,,False,
301649,629B,brute force,False,,False,
308359,630R,games;math,False,,False,
308388,630G,combinatorics;math,False,,False,
308695,630I,combinatorics;math,False,,False,
308698,630M,geometry;math,False,,False,
308932,630K,math;number theory,False,,False,
314332,631A,brute force;implementation,False,,False,
315229,631B,constructive algorithms;implementation,False,,False,
320852,632C,sortings;strings,True,strings,False,
321399,632B,brute force;constructive algorithms,False,,True,string suffix structures
327651,633D,brute force;dp;hashing;implementation;math,False,,False,
328576,633B,brute force;constructive algorithms;math;number theory,False,,True,binary search
334269,634A,constructive algorithms;implementation,False,,False,
338632,635A,brute force;implementation,False,,False,
340310,635B,,False,,False,
350662,637C,brute force;constructive algorithms;implementation,False,,False,
350668,637A,constructive algorithms;implementation,False,,False,
357133,638B,dfs and similar;strings,False,,False,
357134,638A,constructive algorithms;math,False,,False,
364500,639B,constructive algorithms;graphs;trees,False,,False,
364523,639A,implementation,False,,False,
367351,639C,hashing;implementation;math,False,,False,
371210,641B,implementation,False,,False,
372104,641D,dp;implementation;math;probabilities,False,,False,
373818,641A,implementation,False,,False,
386756,644A,constructive algorithms,False,,False,
387527,644C,binary search;data structures;implementation;sortings;strings,False,,False,
393560,645C,binary search;two pointers,False,,False,
394276,645A,brute force;constructive algorithms;implementation,False,,True,strings
399990,646A,,,,,
401734,647B,,,,,
402452,648B,constructive algorithms;sortings,False,,True,divide and conquer
405431,649A,constructive algorithms;implementation,False,,False,
405890,649B,constructive algorithms,False,,False,
406095,649D,constructive algorithms;greedy;implementation,False,,False,
408249,650A,data structures;geometry;math,False,,False,
414703,651B,greedy;sortings,False,,False,
421638,652B,sortings,False,,False,
427912,653C,brute force;implementation,False,,False,
435888,655A,brute force;implementation,False,,False,
440485,655C,binary search;two pointers,False,,False,
441324,656G,,False,,True,strings
442057,656E,,False,,True,shortest paths
451759,658A,implementation,False,,False,
452491,658C,constructive algorithms;trees,False,,False,
458220,659B,constructive algorithms;sortings,False,,False,
458239,659D,geometry;implementation;math,False,,False,
465134,660B,implementation,False,,False,
467323,660A,greedy;implementation;math;number theory,False,,False,
473729,662D,constructive algorithms;greedy;implementation;math,False,,False,
475227,663A,constructive algorithms;expression parsing;greedy;math,True,greedy,True,brute force
482635,664B,greedy,False,,True,dfs and similar
483172,664C,greedy,False,,True,string suffix structures
487585,665C,dp;greedy;strings,False,,False,
487592,665A,implementation,False,,False,
501451,667B,constructive algorithms;geometry,False,,False,
501509,667A,geometry;math,False,,False,
519013,670A,brute force;constructive algorithms;greedy;math,False,,False,
519221,670D1,,,,,
519562,670C,implementation;sortings,False,,False,
528003,671A,dp;geometry;greedy;implementation,False,,False,
532027,672A,implementation,False,,False,
532029,672B,constructive algorithms;implementation;strings,False,,False,
538764,673A,implementation,False,,False,
540491,673B,greedy;implementation,False,,True,dfs and similar
549197,675A,math,False,,False,
550892,675B,brute force;constructive algorithms;math,False,,False,
555667,676A,constructive algorithms;implementation,False,,False,
555732,676C,binary search;dp;strings;two pointers,False,,False,
562247,677A,implementation,False,,False,
562376,677C,bitmasks;combinatorics;implementation;strings,True,strings,False,
568991,678B,implementation,False,,False,
569159,678A,implementation;math,False,,False,
575939,679A,constructive algorithms;interactive;math,False,,False,
575981,679B,binary search;dp;greedy,False,,False,
582007,680A,constructive algorithms;implementation,False,,False,
583990,680D,binary search;brute force;constructive algorithms;greedy,True,greedy,False,
588293,681A,implementation,False,,False,
588321,681B,brute force,False,,False,
595523,682B,sortings,False,,False,
596699,682C,dfs and similar;dp;graphs;trees,True,dfs and similar,False,
612934,685A,brute force;combinatorics;dp;math,False,,False,
618692,686A,constructive algorithms;implementation,False,,False,
625347,687A,dfs and similar;graphs,False,,False,
631956,688A,implementation,False,,False,
631957,688B,constructive algorithms;math,False,,True,string suffix structures
638429,689A,brute force;constructive algorithms;implementation,False,,False,
646212,690F1,,,,,
646826,690A2,,,,,
646828,690A3,,,,,
646832,690B1,,,,,
650289,690C1,,,,,
650290,690C2,,,,,
650297,690D2,,,,,
650299,690E1,,,,,
660046,696B,dfs and similar;math;probabilities;trees,True,dfs and similar,False,
665449,697B,brute force;implementation;math;strings,False,,False,
671555,698A,dp,True,dp,False,
676252,698B,constructive algorithms;dfs and similar;dsu;graphs;trees,False,,False,
678548,699B,implementation,False,,False,
691493,701A,greedy;implementation,True,greedy,True,two pointers;divide and conquer
691615,701B,data structures;math,False,,False,
693165,701D,binary search;math,True,math,False,
698265,702A,dp;greedy;implementation,False,,False,
698360,702C,binary search;implementation;two pointers,True,binary search;implementation,False,
698431,702B,brute force;data structures;implementation;math,False,,False,
701580,702D,math,False,,False,
704214,703A,implementation,False,,False,
706242,703B,implementation;math,False,,False,
717534,705A,implementation,False,,False,
729924,706C,dp;strings,True,dp;strings,False,
731399,707C,math;number theory,False,,False,
737009,708A,constructive algorithms;greedy;implementation;strings,True,strings,False,
739534,708B,constructive algorithms;greedy;implementation;math,False,,True,divide and conquer
743934,709A,implementation,False,,False,
744434,709C,greedy;strings,True,strings,False,
745132,709B,greedy;implementation;sortings,True,greedy,False,
749429,710B,brute force;sortings,False,,False,
756133,711B,constructive algorithms;implementation,False,,False,
762730,712B,implementation;strings,False,,False,
775838,714B,implementation;sortings,False,,False,
781297,714C,data structures;implementation,False,,False,
788786,716B,greedy;two pointers,False,,False,
795639,717C,implementation;sortings,False,,False,
801782,717D,games;matrices;probabilities,True,probabilities,False,
801785,717B,dp;greedy,False,,True,strings
803322,718A,dp;implementation;math,False,,True,expression parsing
818277,721B,implementation;math;sortings;strings,False,,False,
818377,721A,implementation,False,,False,
824587,722B,implementation;strings,False,,False,
825057,722A,brute force;implementation,False,,True,greedy
844174,725A,implementation,False,,False,
848001,725C,brute force;constructive algorithms;implementation;strings,False,,False,
850539,727A,brute force;dfs and similar;math,False,,False,
851419,727D,constructive algorithms;flows;greedy,False,,False,
852420,727C,constructive algorithms;interactive;math,False,,False,
857399,729A,implementation;strings,False,,False,
858885,729D,constructive algorithms;greedy;math,False,,False,
859085,729E,constructive algorithms;data structures;graphs;greedy;sortings,False,,True,trees
865913,730B,constructive algorithms;interactive,False,,False,
868300,730I,dp;flows;graphs;greedy,False,,True,brute force
870789,731B,constructive algorithms;greedy,False,,False,
876451,732A,brute force;constructive algorithms;implementation;math,False,,False,
877777,732D,binary search;greedy;sortings,True,greedy,False,
882450,733A,implementation,False,,True,binary search
882630,733B,math,False,,False,
888587,734A,implementation;strings,False,,False,
888720,734B,brute force;greedy;implementation;math,False,,False,
894629,735C,combinatorics;constructive algorithms;greedy;math,True,math,True,games
900752,736B,math;number theory,False,,False,
900847,736A,combinatorics;constructive algorithms;dfs and similar;dp;math,True,math,True,games
915094,738B,brute force;dp;implementation,False,,False,
925647,740C,constructive algorithms,False,,True,binary search;greedy
929401,740D,binary search;data structures;dfs and similar;graph matchings;graphs,True,dfs and similar,False,
932017,741A,dfs and similar;math,False,,False,
938453,742A,implementation;math;number theory,False,,False,
938931,742B,brute force;math;number theory,False,,False,
944575,743B,binary search;bitmasks;constructive algorithms;implementation,False,,False,
946232,743C,brute force;constructive algorithms;math;number theory,False,,False,
963899,746B,implementation;strings,False,,False,
966150,746D,constructive algorithms;greedy;math,False,,False,
967858,746C,constructive algorithms;implementation;math,False,,False,
970524,747D,dp;greedy;sortings,True,greedy,False,
970758,747A,brute force;math,False,,False,
970967,747B,implementation;strings,False,,False,
974603,747E,dfs and similar;expression parsing;implementation;strings,True,expression parsing,False,
976559,748C,constructive algorithms;math,False,,False,
977089,748B,implementation;strings,True,strings,False,
983552,749C,greedy;implementation;two pointers,False,,False,
984610,749B,brute force;constructive algorithms;geometry,False,,False,
989542,750A,binary search;brute force;implementation;math,False,,False,
991701,750D,brute force;data structures;dfs and similar;dp;implementation,False,,True,math
991896,750C,binary search;greedy;math,False,,False,
996550,752A,constructive algorithms;math,False,,True,divide and conquer
996736,752B,greedy;implementation;strings,True,strings,False,
1002518,753B,brute force;constructive algorithms;implementation,False,,True,interactive
1006980,753C,brute force;constructive algorithms;interactive,False,,False,
1009170,754A,constructive algorithms;greedy;implementation,False,,False,
1009497,754C,brute force;constructive algorithms;dp;implementation;strings,False,,False,
1009853,754B,brute force;implementation,False,,False,
1015382,755A,brute force;graphs;math;number theory,False,,False,
1024300,757A,implementation,False,,False,
1030736,758B,brute force;implementation;number theory,False,,False,
1032981,758D,constructive algorithms;dp;greedy;math;strings,True,strings,False,
1033555,758C,binary search;constructive algorithms;implementation;math,False,,False,
1039546,759B,binary search;dp;greedy;two pointers,True,greedy,False,
1039992,760A,implementation;math,False,,True,divide and conquer
1040248,760B,binary search;greedy,False,,False,
1048259,761D,binary search;brute force;constructive algorithms;greedy;sortings,False,,False,
1049018,761B,brute force;implementation;math,False,,False,
1050022,761C,brute force;dp;implementation,True,brute force,True,strings
1053140,762B,greedy;implementation;sortings;two pointers,False,,False,
1057392,762C,binary search;hashing;strings;two pointers,True,strings,True,dp
1062471,763C,brute force;implementation;math;number theory,False,,False,
1065723,764A,brute force;implementation;math,False,,False,
1070249,1A,math,True,math,False,
1074537,10A,implementation,False,,False,
1085699,101A,greedy,False,,False,
1093726,102B,implementation,False,,False,
1094170,102A,brute force,False,,False,
1094173,102C,greedy,False,,False,
1099769,103A,greedy;implementation;math,False,,False,
1099871,103B,dfs and similar;dsu;graphs,True,dfs and similar,True,implementation;trees
1104701,103C,constructive algorithms;greedy,False,,False,
1106688,104A,implementation,False,,False,
1106738,104B,math,False,,False,
1113631,105A,implementation,False,,False,
1120610,106A,implementation,False,,False,
1120833,106B,brute force;implementation,False,,False,
1129694,107B,combinatorics;dp;math;probabilities,True,math,False,
1134999,108A,implementation;strings,False,,False,
1141846,109A,brute force;implementation,False,,True,divide and conquer;greedy
1148423,11A,constructive algorithms;implementation;math,False,,False,
1148425,11B,math,True,math,True,dfs and similar
1155354,110A,implementation,False,,False,
1159488,110B,constructive algorithms;strings,False,,False,
1162262,111A,greedy,False,,False,
1176053,113A,implementation;strings,False,,False,
1180157,113B,brute force;data structures;hashing;strings,False,,False,
1182236,114A,math,False,,False,
1184905,114B,bitmasks;brute force;graphs,False,,True,expression parsing
1187744,114C,implementation,False,,False,
1189184,115A,dfs and similar;graphs;trees,False,,True,dp;divide and conquer
1195987,116A,implementation,False,,False,
1196544,116B,greedy;implementation,False,,False,
1207754,117A,implementation;math,False,,False,
1209605,118A,implementation;strings,False,,False,
1209749,118B,constructive algorithms;implementation,False,,False,
1222966,12B,implementation;sortings,False,,True,strings
1223025,12A,implementation,False,,False,
1229738,120C,implementation;math,False,,False,
1229744,120B,implementation,False,,False,
1229756,120A,brute force;implementation;math,False,,False,
1235147,120E,games;math,False,,True,divide and conquer
1242058,121C,brute force;combinatorics;number theory,False,,False,
1243518,122A,brute force;number theory,False,,False,
1244634,122B,brute force;implementation,False,,False,
1256471,124A,math,False,,False,
1259666,124B,brute force;combinatorics;implementation,False,,True,strings
1276908,127A,geometry,False,,True,divide and conquer
1276946,127B,implementation,False,,False,
1278638,127D,hashing;strings,False,,True,string suffix structures
1285366,128A,dfs and similar,False,,False,
1285829,128B,brute force;constructive algorithms;hashing;implementation;string suffix structures;strings,False,,False,
1292947,129C,dfs and similar;graphs;implementation,False,,True,strings
1298430,13A,implementation;math,False,,True,divide and conquer
1309225,131A,implementation;strings,False,,False,
1313351,131B,implementation;math,False,,False,
1316575,132A,implementation,False,,False,
1322540,133A,implementation,False,,False,
1335954,135A,greedy;implementation;sortings,False,,False,
1340949,135C,constructive algorithms;games;greedy,False,,False,
1341363,135B,brute force;geometry;math,False,,False,
1350284,137B,greedy,False,,False,
1370813,14A,implementation,False,,True,strings
1371060,14B,implementation,False,,False,
1371168,14C,brute force;constructive algorithms;geometry;implementation;math,False,,False,
1378516,140A,geometry;math,True,math,False,
1384796,141A,implementation;sortings;strings,True,strings,False,
1399437,143B,implementation;strings,False,,False,
1399438,143A,brute force;math,False,,False,
1405479,144A,implementation,False,,False,
1415314,145A,greedy;implementation,False,,True,strings
1420471,146C,greedy,False,,True,strings
1427668,147A,implementation;strings,False,,False,
1431109,148A,constructive algorithms;implementation;math,False,,False,
1432740,148B,implementation;math,False,,False,
1438056,149A,greedy;implementation;sortings,True,greedy,False,
1439092,149C,greedy;math;sortings,True,greedy,True,divide and conquer
1444968,15A,implementation;sortings,False,,False,
1445167,15B,math,False,,False,
1445168,15C,games,False,,False,
1445172,15E,combinatorics;dp,False,,False,
1455570,150A,games;math;number theory,False,,False,
1465835,152A,implementation,False,,False,
1466703,152C,combinatorics,False,,True,strings
1480450,154A,greedy,False,,True,dp
1480573,154B,math;number theory,False,,False,
1481902,155A,brute force,False,,False,
1482892,155B,greedy;sortings,False,,False,
1494953,156B,constructive algorithms;data structures;implementation,False,,False,
1495722,157B,geometry;sortings,False,,False,
1495777,157A,brute force,False,,False,
1502578,158A,implementation,False,,False,
1502609,158B,greedy;implementation,False,,False,
1503251,158D,brute force;number theory,False,,False,
1507517,159A,greedy;implementation,False,,False,
1509844,159C,binary search;brute force;data structures;strings,False,,False,
1510322,159D,brute force;dp;strings,False,,False,
1514302,16A,implementation,False,,True,strings
1517496,16C,binary search;number theory,False,,False,
1527850,161A,binary search;brute force;greedy;two pointers,True,greedy;two pointers,False,
1558114,166E,dp;math;matrices,True,dp,False,
1560230,166A,binary search;implementation;sortings,False,,False,
1570992,167A,implementation;math,False,,False,
1571495,168A,implementation;math,False,,False,
1575156,168B,implementation;strings,False,,False,
1575312,168C,implementation;math,False,,False,
1583162,169A,sortings,False,,False,
1585711,17A,brute force;math;number theory,False,,False,
1586090,17B,dfs and similar;dsu;greedy;shortest paths,False,,False,
1600933,171D,brute force,False,,False,
1600935,171E,,False,,False,
1606737,172C,implementation;sortings,False,,False,
1606874,172A,brute force;implementation,False,,True,strings
1610270,172B,implementation;number theory,False,,False,
1612825,172D,number theory,False,,False,
1620607,174A,math,False,,False,
1620690,174B,dp;greedy;implementation,False,,True,expression parsing
1620856,174C,data structures;greedy,False,,False,
1628038,175C,greedy;implementation;sortings;two pointers,False,,False,
1628734,175A,brute force;implementation,False,,False,
1628735,175B,implementation,False,,False,
1637043,176A,greedy;sortings,False,,True,expression parsing
1638872,177D1,brute force;data structures;dfs and similar;dp;strings;trees,False,,False,
1638875,177D2,constructive algorithms;math,False,,False,
1639477,177A1,combinatorics;math;sortings,False,,False,
1639479,177B1,binary search;constructive algorithms;dp;two pointers,False,,True,divide and conquer
1639480,177C1,greedy;math;number theory,False,,False,
1639481,177A2,implementation,False,,False,
1639482,177B2,brute force;implementation,False,,False,
1639483,177C2,constructive algorithms;greedy;math,False,,True,dfs and similar
1640522,177F1,binary search;bitmasks;data structures;hashing;probabilities;strings;trees,False,,False,
1651845,18C,data structures;implementation,False,,True,divide and conquer
1652082,18B,brute force;math,False,,False,
1652972,18D,brute force;dp;greedy,True,dp;greedy,False,
1672160,182D,brute force;hashing;implementation;math;strings,True,strings,True,dfs and similar
1678920,183A,constructive algorithms;math,False,,False,
1681336,185A,math,False,,False,
1682585,185B,math;ternary search,False,,False,
1691731,186B,greedy;sortings,False,,False,
1698245,187A,greedy,False,,True,string suffix structures
1701875,189A,brute force;dp,True,dp,False,
1717733,190A,greedy;math,False,,False,
1726980,192A,binary search;brute force;implementation,False,,False,
1737643,193E,brute force;math;matrices,False,,False,
1738575,194A,implementation;math,False,,False,
1739567,194B,math,False,,True,divide and conquer
1744109,195A,binary search;brute force;math,False,,False,
1746482,195B,data structures;implementation;math,False,,False,
1755895,197A,constructive algorithms;games;math,False,,False,
1758365,197B,math,True,math,True,divide and conquer
1759156,197C,greedy;implementation;sortings;strings,False,,False,
1762497,198A,implementation;math,False,,False,
1773307,199D,dfs and similar;shortest paths,False,,True,strings
1783432,20A,implementation,False,,False,
1783612,20B,math,False,,False,
1785038,20C,graphs;shortest paths,False,,False,
1788971,200B,implementation;math,False,,False,
1791254,200D,binary search;brute force;expression parsing;implementation,False,,False,
1799528,201A,constructive algorithms;dp;math,False,,False,
1803049,202A,binary search;bitmasks;brute force;greedy;implementation;strings,True,greedy;strings,True,two pointers;dp
1808405,202B,brute force,False,,False,
1811479,203C,greedy;sortings,True,greedy,False,
1812033,203A,brute force;implementation,False,,False,
1814072,203B,brute force;implementation,False,,False,
1818671,204A,binary search;combinatorics;dp,False,,False,
1821867,204B,binary search;data structures,False,,False,
1824250,205A,brute force;implementation,False,,False,
1825416,205B,brute force;greedy,False,,False,
1828905,205C,binary search;brute force;combinatorics;dp;math,False,,True,strings
1845565,21C,binary search;dp;sortings,False,,True,divide and conquer
1846133,21B,implementation;math,False,,False,
1855677,213A,dfs and similar;greedy,False,,True,dp
1862117,214A,brute force,False,,False,
1868819,215A,brute force;implementation,False,,False,
1868972,215B,greedy;math,False,,False,
1868977,215D,greedy,False,,False,
1876271,216A,implementation;math,False,,False,
1880665,216B,dfs and similar;implementation,True,dfs and similar,False,
1883195,217A,brute force;dfs and similar;dsu;graphs,True,dsu,False,
1889970,218B,implementation,False,,False,
1891235,218A,brute force;constructive algorithms;implementation,False,,False,
1892467,218C,dfs and similar;dsu;graphs,True,dfs and similar;dsu,False,
1897420,219A,implementation;strings,False,,False,
1904445,22A,brute force,False,,False,
1909073,22C,graphs,False,,False,
1919616,221C,sortings,False,,False,
1925484,222D,binary search;greedy;sortings;two pointers,False,,False,
1932718,223A,data structures;expression parsing;implementation,False,,False,
1938205,223C,combinatorics;math;number theory,False,,False,
1951267,225E,math;number theory,False,,False,
1953299,225C,dp;matrices,True,dp,False,
1953752,226A,math,False,,False,
1959136,227B,implementation,False,,False,
1959157,227A,geometry,False,,False,
1965598,228A,implementation,False,,False,
1979770,23A,brute force;greedy,False,,False,
1979862,23B,constructive algorithms;graphs;math,False,,False,
1987180,230B,binary search;implementation;math;number theory,False,,False,
1987763,230A,greedy;sortings,False,,False,
2000138,232A,binary search;constructive algorithms;graphs;greedy,False,,False,
2006255,233A,implementation;math,False,,False,
2013302,234A,implementation,False,,False,
2013960,234C,dp;implementation,False,,False,
2014187,234D,implementation,False,,False,
2014848,234B,sortings,False,,True,binary search
2026204,235B,dp;math;probabilities,True,dp;probabilities,False,
2027553,236A,brute force;implementation;strings,False,,False,
2056484,24A,graphs,False,,True,dfs and similar
2069513,241A,greedy,False,,False,
2094408,244C,bitmasks;divide and conquer;math,False,,False,
2097903,245A,implementation,False,,False,
2098919,245B,implementation;strings,False,,False,
2101158,245D,constructive algorithms;greedy,False,,False,
2104266,246A,constructive algorithms;greedy;sortings,False,,False,
2123330,25A,brute force,False,,False,
2123588,25B,implementation,False,,False,
2130489,250C,greedy,False,,False,
2130968,250A,greedy,False,,True,divide and conquer
2145137,252A,brute force;implementation,False,,False,
2145557,252C,binary search;combinatorics;two pointers,True,two pointers,False,
2153759,253A,greedy,False,,False,
2158219,253B,binary search;dp;sortings;two pointers,True,binary search,False,
2159152,254B,brute force;implementation,False,,False,
2160707,254A,constructive algorithms;sortings,False,,False,
2181316,257D,greedy;math,False,,False,
2186835,258A,greedy;math,False,,False,
2193775,259A,brute force;strings,False,,False,
2195207,259C,greedy;strings,True,strings,False,
2201126,26A,number theory,False,,False,
2207929,260A,implementation;math,False,,False,
2207940,260B,brute force;implementation;strings,True,strings,False,
2216436,261A,greedy;sortings,False,,False,
2222628,262B,greedy,False,,False,
2230076,263B,greedy;implementation;sortings,False,,False,
2242653,265B,greedy;implementation,False,,True,trees
2242845,265A,implementation,False,,False,
2256224,267A,math;number theory,False,,False,
2261477,268A,brute force,False,,True,games
2261738,268B,implementation;math,False,,False,
2276587,27A,implementation;sortings,False,,False,
2282696,270C,binary search;greedy;implementation;math;sortings,False,,False,
2293998,271B,binary search;brute force;math;number theory,False,,False,
2297924,272A,implementation;math,False,,False,
2316923,275A,implementation,False,,False,
2324635,276B,games;greedy,False,,False,
2325196,276A,implementation,False,,False,
2325235,276C,data structures;greedy;implementation;sortings,False,,False,
2325237,276D,bitmasks;dp;greedy;implementation;math,False,,False,
2332810,277B,constructive algorithms;geometry,False,,False,
2337683,278A,implementation,False,,False,
2338588,278B,brute force;strings,True,strings,False,
2345169,279B,binary search;brute force;implementation;two pointers,False,,False,
2347943,279A,brute force;geometry;implementation,False,,False,
2351687,28A,implementation,False,,False,
2351688,28B,dfs and similar;dsu;graphs,False,,False,
2365194,281B,brute force;implementation;two pointers,False,,False,
2372816,282B,greedy;math,False,,True,dp
2379800,283A,constructive algorithms;data structures;implementation,False,,False,
2384680,284A,implementation;math;number theory,False,,False,
2392045,285C,greedy;implementation;sortings,False,,False,
2393656,285B,implementation,False,,False,
2405769,287A,brute force;implementation,False,,False,
2412730,288A,greedy,False,,False,
2419696,289A,brute force;implementation,False,,False,
2427317,29A,brute force,False,,False,
2427340,29B,implementation,False,,False,
2427341,29C,data structures;dfs and similar;graphs;implementation,False,,False,
2434305,290A,implementation,False,,True,strings
2441234,291A,implementation;sortings,False,,False,
2441515,291B,implementation;strings,False,,False,
2448538,292A,implementation,False,,False,
2448814,292B,graphs;implementation,False,,False,
2455331,293A,games;greedy,False,,True,strings
2461174,294A,implementation;math,False,,False,
2461535,294B,dp;greedy,False,,False,
2468326,295A,data structures;implementation,False,,True,expression parsing
2475046,296A,greedy;math,False,,False,
2489614,298A,greedy;implementation,False,,False,
2490980,298C,combinatorics;constructive algorithms;math;number theory,False,,True,strings
2496628,299A,brute force;number theory;sortings,False,,False,
2503490,3C,brute force;games;implementation,False,,False,
2503770,3A,greedy;shortest paths,False,,True,implementation;strings
2505701,3D,greedy,False,,True,dp
2511377,30C,dp;probabilities,True,probabilities,False,
2517576,31B,greedy;implementation;strings,True,strings,True,string suffix structures
2517579,31A,implementation,False,,False,
2519243,31C,implementation,False,,False,
2532137,33C,greedy,False,,True,string suffix structures
2532174,33B,shortest paths,False,,True,strings
2539804,34C,expression parsing;implementation;sortings;strings,False,,False,
2545997,35A,implementation,False,,False,
2553050,36A,implementation,False,,False,
2553068,36B,implementation,False,,True,strings;divide and conquer
2561363,37C,data structures;greedy;trees,False,,False,
2567068,38B,brute force;implementation;math,False,,False,
2570341,38C,brute force,False,,False,
2574424,39B,greedy,False,,True,dp
2574425,39D,math,False,,False,
2574427,39F,implementation,False,,False,
2574433,39A,expression parsing;greedy,False,,False,
2580846,4A,brute force;math,False,,True,divide and conquer
2584759,40A,constructive algorithms;geometry;implementation;math,False,,False,
2589024,40C,implementation;math,False,,False,
2591689,41A,implementation;strings,True,strings,False,
2592953,41C,expression parsing;implementation,False,,False,
2598679,42A,greedy;implementation,False,,False,
2598682,42B,implementation,False,,True,strings
2598683,42C,brute force;constructive algorithms,False,,True,divide and conquer
2602792,42D,constructive algorithms;math,False,,False,
2605254,43A,strings,False,,False,
2607457,43B,implementation;strings,False,,True,dfs and similar
2608108,43D,brute force;constructive algorithms;implementation,False,,False,
2612819,44C,implementation,False,,False,
2612820,44E,dp,False,,True,divide and conquer
2614046,44H,dp,False,,False,
2619651,45I,greedy,False,,False,
2619655,45D,greedy;meet-in-the-middle;sortings,True,greedy,False,
2621440,45C,data structures,False,,True,expression parsing
2626439,46B,implementation,False,,False,
2626983,46C,two pointers,False,,False,
2633453,47B,implementation,False,,False,
2634355,47C,implementation,False,,False,
2647638,49A,implementation,False,,False,
2648141,49B,math,False,,False,
2648283,49D,brute force;dp;implementation,False,,True,divide and conquer
2650391,49C,constructive algorithms;math,False,,False,
2654515,5A,implementation,False,,False,
2654786,5C,constructive algorithms;data structures;dp;greedy;sortings;strings,False,,False,
2654841,5B,implementation;strings,False,,False,
2654929,5E,data structures,False,,False,
2668562,51B,expression parsing,True,expression parsing,False,
2668571,51A,implementation,False,,False,
2668577,51C,binary search;greedy,False,,False,
2675578,52B,combinatorics,False,,False,
2681853,53A,implementation,False,,True,strings
2683246,53C,constructive algorithms,False,,False,
2687189,53D,sortings,False,,False,
2688168,53B,binary search;implementation,False,,True,math
2689260,54A,implementation,False,,False,
2689264,54C,dp;math;probabilities,True,math;probabilities,False,
2696634,55A,implementation;math,False,,False,
2697208,55C,games,False,,False,
2704155,56B,implementation,False,,False,
2704294,56C,data structures;expression parsing;implementation,True,expression parsing,True,dfs and similar
2710394,57A,dfs and similar;greedy;implementation,False,,False,
2723465,59A,implementation;strings,False,,False,
2723513,59C,expression parsing,False,,False,
2727415,59B,implementation;number theory,False,,False,
2730130,6B,implementation,False,,False,
2730152,6A,brute force;geometry,False,,False,
2731604,6C,greedy;two pointers,False,,False,
2733572,6D,brute force;dp,False,,True,greedy
2733701,6E,binary search;data structures;dsu;trees;two pointers,True,two pointers,False,
2737511,60B,dfs and similar;dsu,False,,True,implementation
2737655,60A,implementation;two pointers,False,,False,
2751688,62A,greedy;math,False,,False,
2757878,63A,implementation;sortings;strings,False,,False,
2757914,63B,implementation,False,,False,
2758319,63C,brute force;implementation,False,,False,
2769415,65A,implementation;math,False,,False,
2769628,65B,brute force;greedy;implementation,False,,False,
2769633,65C,binary search;geometry,False,,False,
2775595,66A,implementation;strings,False,,False,
2776468,66B,brute force;implementation,False,,True,flows
2780957,66E,data structures;dp,False,,False,
2785208,67A,dp;graphs;greedy;implementation,False,,False,
2789923,68B,binary search,False,,True,divide and conquer
2789959,68A,implementation;number theory,False,,False,
2803355,69B,greedy;implementation,False,,False,
2803912,7A,brute force;constructive algorithms,False,,False,
2803933,7C,math;number theory,False,,False,
2805594,7E,dp;expression parsing;implementation,False,,False,
2811384,70B,expression parsing;greedy;strings,False,,False,
2812352,70A,math,False,,True,divide and conquer;greedy
2821575,71C,dp;math;number theory,False,,False,
2827266,73A,greedy;math,False,,True,divide and conquer
2827281,73B,binary search;greedy;sortings,False,,False,
2842706,75B,expression parsing;implementation;strings,False,,False,
2855204,77A,brute force;implementation,False,,True,divide and conquer
2862968,78B,constructive algorithms;implementation,False,,False,
2862972,78C,dp;games;number theory,False,,False,
2871953,79C,data structures;dp;greedy;hashing;strings;two pointers,True,strings,False,
2876214,8A,strings,True,strings,False,
2876508,8B,constructive algorithms;graphs;implementation,False,,False,
2876515,8D,binary search;geometry,False,,False,
2876517,8E,dp;graphs,False,,True,strings
2884174,80C,brute force;implementation,False,,False,
2884796,80B,geometry;math,False,,False,
2889186,80D,geometry;probabilities,False,,False,
2897322,82A,implementation;math,False,,False,
2923738,85A,constructive algorithms;implementation,False,,False,
2927351,86A,math,False,,False,
2932511,87A,implementation;math,False,,False,
2933109,87B,implementation;strings,True,strings,False,
2940165,88A,brute force;implementation,False,,True,expression parsing
2940450,88C,implementation;math;number theory,False,,False,
2952427,9A,math;probabilities,False,,False,
2954095,9B,brute force;geometry;implementation,False,,False,
2959899,90B,implementation;strings,False,,False,
2965369,90C,greedy;math,False,,False,
2980702,93A,implementation,False,,True,divide and conquer
2983042,93B,greedy,False,,True,divide and conquer
2987645,94B,graphs;implementation;math,False,,False,
2987657,94A,implementation;strings,False,,True,divide and conquer
2988681,94C,math,False,,True,divide and conquer
2998322,95B,dp;greedy,False,,False,
3001547,96A,implementation;strings,False,,False,
3011635,98B,implementation;probabilities;trees,False,,True,divide and conquer
3016120,99A,strings,True,strings,False,
3024092,765A,implementation;math,False,,False,
3024093,765B,greedy;implementation;strings,False,,False,
3024605,765C,math,False,,False,
3025712,765D,constructive algorithms;dsu;math,False,,False,
3033131,766C,brute force;dp;greedy;strings,True,dp,False,
3043828,768C,brute force;dp;implementation;sortings,False,,False,
3043895,768B,constructive algorithms;dfs and similar;divide and conquer,False,,False,
3049084,769A,implementation;sortings,False,,False,
3049265,769B,greedy;two pointers,False,,False,
3055460,770A,implementation,False,,False,
3055530,770B,implementation;math,False,,False,
3055616,770D,implementation,False,,False,
3056188,770C,dfs and similar;graphs;implementation,False,,False,
3061860,771A,dfs and similar;dsu;graphs,False,,False,
3068312,772B,geometry,False,,False,
3069326,772A,binary search;math,False,,False,
3072275,773A,binary search;math,False,,False,
3074225,774C,constructive algorithms;greedy;implementation,False,,False,
3074457,774K,implementation;strings,False,,False,
3075443,774H,constructive algorithms,False,,True,greedy
3075472,774J,dp,False,,False,
3076015,774L,binary search,False,,True,greedy
3077582,774E,math;number theory,False,,False,
3085435,776B,constructive algorithms;number theory,False,,True,divide and conquer;greedy
3087190,776C,binary search;brute force;data structures;implementation;math,False,,True,divide and conquer
3090680,777D,binary search;greedy;implementation;strings,False,,True,string suffix structures
3090833,777A,constructive algorithms;implementation;math,False,,False,
3092166,777E,brute force;data structures;dp;greedy;sortings,True,dp,False,
3093347,777C,binary search;data structures;dp;greedy;implementation;two pointers,False,,False,
3103278,779A,constructive algorithms;math,False,,True,divide and conquer
3108780,779D,binary search;strings,False,,False,
3110614,780C,dfs and similar;graphs;greedy;trees,True,dfs and similar;greedy,False,
3111370,780B,binary search,True,binary search,False,
3112553,780D,2-sat;graphs;greedy;implementation;shortest paths;strings,True,greedy,True,data structures
3116347,781B,2-sat;brute force;graph matchings;graphs;greedy;implementation;shortest paths;strings,False,,False,
3122548,782A,implementation,False,,False,
3123922,782C,dfs and similar;graphs;greedy;trees,False,,False,
3123943,782D,graphs;greedy;shortest paths;strings,False,,False,
3129141,784G,,False,,False,
3129315,784E,brute force;implementation,False,,False,
3130595,784D,implementation,False,,False,
3135724,785A,implementation;strings,False,,False,
3147966,787A,brute force;math;number theory,False,,False,
3148130,787B,greedy;implementation;math,False,,False,
3159491,788C,dfs and similar;graphs;shortest paths,False,,False,
3161448,789A,implementation;math,True,math,False,
3162884,789C,data structures;dp;two pointers,False,,False,
3170092,791A,implementation,False,,False,
3171002,791B,dfs and similar;dsu;graphs,False,,False,
3173654,791C,constructive algorithms;greedy,False,,True,strings
3176493,792B,implementation,False,,False,
3176516,792C,dp;greedy;math;number theory,False,,False,
3176570,792D,bitmasks;trees,False,,False,
3182650,793B,dfs and similar;graphs;implementation;shortest paths,False,,False,
3182682,793A,implementation;math,False,,False,
3185365,793E,constructive algorithms;dfs and similar;dp;trees,True,dfs and similar,False,
3188977,794A,brute force;implementation,False,,False,
3188994,794B,geometry;math,False,,True,dfs and similar
3190685,794C,games;greedy;sortings,False,,True,implementation
3195570,795C,constructive algorithms;greedy,True,greedy,False,
3196099,795K,implementation;strings,False,,False,
3198020,795A,brute force;ternary search,False,,True,greedy
3198938,795H,constructive algorithms;math,False,,False,
3199843,795J,dp,False,,False,
3202134,796A,brute force;implementation,False,,False,
3204559,796B,implementation,False,,False,
3208301,797A,implementation;math;number theory,False,,False,
3208303,797C,data structures;greedy;strings,False,,False,
3217724,798C,dp;greedy;number theory,False,,False,
3220641,799D,brute force;dp;meet-in-the-middle,False,,True,greedy
3230991,801A,brute force,False,,False,
3232392,801D,brute force;geometry;greedy,False,,False,
3237197,802M,greedy;sortings,False,,False,
3237567,802D,math,False,,False,
3237802,802E,math,False,,False,
3237833,802F,math;probabilities,False,,False,
3238242,802H,constructive algorithms;strings,True,strings,False,
3240542,802J,dfs and similar;graphs;trees,True,dfs and similar,False,
3243482,803C,constructive algorithms;greedy;math,False,,False,
3243787,803A,constructive algorithms,False,,False,
3249950,804A,constructive algorithms;greedy;math,False,,False,
3250406,804B,combinatorics;greedy;implementation;math,True,greedy,False,
3256601,805B,constructive algorithms,False,,False,
3256621,805A,greedy;math,False,,False,
3257339,805C,constructive algorithms,False,,False,
3258368,805D,combinatorics,False,,False,
3262805,806A,binary search;math,False,,True,dfs and similar
3263252,806B,brute force;greedy,False,,True,implementation
3266294,807A,implementation;sortings,False,,False,
3268691,807C,binary search;math,False,,False,
3272920,808A,implementation,False,,False,
3272922,808B,data structures;implementation;math,False,,True,divide and conquer
3273915,808D,binary search;data structures;implementation,False,,True,divide and conquer
3279267,809A,implementation;math;sortings,False,,False,
3280977,809B,binary search;interactive,True,interactive,False,
3286884,810B,greedy;sortings,False,,False,
3287483,810C,implementation;math;sortings,False,,False,
3295267,811D,constructive algorithms;dfs and similar;graphs;interactive,False,,False,
3297942,812A,implementation,False,,False,
3298142,812B,bitmasks;brute force;dp,False,,True,strings;greedy
3304027,813A,implementation,False,,False,
3310468,814A,constructive algorithms;greedy;implementation;sortings,False,,False,
3311387,814B,constructive algorithms,False,,False,
3323075,816B,binary search;data structures;implementation,False,,False,
3329131,817A,implementation;math;number theory,False,,False,
3329169,817B,combinatorics;implementation;math;sortings,False,,False,
3329284,817C,binary search;brute force;dp;math,False,,False,
3336948,818B,implementation,False,,False,
3343971,819A,games;greedy,False,,False,
3344084,819E,constructive algorithms;graphs,False,,False,
3351909,821C,data structures;greedy;trees,False,,False,
3352179,821B,brute force;math,False,,True,trees
3352865,821A,implementation,False,,False,
3357738,822A,implementation;math;number theory,False,,False,
3357829,822B,brute force;implementation;strings,False,,False,
3362935,825B,brute force;implementation,False,,False,
3362972,825A,implementation,False,,False,
3363504,825C,greedy;implementation,False,,False,
3374665,828B,implementation,False,,False,
3381204,830A,binary search;brute force;dp;greedy;sortings,True,greedy,False,
3385364,830B,data structures;implementation;sortings,False,,False,
3386943,831B,implementation;strings,True,strings,False,
3387049,831A,implementation,False,,False,
3392665,832A,games;math,False,,False,
3402711,834A,implementation,False,,False,
3407167,835B,greedy,False,,False,
3408521,835C,dp;implementation,False,,False,
3410961,837A,implementation,False,,False,
3410996,837B,brute force;implementation,False,,True,strings
3417783,838D,math;number theory,False,,True,dfs and similar
3418291,839C,dfs and similar;dp;graphs;probabilities;trees,True,dfs and similar,False,
3418622,839A,implementation,False,,False,
3419219,839B,brute force;greedy;implementation,False,,True,divide and conquer
13097,583A,implementation,False,,False,
30695,585A,brute force;implementation,False,,False,
65738,591B,implementation;strings,False,,False,
33376,586C,implementation,False,,False,
60092,590A,implementation,False,,False,
55553,589A,,,,,
45936,588A,greedy,False,,False,
105411,597A,math,False,,True,divide and conquer
59962,590B,binary search;geometry;math,True,binary search,False,
112768,598B,implementation;strings,True,strings,False,
92163,595B,binary search;math,False,,False,
119337,599C,sortings,False,,True,greedy
103043,596C,combinatorics;greedy;sortings,False,,False,
138721,603A,dp;greedy;math,False,,False,
132798,602B,dp;implementation;two pointers,False,,False,
178275,609A,greedy;implementation;sortings,False,,False,
154797,605C,geometry,False,,False,
119342,599D,brute force;math,False,,False,
186540,610C,constructive algorithms,False,,False,
225018,616A,implementation;strings,True,strings,True,dfs and similar
192136,611B,bitmasks;brute force;implementation,False,,False,
219465,615D,math;number theory,False,,False,
185133,610B,constructive algorithms;implementation,False,,False,
246537,620B,implementation,False,,False,
236602,618A,implementation,False,,False,
226689,616D,binary search;data structures;two pointers,False,,False,
308363,630N,math,False,,False,
256405,622C,data structures;implementation,False,,False,
308383,630F,combinatorics;math,False,,False,
231063,617C,implementation,False,,True,binary search;math
308959,630L,implementation;math,False,,False,
315284,631C,data structures;sortings,False,,False,
350859,637B,binary search;constructive algorithms;data structures;sortings,False,,False,
321012,632A,,False,,False,
328005,633A,brute force;math;number theory,False,,False,
308985,630O,geometry,False,,False,
401562,647A,,,,,
402474,648A,constructive algorithms;implementation,False,,False,
400059,646B,,,,,
396610,645B,greedy;math,False,,False,
387301,644B,constructive algorithms;data structures;two pointers,False,,False,
406342,649C,constructive algorithms;greedy;sortings,True,greedy,False,
441487,656A,,False,,False,
428331,653A,brute force;implementation;sortings,False,,False,
414924,651A,dp;greedy;implementation;math,True,greedy,False,
441342,656B,implementation,False,,True,divide and conquer
459191,659C,greedy;implementation,False,,False,
452729,658B,implementation,False,,False,
458218,659A,implementation;math,False,,False,
480807,664A,math;number theory,False,,False,
512226,669A,math,False,,False,
476972,663B,brute force;constructive algorithms;greedy;strings,False,,True,string suffix structures
513750,669B,,False,,False,
487593,665B,brute force,False,,False,
519078,670B,implementation,False,,False,
465049,660C,binary search;dp;two pointers,False,,True,dfs and similar
501265,667C,dp;strings,True,strings,True,string suffix structures
514587,669C,constructive algorithms;implementation,False,,False,
528349,671B,binary search;greedy,False,,False,
553069,675C,constructive algorithms;data structures;greedy;sortings,False,,False,
568779,678C,implementation;math;number theory,False,,False,
556536,676B,implementation;math;math,False,,False,
595333,682A,constructive algorithms;math;number theory,False,,False,
562217,677B,implementation;math,False,,False,
532031,672C,brute force;geometry;greedy;implementation,True,greedy,False,
569127,678D,math;number theory,False,,False,
618697,686B,constructive algorithms;implementation;sortings,False,,False,
582019,680B,constructive algorithms;implementation,False,,False,
588331,681C,constructive algorithms;data structures;greedy,False,,False,
665301,697A,implementation;math,False,,False,
640288,689B,dfs and similar;graphs;greedy;shortest paths,False,,False,
645581,690D1,,,,,
652920,691B,implementation;strings,False,,False,
652913,691A,implementation,False,,False,
626365,687C,dp,False,,False,
695356,701C,binary search;strings;two pointers,False,,False,
725904,706A,brute force;geometry;implementation,False,,False,
730311,707A,implementation,False,,False,
724887,706B,binary search;dp;implementation,False,,False,
687047,700B,dfs and similar;dp;graphs;trees,True,dfs and similar,True,greedy
679480,699C,brute force;dp,True,dp,False,
762725,712A,implementation;math,False,,False,
755774,711A,brute force;implementation,False,,False,
775516,714A,implementation;math,False,,False,
749740,710A,implementation,True,implementation,False,
788785,716A,implementation,False,,False,
808653,719B,greedy,False,,False,
770711,713A,data structures;implementation,False,,True,strings
808644,719A,implementation,False,,False,
831262,723A,implementation;math;sortings,False,,False,
837430,724A,implementation,False,,False,
832280,723B,expression parsing;implementation;strings,True,strings,False,
851264,727B,expression parsing;implementation;strings,True,expression parsing,False,
858242,729B,dp;implementation,False,,False,
839524,724D,data structures;greedy;strings,False,,False,
783234,715B,binary search;constructive algorithms;graphs;shortest paths,False,,True,dfs and similar
838122,724B,brute force;greedy;implementation;math,False,,False,
870249,731A,implementation;strings,False,,False,
844069,725B,implementation;math,False,,False,
866039,730H,constructive algorithms;implementation,False,,False,
894539,735A,implementation;strings,False,,False,
866044,730G,implementation,False,,False,
926333,740B,constructive algorithms,False,,True,bitmasks
925723,740A,brute force;implementation,False,,False,
892994,734C,binary search;dp;greedy;two pointers,False,,False,
912912,738A,implementation;strings,False,,False,
895455,735B,greedy;number theory;sortings,False,,False,
938473,742C,dfs and similar;math,False,,False,
957485,745A,implementation;strings,True,strings,False,
963867,746A,implementation;math,False,,False,
876647,732C,binary search;constructive algorithms;greedy;implementation;math,False,,False,
983773,749A,greedy;implementation;math;number theory,False,,False,
959636,745C,constructive algorithms;dfs and similar;graphs,False,,False,
945425,743A,constructive algorithms;greedy;implementation,False,,False,
975411,747C,implementation,False,,False,
1015522,755B,binary search;data structures;games;greedy;sortings;strings,False,,False,
989526,750B,geometry;implementation,False,,False,
946645,743D,dfs and similar;dp;graphs;trees,True,dfs and similar,False,
976560,748A,implementation;math,False,,False,
1002596,753A,dp;greedy;math,False,,False,
1030642,758A,implementation;math,False,,False,
1024708,757B,greedy;math;number theory,False,,False,
1065696,764B,constructive algorithms;implementation,False,,False,
1023369,756B,binary search;dp,False,,False,
997693,752C,greedy;shortest paths,False,,False,
1046509,761A,brute force;constructive algorithms;implementation;math,False,,False,
1060246,763A,dfs and similar;dp;dsu;graphs;implementation;trees,True,dfs and similar,False,
1066107,764C,dfs and similar;graphs;implementation;trees,True,dfs and similar,False,
1068529,764D,geometry,False,,True,greedy
1070765,1B,implementation;math,False,,False,
1074785,10D,dp,True,dp,True,binary search
1136652,108B,math;sortings,True,math,False,
1125815,106C,dp,False,,True,implementation
1119842,105C,brute force;implementation;sortings,False,,False,
1138353,108D,combinatorics;math;probabilities,False,,False,
1130226,107A,dfs and similar;graphs,True,dfs and similar,False,
1217355,119B,constructive algorithms;implementation;sortings,False,,True,expression parsing
1215463,119A,implementation,False,,False,
1263925,125B,implementation,False,,False,
1174649,112B,implementation;math,False,,True,divide and conquer
1237583,121A,implementation,False,,True,binary search
1263456,125A,math,False,,True,divide and conquer
1213009,118D,dp,True,dp,False,
1291003,129A,implementation,False,,False,
1329166,134A,brute force;implementation,False,,True,divide and conquer
1342996,136A,implementation,False,,False,
1325182,133B,implementation,False,,True,strings
1292731,129B,brute force;dfs and similar;graphs;implementation,False,,False,
1310316,131C,combinatorics;math,False,,False,
1343549,136B,implementation;math,False,,True,strings
1363770,139A,implementation,False,,False,
1350362,137A,implementation,False,,False,
1357885,138A,implementation,False,,False,
1384905,141B,geometry;math,False,,False,
1458911,151A,implementation;math,False,,True,divide and conquer
1420725,146B,brute force;implementation,False,,False,
1494653,156A,brute force,False,,True,dp
1521379,160A,greedy;sortings,False,,False,
1514985,16B,greedy;implementation;sortings,False,,False,
1551542,165B,binary search;implementation,False,,False,
1522037,160B,greedy;sortings,False,,False,
1459153,151B,implementation;strings,False,,True,expression parsing
1552123,165A,implementation,False,,False,
1555291,165C,binary search;brute force;dp;math;strings;two pointers,False,,False,
1600170,171B,combinatorics,False,,False,
1603002,171F,brute force;implementation;number theory,False,,False,
1532693,161C,divide and conquer,False,,True,brute force
1615454,173A,implementation;math,False,,True,expression parsing
1558915,166C,greedy;math;sortings,False,,False,
1640521,177E2,games,False,,False,
1578735,169B,greedy,False,,False,
1651857,18A,brute force;geometry,False,,False,
1686610,186A,implementation;strings,True,strings,False,
1659042,180C,dp,False,,False,
1658980,180F,constructive algorithms;implementation;math,False,,False,
1711121,19A,implementation,False,,True,data structures
1679984,183B,brute force;geometry,False,,False,
1726167,192B,brute force;implementation,False,,True,dfs and similar
1745673,195D,geometry;math;sortings,False,,False,
1691729,186C,dp;math;matrices;number theory,False,,True,divide and conquer
1734779,193C,constructive algorithms;greedy;math;matrices,False,,True,strings
1761922,198B,shortest paths,False,,False,
1640516,177E1,brute force;dp;implementation;two pointers,False,,False,
1746657,195C,expression parsing;implementation,True,expression parsing,False,
1775686,2A,hashing;implementation,False,,False,
1845058,21A,implementation;strings,False,,False,
1773306,199C,math,False,,False,
1804194,202C,binary search;math,False,,False,
1861822,214B,brute force;constructive algorithms;greedy;math,False,,False,
1908749,22B,brute force;dp,False,,False,
1918007,221A,implementation;math,False,,False,
1865160,214C,brute force;greedy,False,,False,
1900428,219B,implementation,False,,False,
1876339,216E,math;number theory,False,,True,strings
1918879,221B,implementation,False,,True,strings
1925199,222A,brute force;implementation,False,,True,hashing
1835801,208D,implementation,False,,False,
2034085,237A,implementation,False,,False,
1925477,222B,data structures;implementation,False,,False,
1939350,224A,brute force;geometry;math,False,,False,
2009661,233B,binary search;brute force;math,False,,False,
1979803,23E,dp,False,,True,dfs and similar
2048409,239A,greedy;implementation;math,False,,False,
2088956,243A,bitmasks,False,,False,
2077190,242B,implementation;sortings,False,,False,
2047760,239C,combinatorics;constructive algorithms;math,False,,True,dp
2089992,244A,implementation,False,,True,divide and conquer
2077057,242A,brute force;implementation,False,,False,
2092033,244B,bitmasks;brute force;dfs and similar,False,,False,
2055463,24C,geometry;implementation;math,False,,False,
2106381,246B,greedy;math,False,,True,divide and conquer
2109454,246D,brute force;dfs and similar;graphs,False,,False,
2137501,251A,binary search;combinatorics;two pointers,False,,False,
2098860,245E,greedy;implementation,False,,False,
2165680,255B,implementation,False,,False,
2165809,255A,implementation,False,,False,
2150297,252D,brute force;combinatorics;implementation,False,,False,
2179774,257C,brute force;geometry;math,False,,False,
2130503,250D,geometry;ternary search;two pointers,False,,False,
2180954,257A,greedy;implementation;sortings,False,,False,
2228901,263A,implementation,False,,False,
2249652,266A,implementation,False,,False,
2222071,262A,implementation,False,,False,
2130488,250B,implementation;strings,False,,False,
2289408,271A,brute force,False,,False,
2282613,270A,geometry;implementation;math,False,,False,
2280956,27C,constructive algorithms;greedy,False,,False,
2201081,26C,combinatorics;constructive algorithms;greedy;implementation,True,greedy,False,
2297537,272C,data structures;implementation,False,,False,
2370849,282A,implementation,False,,False,
2284070,270B,data structures;greedy;implementation,False,,False,
2364256,281A,implementation;strings,False,,False,
2281999,27E,brute force;dp;number theory,False,,True,greedy
2370862,282C,constructive algorithms;implementation;math,False,,True,strings
2357633,280A,geometry,False,,False,
2434346,290D,implementation,False,,False,
2433932,290B,implementation,False,,False,
2421659,289D,brute force;combinatorics;dfs and similar;math,False,,True,dp
2384473,284B,brute force;implementation,False,,False,
2482192,297B,constructive algorithms;greedy,False,,False,
2395197,285E,combinatorics;dp;math,True,dp,False,
2413594,288B,combinatorics,False,,True,dp
2444447,291C,bitmasks;brute force;implementation,False,,False,
2524730,32B,expression parsing;implementation,False,,False,
2496867,299B,brute force;implementation,False,,False,
2510454,30A,brute force;math,False,,False,
2539298,34A,implementation,False,,False,
2504230,3B,greedy;sortings,False,,True,dp
2567010,38A,implementation,False,,False,
2524743,32C,math,False,,False,
2547836,35D,dp;greedy,True,greedy,False,
2574426,39H,implementation,False,,True,divide and conquer
2593927,41B,brute force,False,,False,
2612815,44A,implementation,False,,False,
2580997,4C,data structures;hashing;implementation,False,,False,
2561361,37B,greedy;implementation,False,,False,
2619239,45A,implementation,False,,False,
2606413,43C,greedy,False,,False,
2633880,47A,brute force;math,False,,False,
2585500,40E,combinatorics,False,,False,
2626438,46A,brute force;implementation,False,,False,
2661180,50A,greedy;math,False,,False,
2640299,48A,implementation;schedules,False,,False,
2626864,46D,data structures;implementation,False,,False,
2619659,45J,constructive algorithms,False,,False,
2640938,48B,brute force;implementation,False,,True,trees
2675172,52A,implementation,False,,False,
2716950,58A,greedy;strings,False,,False,
2689259,54B,hashing;implementation,False,,True,strings;divide and conquer
2662995,50B,strings,False,,False,
2743936,61A,implementation,False,,True,strings
2745581,61B,strings,True,strings,False,
2703467,56A,implementation,False,,False,
2756266,62B,binary search;implementation,False,,False,
2721177,58B,greedy,False,,False,
2796773,69A,implementation;math,False,,False,
2776862,66C,data structures;implementation,False,,False,
2817692,71A,strings,False,,False,
2783507,67B,greedy,False,,False,
2833738,74A,implementation,False,,True,expression parsing
2861885,78A,implementation;strings,False,,False,
2843490,75C,binary search;number theory,False,,False,
2776120,66D,constructive algorithms;math;number theory,False,,False,
2803770,7B,implementation,False,,False,
2892127,81A,implementation,False,,False,
2883008,8C,bitmasks;dp,False,,True,greedy
2834486,74B,dp;games;greedy,False,,False,
2869031,79B,implementation;sortings,False,,False,
2890525,81C,greedy;math;sortings,False,,False,
2883116,80A,brute force,False,,False,
2905324,83A,math,False,,False,
2869983,79A,greedy,False,,False,
2953324,9C,brute force;implementation;math,False,,False,
2917635,84B,combinatorics;implementation,False,,False,
2847994,76D,dp;greedy;math,False,,False,
2943104,88D,implementation,False,,True,strings
2902181,82B,constructive algorithms;hashing;implementation,False,,False,
2973587,92A,implementation;math,True,implementation,False,
2959955,90A,greedy;math,False,,False,
2973334,92B,greedy,False,,True,divide and conquer
3029996,766B,constructive algorithms;geometry;greedy;math;number theory;sortings,False,,False,
3029979,766A,constructive algorithms;strings,True,strings,False,
3016125,99B,implementation;sortings,False,,False,
2970456,91B,binary search;data structures,False,,False,
3016134,99C,brute force,False,,False,
3004054,96B,binary search;bitmasks;brute force,False,,False,
3042672,768A,constructive algorithms;sortings,False,,False,
3051732,769C,dfs and similar;graphs;greedy;shortest paths,True,dfs and similar,False,
3074372,774D,constructive algorithms;implementation;sortings,False,,False,
3036168,767A,data structures;implementation,False,,False,
3065957,771D,dp,False,,False,
3076181,774F,binary search;number theory,False,,False,
3075075,774B,binary search;data structures;two pointers,False,,False,
3084095,776A,brute force;implementation;strings,False,,False,
3061935,771B,constructive algorithms;greedy,False,,True,strings
3097972,778A,binary search;greedy;strings,True,strings,False,
3129095,784A,,False,,False,
3129235,784F,implementation,False,,False,
3110028,780A,implementation,False,,False,
3129317,784C,implementation,False,,False,
3122823,782B,binary search;ternary search,True,binary search,False,
3129089,784B,,False,,True,math
3136851,785C,binary search;math,False,,False,
3135989,785B,greedy;sortings,False,,False,
3155005,788A,dp;two pointers,False,,False,
3176487,792A,implementation;sortings,False,,False,
3195528,795D,implementation;sortings,False,,False,
3103282,779B,brute force;greedy,False,,False,
3162037,789B,brute force;implementation;math,False,,False,
3182665,793C,geometry;implementation;math;sortings,False,,False,
3196928,795E,brute force;number theory,False,,False,
3167727,790A,constructive algorithms;greedy,False,,True,strings
3214429,798A,brute force;constructive algorithms;strings,False,,False,
3196760,795L,binary search;greedy,True,binary search,False,
3206831,796C,constructive algorithms;data structures;dp;trees,False,,True,binary search
3230786,801B,constructive algorithms;greedy;strings,True,strings,False,
3237186,802G,implementation;strings,False,,False,
3223527,799A,brute force;implementation,False,,False,
3227143,800B,geometry,False,,False,
3240691,802A,greedy,False,,False,
3224703,799B,data structures;implementation,False,,False,
3243683,803B,constructive algorithms,False,,False,
3240707,802B,data structures;greedy,False,,False,
3265584,806C,binary search;greedy,False,,False,
3273376,808C,constructive algorithms;greedy;sortings,False,,False,
3234382,801C,binary search;math,True,binary search,False,
3243556,803D,binary search;greedy,False,,True,dp
3291841,811A,brute force;implementation,False,,False,
3287196,810D,binary search;interactive,True,interactive,False,
3266394,807B,brute force;implementation,False,,False,
3285809,810A,implementation;math,False,,False,
3298516,812C,binary search;sortings,False,,True,greedy
3305082,813B,brute force;math,False,,False,
3323054,816A,brute force;implementation,False,,False,
3335835,818A,implementation;math,False,,False,
3319889,815A,brute force;greedy;implementation,False,,False,
3364277,825E,data structures;dfs and similar;graphs;greedy,False,,True,implementation
3374738,828A,implementation,False,,False,
3359600,822C,binary search;greedy;implementation;sortings,False,,False,
3323092,816C,brute force;greedy;implementation,False,,True,dfs and similar
3345541,820B,constructive algorithms;geometry;math,False,,False,
3388841,831E,data structures,False,,False,
3403055,834B,data structures;implementation,False,,False,
3382053,830C,brute force;data structures;implementation;math;number theory;sortings;two pointers,False,,True,binary search
3407168,835A,math,False,,False,
3409566,835E,binary search;constructive algorithms;interactive,True,binary search,False,
308703,630E,math,False,,True,geometry
20647,584D,brute force;math;number theory,False,,False,
251915,621C,combinatorics;math;number theory;probabilities,False,,False,
317693,631D,data structures;hashing;implementation;string suffix structures;strings,True,strings,False,
434619,655B,greedy;math,False,,False,
552585,675E,data structures;dp;greedy,True,greedy,False,
762871,712C,greedy;math,False,,False,
582781,680C,constructive algorithms;interactive;math;number theory,False,,False,
873083,731C,dfs and similar;dsu;graphs;greedy,False,,False,
876209,732B,dp;greedy,True,greedy,False,
678536,699A,implementation,False,,False,
1074540,10B,dp;implementation,False,,False,
1294144,129E,combinatorics;dp,False,,False,
1350978,137C,sortings,False,,False,
1022843,756A,constructive algorithms;dfs and similar,False,,False,
1912866,220A,implementation;sortings,False,,False,
2111317,248B,math;number theory,False,,False,
2392295,285A,greedy;implementation,False,,False,
2298193,272B,implementation;math,False,,False,
2559875,37A,sortings,False,,False,
2546000,35B,implementation,False,,True,data structures
2339508,278C,dsu,False,,True,dfs and similar
2482400,297A,constructive algorithms,False,,True,strings
2574431,39J,hashing;implementation;strings,True,strings,False,
2612817,44B,implementation,False,,True,dp
2585084,40B,math,False,,False,
2841130,75A,implementation,False,,True,strings
2531700,33A,greedy;implementation,False,,False,
3091053,777B,data structures;dp;greedy;sortings,False,,False,
3083841,776D,2-sat;dfs and similar;dsu;graphs,False,,False,
3345520,820A,implementation,False,,False,
3075094,774A,ternary search,False,,True,greedy
3214651,798B,brute force;dp;strings,True,strings,False,
3393144,832B,implementation;strings,True,strings,True,expression parsing
3368296,827B,constructive algorithms;greedy;implementation;trees,False,,False,
3389833,831C,brute force;constructive algorithms,False,,False,

,,match_rate,128/1198,10.68%
,,error_rate,207/1198,17.28%
