File Name,Frequency
__init__,22
data,4
utils,4
find_mxnet,3
model,3
mlp,2
resnet,2
train,2
caffe_proto_utils,2
symbol,2
linalg,2
op,2
cast_storage,1
memory_benchmark,1
AddPackageLink,1
sparse_sgd,1
init_fcnxs,1
symbol_fcnxs,1
download_images,1
option,1
preprocess-sick,1
tree_lstm,1
benchmark,1
modelzoo,1
score,1
alexnet,1
inception-bn,1
inception-v3,1
inception-v4,1
lenet,1
mobilenet,1
resnet-v1,1
resnext,1
predict_dsb,1
submission_dsb,1
symbol_dsb,1
training_curves,1
Preprocessing,1
Train,1
lstm_net,1
lstm_word,1
nce,1
random_data,1
text8_data,1
toy_nce,1
toy_softmax,1
wordvec,1
wordvec_net,1
wordvec_subwords,1
basic,1
boost_inference,1
boost_train,1
data_processing,1
gen_v3,1
gen_v4,1
model_vgg19,1
nstyle,1
weighted_logistic_regression,1
sym,1
policies,1
qfuncs,1
replay_mem,1
run,1
game,1
operators,1
config,1
envs,1
gru,1
lstm,1
rnn,1
rnn_model,1
module,1
linear_model,1
weighted_softmax_ce,1
arch_deepspeech,1
config_util,1
stt_bi_graphemes_util,1
stt_bucketing_module,1
stt_io_bucketingiter,1
stt_layer_batchnorm,1
stt_layer_conv,1
stt_layer_fc,1
stt_layer_gru,1
stt_layer_lstm,1
stt_layer_slice,1
stt_layer_warpctc,1
concat_db,1
imdb,1
iterator,1
pascal_voc,1
yolo_format,1
eval_voc,1
inceptionv3,1
symbol_factory,1
vgg16_reduced,1
parse_from_protobuf,1
caffe_parser,1
convert_mean,1
convert_model,1
convert_symbol,1
mean_image,1
rand_sampler,1
visualize_net,1
sd_module,1
opencv,1
autograd,1
ndarray,1
engine,1
kvstore_server,1
log,1
misc,1
rtc,1
sparse,1
dist_lenet,1
models,1
test_docstring,1
test_rtc,1
mxnet_predict_example,1
test_attr,1
test_contrib_krprod,1
test_engine,1
test_model_parallel,1
test_multi_device_exec,1
acc_conv,1
acc_fc,1
accnn,1
measure,1
convert_caffe_model,1
_add_pooling,1
mxnet_coreml_converter,1
rec2idx,1
image_manipulations,1
example_1_234,1
gm2calc_1_2_0,1
gm2calc_1_3_0,1
restframes_1_0_0,1
cbgb,1
combine_hdf5,1
hdf5tools,1
gambit_preamble,1
approve,1
benchmarkCompile,1
benchmarkRunner,1
fixWhitespace,1
releaseNotes,1
scriptCommon,1
printers,1
relicense,1
dataset_sliceplot,1
setup,1
