Variable Name,Frequency
x,632
model,585
_base_,505
out,311
norm_cfg,228
net,185
data,154
conv_cfg,148
lr_config,146
img_norm_cfg,106
optimizer,106
inputs,98
train_pipeline,94
test_pipeline,92
loss,87
runner,81
img,72
label,69
total_epochs,65
batch_size,63
output,61
args,57
modulelist,56
labels,55
optimizer_config,51
checkpoint_config,51
parser,49
train_cfg,48
device,47
dataset,46
t,46
mask,45
data_root,44
dataset_type,42
log_level,42
load_from,42
log_config,41
dist_params,41
resume_from,41
workflow,41
test_cfg,40
work_dir,40
train_dataset,40
im,40
this_alpha,40
end,39
words,39
y,37
train_loader,35
i,35
model_eval_pool,34
index,33
ratio,33
image,32
in_channels,31
attn,31
result,30
im_size,30
captions,30
config,29
name,29
idx,29
outputs,28
lr,27
f,27
cap_lens,27
theta,27
std,26
criterion,26
layers,26
v,26
mean,26
n,25
alpha,25
dst_train,25
transform,24
k,23
sample,23
offsets,23
params,23
text,22
data_path,22
target,22
pred,22
scores,21
w,21
time,21
glancer_images,21
state_dict,21
state,21
images,21
num_classes,21
layer_features,21
t1,20
masks,20
features,20
shape,20
indices,20
dst_test,20
r,19
t2,19
df,19
inputs_t,19
pm,18
train_func,18
tm,18
filename,18
start_epoch,18
_b,18
noise,18
_idx,18
channel,18
class_names,18
c,17
targets,17
logits,17
attention_mask,17
evaluation,16
p,16
feat,16
train_set,16
text_encoder,16
results,15
best_acc1,15
expansion,15
ret,15
acc,15
q,15
value,15
prompt,15
val_loader,14
y_samples,14
imgs,14
end_time,14
values,14
word,14
__repr__,14
netG,14
img_real,14
val_dataset,13
tensor,13
batch_time,13
top1,13
scale,13
beg,13
tokenizer,13
logger,13
row,13
input_ids,13
shape_feat,13
epoch,12
prob,12
val,12
losses,12
top5,12
focuser_images,12
lines,12
max_,12
beg_time,12
test_set,12
predictions,12
hidden,12
embeddings,12
trainer,12
current_img,12
curLine,12
images_all,12
labels_all,12
grid,12
img_syn,12
eval_func,11
res,11
image_filenames,11
height,11
width,11
opt,11
a,11
tokens,11
sent,11
obj,11
saliency_logits,11
best_epoch,11
pos_embed,11
latents,11
num_feat,11
grid_y,11
num_samples,10
num_epochs,10
action,10
count,10
tmp,10
att,10
grad,10
n_test_batches,10
best_result_test,10
test_ids,10
a1_name,10
a2_name,10
a3_name,10
a4_name,10
a5_name,10
step,10
best_acc,10
one_map,10
dis,10
adj2,10
accuracy,10
test_dataset,10
training_args,10
chain,10
instruciton,10
grid_x,10
lab,10
file_client_args,10
x1,9
it,9
prefix,9
s,9
new_state_dict,9
n_class,9
y1,9
correct,9
new_key,9
max_len,9
total_loss,9
n_test,9
n_train_batches,9
cur_model_name,9
global_step,9
test_alphas,9
weights,9
key,9
cap,9
img_name,9
_,9
adj,9
rep,9
train_dataloader,9
is_masked,9
module,9
strides,9
prompt_embeds,9
images_train,9
labels_train,9
im_,9
sampler,9
temp,8
input_size,8
pm_na,8
loss1,8
h,8
checkpoint,8
logs,8
resume_ckpt,8
rewards,8
__all__,8
b,8
dim,8
result_string,8
result_logs,8
params_string,8
train_losses,8
train_ids,8
f1,8
n_records,8
vocab,8
vocab_size,8
seconds,8
num_batches,8
cur_batch,8
real_imgs,8
image_encoder,8
hs,8
epochs,8
gain,8
classes,8
stopwords,8
df2,8
scheduler,8
best_loss,8
saliency_label,8
COMMAND,8
_allowed,8
err,8
dx,8
u_hat_up,8
model_kwargs,8
accs,8
x_mean,8
offset_x,8
offset_y,8
gwr,8
gws,8
gw_real_vec,8
gw_syn_vec,8
optimizer_net,8
new_texts,8
y_pred,7
learning_rate,7
candidate,7
num_class,7
file_name,7
intersection,7
score,7
normalize,7
progress,7
block,7
input_channel,7
input,7
offsets_glancer,7
offsets_focuser,7
path,7
result_strings,7
result_store_test,7
best_result_train,7
seed,7
n_tuples,7
d,7
ops,7
num,7
split_dir,7
nz,7
rev,7
dataloader,7
save_name,7
new_feat,7
start,7
rank,7
window,7
val_dataloader,7
train_loss,7
fields,7
gt_label,7
outs,7
eval_it_pool,7
translation_y,7
n_b,7
x2,6
model_id,6
network,6
x_features,6
xs,6
towrite,6
ini_version,6
cnt,6
coordinates,6
current_label,6
b0,6
H,6
dist,6
x_new,6
lrs,6
decay,6
all_targets,6
pretrained_ckpt,6
batch,6
identity,6
sample_pos,6
t_stride,6
full_path,6
tick,6
m,6
pairs,6
crop,6
train_sampler,6
is_best,6
weight,6
write_alpha_to_file,6
l,6
model_dir,6
var_list,6
json_str,6
params_list,6
op,6
message,6
fns,6
imsize,6
image_transform,6
sorted_indices,6
filenames,6
x_code4,6
eps,6
out_code,6
img_set,6
start_time,6
fullpath,6
inj_feat,6
new_adj_tensor,6
loss_G_div,6
all_emb_list,6
new_n,6
X,6
neg,6
text_features,6
study,6
trial,6
train_df,6
test_df,6
metric1,6
metric2,6
model_input,6
encoded_sent,6
train,6
test,6
gradient_accumulation_steps,6
parameters,6
img_path,6
which,6
file,6
inputs_rho,6
inputs_p,6
_plugin,6
db,6
padding,6
sx,6
sy,6
u_hat,6
current_lr,6
vit_model,6
fusion_features,6
attn_output_weights,6
posemb_grid,6
base_prompt,6
negative_prompt_embeds,6
latent_model_input,6
image_syn,6
optimizer_img,6
idx_shuffle,6
output_real,6
trainloader,6
cutout_size,6
h_cutout,6
w_cutout,6
cutout_mask,6
h_begin,6
w_begin,6
class_map,6
writer,5
reader,5
device_ids,5
model_list,5
log_dir,5
compen_nest,5
epsilon,5
beta,5
ys,5
header,5
dt_train,5
csv_reader,5
table_writer,5
b4,5
input_image,5
aug,5
fh,5
formatter,5
confidence,5
reward,5
local_patch,5
patch,5
per_patch,5
models,5
y2,5
rows,5
bs,5
j,5
best_index_test,5
batch_input,5
batch_data,5
target_fields,5
batch_input_var,5
emb,5
head_mask,5
input_shape,5
length,5
diff,5
u,5
msg,5
L,5
wordtoix,5
ixtoword,5
cap_array,5
c_len,5
data_dir,5
filepath,5
nef,5
merged,5
model_path,5
log_info,5
folder,5
norm_a_target,5
pred_fake_G,5
loss_G_fake,5
metric_atk_suc,5
adj_attack,5
fake_batch,5
image_id,5
test_dataloader,5
num_warmup_steps,5
is_consistent,5
cols,5
resolution,5
num_patches,5
separate_dim,5
_pass,5
match,5
src,5
tic,5
preds_probs,5
_start,5
_end,5
_w,5
spatial_features,5
classifier,5
action_performed,5
states,5
html_body,5
pt,5
Epoch,5
lr_schedule,5
time_train,5
randb,5
rands,5
randc,5
translation_x,5
x_pad,5
output_list,5
pretrained,5
drop_path_rate,5
max_epochs,5
param_scheduler,5
y_true,4
log_file,4
warping_net,4
compen_nest_pp,4
num_models,4
num_val_batches,4
x_values,4
x_values_2_scores,4
KL,4
num_components,4
num_dims,4
std_samp,4
x_centered,4
prob_dens,4
prob_dens_zero,4
checkpoint_path,4
scores_samples_0,4
y_samples_zero,4
q_y_samples,4
headers,4
processed,4
lib,4
_use_shared_memory,4
idx_scale,4
samples,4
maybe_device_id,4
B,4
gt,4
loss_Bs_all,4
loss_Rs_all,4
loss_B_all,4
loss_R_all,4
loss_Bs,4
loss_Rs,4
best,4
img_input,4
b1,4
b2,4
b3,4
pad_total,4
midname,4
sum_,4
loss2,4
save_path,4
path_generation_labels,4
path_generation_classes,4
backbone_lr,4
fc_lr,4
config_yaml,4
scale_size,4
crop_size,4
input_mean,4
input_std,4
ckpt_acc1,4
total_local_feat,4
total_local_feat_logit,4
baseline_logit,4
total_logit,4
discounted_reward,4
norm_layer,4
base_out,4
ps,4
record,4
start_idx,4
root_data,4
filename_imglist_train,4
filename_imglist_val,4
file_names,4
data_time,4
scaler,4
qa_rep,4
xt_alpha,4
steps,4
total,4
result_store_train,4
new_observation_weights,4
extended_attention_mask,4
attention,4
train_file,4
n_train,4
good_tuples,4
bad_tuples,4
max_entroy,4
find_label,4
multiplier,4
saver,4
eval_input_fn,4
feats,4
max_length,4
table,4
combined,4
size,4
aspect_Vector,4
W,4
emb_A,4
emb_B,4
emb_C,4
suffix,4
grad_values,4
model_cfgs,4
model_names,4
inp,4
ckpt,4
last_time,4
begin_time,4
generated_imgs,4
num_captions,4
caption_batches,4
ims,4
ix,4
bbox,4
scores0,4
row_sim,4
bUpdate,4
lr_imgs,4
row_merge,4
opt_path,4
save_dir,4
lossG,4
new_nor_adj_tensor,4
adj_t,4
pred_loss,4
pos,4
new_adj,4
yy,4
processed_adj,4
x4,4
X_,4
lossL,4
lossS,4
lossD,4
lossE,4
loss_dict,4
lossC,4
csv_file,4
write_cnt,4
texts,4
X_test,4
y_test,4
hX_test,4
hy_test,4
X_train,4
y_train,4
hX_train,4
hy_train,4
stopwords_path,4
vocab_min_count,4
algorithm,4
vector_size,4
min_alpha,4
negative,4
cores,4
docs,4
Xtr,4
Xte,4
clf,4
tags,4
svc_c,4
xg_g,4
base_path,4
cls_bail_embed,4
d_model,4
num_train_steps,4
optimizer_name,4
hp_train_df,4
hp_test_df,4
hp_train_dataset,4
hp_test_dataset,4
best_run,4
temp_obj_num,4
current_label_name,4
ref_label,4
seqs_tmp,4
this_labels,4
loader,4
qkv,4
inputs_c,4
label_v,4
med_err,4
mean_err,4
type_str,4
grad_input,4
grad2_grad_output,4
graphs,4
my_sample,4
attr_words,4
result_dict,4
group,4
fusion_type,4
fusion_layers,4
attn_output,4
attn_mask,4
fusion_side_feat,4
choice,4
training_arguments,4
eval_examples,4
num_demonstrations,4
lang_module,4
per_type_examples,4
qa_en,4
qa_train,4
val_metrics,4
q_answering_en,4
skipped,4
schedule,4
adapter,4
env,4
instruction,4
inst_type,4
update_action_prompt,4
action_prompt,4
characters,4
xpath,4
pred_labels,4
true_labels,4
uncond_tokens,4
noise_pred,4
accs_all_exps,4
data_save,4
indices_class,4
label_syn,4
embed,4
loss_avg,4
image_syn_vis,4
image_syn_vis_log,4
images_real_all,4
images_syn_all,4
output_syn,4
net_eval,4
gpu_num,4
randf,4
images_val,4
labels_val,4
metrics,4
bsr_output,4
load_transform,4
gs,4
uc,4
log_t,4
model_orig,4
sampler_orig,4
word_print,4
ddim_eta,4
quick_sample_till_t,4
criteria,4
pbar,4
guided_concepts,4
additional_prompts,4
old_text,4
new_text,4
retain_text,4
old_text_emb,4
new_text_emb,4
retain_text_emb,4
t_ddim1,4
t_ddim2,4
og_num1,4
og_num_lim1,4
og_num2,4
og_num_lim2,4
t_ddpm1,4
t_ddpm2,4
start_code1,4
start_code2,4
e_old,4
e_retain_now,4
loss3,4
z1,4
z2,4
e_new,4
e_new2,4
e_retain,4
dynamic_image,3
loss_list,3
epoch_loss,3
token,3
flags,3
O,3
input_img,3
conv1,3
residual,3
atrous_rates,3
dec_skip1,3
last_layer_name,3
modelName,3
test_image,3
jac,3
scale_np,3
Rd,3
reward_list,3
new_fc_state_ditc,3
_reward,3
bsl_confidence,3
local_feat_logit,3
rand_index,3
standard_action,3
baseline_patch,3
image_size,3
x_img,3
y_img,3
_base_out,3
real_r,3
feature_dim,3
r_t,3
buffer,3
is_correct,3
maxk,3
entries,3
correct_k,3
dir_path,3
ngpus_per_node,3
train_augmentation,3
acc1,3
train_logs,3
z,3
g,3
best_index_train,3
test_y_pred,3
test_y_gold,3
train_alphas,3
train_alosses,3
ids,3
input_mask,3
params_dict,3
m_name,3
control_symbols,3
optimizer_options,3
graph_options,3
device_str,3
model_name,3
scores1,3
flat_features,3
files,3
iterator,3
batch_sizes,3
signal,3
new_shape,3
bias,3
ce,3
new_output,3
checkpoints,3
keys,3
devices,3
new_args,3
vals,3
model_dtype,3
data_dtype,3
out_batch_size,3
transform_train,3
trainset,3
traindir,3
valdir,3
train_transform,3
mid,3
caption_data,3
cap_ids,3
caps,3
num_words,3
class_id,3
ndf,3
c_code,3
h_c_code,3
sent_emb,3
url,3
ngf,3
att_maps,3
nc,3
shuffle,3
similarities,3
errD,3
classname,3
txt,3
training_info,3
elapsed,3
netD,3
start_t,3
s_tmp,3
cont,3
fake_label,3
acc_fake,3
new_y,3
new_row,3
new_col,3
sel_idx,3
deg,3
split,3
new_adj_sp,3
new_feature_sp,3
feat_init_max,3
real_batch,3
rowsum,3
d_inv_sqrt,3
d_mat_inv_sqrt,3
ls,3
ch,3
dt_val,3
seg_pred,3
root,3
val1_flow,3
val2_flow,3
val3_flow,3
val1_rgb,3
val2_rgb,3
val3_rgb,3
acc_avg,3
sd,3
image_features,3
embs,3
preds,3
report,3
df_test,3
df_locations,3
folders,3
stats,3
patience_flag,3
obj_num,3
seq_names,3
seq_name,3
seq_dataset,3
objs,3
info,3
ref_index,3
prev_index,3
p_mean,3
s_mean,3
j_mean,3
order,3
out_dir,3
inner_dim,3
project_out,3
dots,3
patch_dim,3
pad,3
_lead_time_features,3
is_separate,3
latent_size_out,3
E,3
E_l1,3
patterns,3
loader_dict,3
model_file,3
dtype,3
clamp,3
weight_gradients_disabled,3
grad2_input,3
slope,3
meta,3
cache_dict,3
last_epoch,3
best_acc5,3
toc,3
merges,3
pil,3
index_list,3
ViT_features,3
ViT_image_features,3
textual_features,3
total_attn_output_weights,3
key_padding_mask,3
q_k,3
q_v,3
temporal_features,3
hydra_x,3
src_idx,3
patch_size,3
cls_tokens,3
param_dict,3
lr_min,3
warmup_factor,3
pred_label,3
gt_pos,3
true_pos,3
total_params,3
per_iter,3
result_df,3
point_set,3
cat,3
l0_points,3
element,3
base_url,3
pil_image,3
tokenized_text,3
rels,3
subs,3
y_pred_prob,3
y_pred_label,3
do_classifier_free_guidance,3
extra_step_kwargs,3
deprecation_message,3
new_config,3
cfg_vgg,3
AUGMENT_FNS,3
testloader,3
dc_aug_param,3
rotate,3
strategy,3
augs,3
mhw,3
pbties,3
image_syn_augmented,3
label_syn_augmented,3
resize_train,3
resize_test,3
lat,3
dataset_root,2
data_list,2
num_train_list,2
train_option_default,2
save_compensation,2
log_file_name,2
title_str,2
cam_surf_train,2
cam_surf_valid,2
cam_valid,2
prj_valid,2
valid_data,2
train_option,2
train_data,2
src_pts,2
dst_pts,2
affine_mat,2
cam_raw_valid,2
cam_desire_valid,2
ret_str,2
desire_test_path,2
desire_test,2
cam_surf_test,2
cmp_folder_name,2
prj_cmp_path,2
prj_cmp_test,2
KL_values,2
gt_x_values_2_scores,2
num_x_values,2
scores_gt,2
prob_gt,2
KL_i,2
stds,2
num_train_batches,2
epoch_losses_train,2
batch_losses,2
y_samples_0_zero,2
q_y_samples_0,2
y_samples_0,2
scores_samples,2
loss_value,2
num_plot_samples,2
y_values,2
most_y,2
max_score_ind,2
max_score_y,2
y_plot_samples,2
flag,2
verbose,2
prior_srcs,2
prior_hdrs,2
cmakelist_txt_out,2
scan_helper_srcs,2
scan_helper_hdrs,2
cmake,2
directories,2
sources,2
plugin_name,2
nothing_excluded,2
last_plugin,2
last_version,2
last_plugin_file,2
version,2
options_list,2
status,2
inc,2
base_seed,2
img_file,2
timer_test,2
loss_B,2
loss_R,2
loss_B0,2
batch_t,2
ttt,2
eval_acc,2
tqdm_test,2
no_eval,2
sr,2
save_list,2
conv2,2
conv3,2
conv4,2
conv5,2
conv6,2
conv7,2
conv8,2
conv9,2
sorted_values,2
book,2
current_sheet,2
my_writer,2
current_coordinates,2
teams,2
weight_decay,2
depth_padding,2
kernel_size_effective,2
pad_beg,2
pad_end,2
shortcut,2
skip,2
entry_block3_stride,2
middle_block_rate,2
exit_block_rates,2
weights_path,2
image_width,2
image_high,2
imagePaths,2
regions,2
label_name,2
BS,2
smooth,2
union,2
area_true,2
area_pred,2
y_true_int,2
y_pred_int,2
ndim,2
imgs_test_data,2
cat_image,2
score1,2
binary,2
disc_region,2
labels_dir_s1,2
path_segmentation_labels_s1,2
model_dir_s1,2
list_input_labels,2
list_target_labels,2
prob_erosion_dilation,2
min_erosion_dilation,2
max_erosion_dilation,2
input_segmentation_labels,2
model_dir_d,2
labels_dir_s2,2
path_segmentation_labels_s2,2
grouping_labels,2
model_dir_s2,2
xx_new,2
c_index_array,2
c_array,2
c_list,2
h_list,2
xx,2
SIGNAL_RECEIVED,2
gpu_list,2
feat_dim,2
glancer_input,2
local_feat,2
global_feat_logit,2
num_frame_in_each_div_glancer,2
num_frame_in_each_div_focuser,2
cur_image,2
cur_global_feat_map,2
cur_local_patch,2
total_local_patch,2
baseline_feat,2
hidden_dim,2
last_channel,2
interverted_residual_setting,2
output_channel,2
action_probs,2
seq_l,2
action_logprobs,2
dist_entropy,2
state_value,2
old_states,2
old_actions,2
old_logprobs,2
action_logprob,2
ratios,2
advantages,2
surr1,2
surr2,2
action_mean,2
cov_mat,2
downsample,2
stride,2
first_conv_weight,2
first_conv_bias,2
normal_weight,2
normal_bias,2
bn,2
conv_cnt,2
bn_cnt,2
sample_len,2
patches,2
average_duration,2
start_list,2
seg_imgs,2
flow,2
filename_categories,2
categories,2
init_cell,2
shall_pretrain,2
hx,2
cx,2
remain_skip_vector,2
old_hx,2
old_r_t,2
feat_t,2
p_t,2
prior,2
r_all,2
hooks,2
gflops,2
last_layer,2
dummy_data,2
n_batch,2
fold,2
n_segment_list,2
grad1,2
grad2,2
blocks,2
n_round,2
trans,2
oversample_group,2
w_step,2
h_step,2
base_size,2
img_group,2
normal_group,2
flip_group,2
found,2
flip_crop,2
visualized_image,2
fmtstr,2
fmt,2
t0,2
frame_rate_str,2
policies,2
dataset_name,2
dataset_path,2
row_id_broadcaster,2
span_rep,2
boxes,2
output_res,2
x_atted,2
memory_init,2
xt_mask,2
x_mask,2
xt_pooled,2
quary,2
feat_drop,2
p_y,2
warmup_step,2
amask,2
avalue,2
aloss,2
true_y,2
pred_count,2
gold_count,2
hit_count,2
error_cases,2
total_hit,2
macro_f,2
y_p,2
y_g,2
best_index,2
test_y_softmax,2
alpha_sum,2
hidden_states,2
baseline_ouput,2
ourmodel_output,2
total_hit_acc,2
total_hit_f,2
baseline_line,2
ourmodel_line,2
n_padded,2
new_dataset,2
sid,2
test_file,2
alphas1,2
alphas2,2
alphas3,2
alphas4,2
alphas5,2
amasks,2
avalues,2
left_most,2
right_most,2
p_name,2
collected,2
model_cls,2
max_val,2
warmup_steps,2
update_cycle,2
initializer,2
regularizer,2
attention_loss,2
all_weights,2
total_size,2
restore_op,2
save_vars,2
train_hooks,2
v_size,2
feed_dict,2
placeholders,2
assign_ops,2
scores2,2
output_alphas,2
var_name,2
new_features,2
boundaries,2
max_example_length,2
text_dataset,2
aspect_dataset,2
polarity_dataset,2
shard_multiplier,2
bucket_capacities,2
channels,2
old_shape,2
lower_triangle,2
distance,2
matrix,2
all_inputs,2
text_inputs_A,2
aspect_inputs_B,2
text_inputs_C,2
mem_mask,2
predict_socres,2
M,2
o,2
usage,2
tf_vars,2
FLAGS,2
variables,2
sline,2
tline,2
tile_dims,2
batch_pos,2
grads_and_vars,2
gradients,2
zero_variables_op,2
collect_op,2
rnn_input,2
des_str,2
x_,2
xt_,2
input_target,2
H1,2
H2,2
xi,2
alphai,2
ti,2
xi_new,2
grads,2
updates,2
W_values,2
U_values,2
b_values,2
has_apex,2
has_native_amp,2
_logger,2
use_amp,2
run_results,2
transform_test,2
index_sampler,2
valset,2
val_sampler,2
test_transform,2
oup,2
bn_var_sqrt,2
model_type,2
term_width,2
TOTAL_BAR_LENGTH,2
topk,2
cur_len,2
rest_len,2
cur_time,2
step_time,2
tot_time,2
days,2
hours,2
minutes,2
secondsf,2
millis,2
context,2
weightedContext,2
sourceT,2
class_ids,2
sorted_cap_lens,2
center_x,2
center_y,2
x_len,2
sent_ix,2
new_sent_ix,2
re_img,2
x_code8,2
initrange,2
cnn_code,2
ncf,2
fake_imgs,2
f_handler,2
cnn_code_norm,2
rnn_code_norm,2
rnn_code,2
loss0,2
weiContext,2
g_loss,2
valid,2
ind,2
text_convas,2
pad_sze,2
middle_pad,2
seq_len,2
text_map,2
vis_size,2
num_attn,2
row_beforeNorm,2
lrI,2
minV,2
maxV,2
PIL_im,2
PIL_att,2
s_total_loss0,2
s_total_loss1,2
w_total_loss0,2
w_total_loss1,2
competition_loss_total,2
cur_best_acm_loss,2
cur_best_damsm_loss,2
cur_best_word_loss,2
cur_best_sent_loss,2
sigma,2
sum_size,2
intermediates,2
to_reduce,2
sumvar,2
unbias_var,2
bias_var,2
modules,2
rdiff,2
img_encoder_path,2
real_labels,2
fake_labels,2
match_labels,2
backup_para,2
att_sze,2
lr_img,2
discrete_score,2
gumbels,2
graph_emb,2
add_feat,2
new_logits,2
loss_atk,2
all_emb_list2,2
n_epoch,2
n_total,2
new_x,2
features_concat,2
old_layer_output,2
orig_layer_output,2
disguise_coe,2
features_attack,2
test_score,2
old_vals,2
features_propagate,2
sparsity_loss,2
ori_label,2
best_wrong_label,2
all_loss,2
add1,2
add2,2
islinked,2
gcn_save_file,2
rep_save_file,2
fig_save_file,2
graph_save_file,2
yaml_path,2
lcc,2
labels_np,2
adj_tensor,2
nor_adj_tensor,2
feat_lim_max,2
feat_lim_min,2
train_mask,2
val_mask,2
test_mask,2
rep_net,2
surro_net,2
logp,2
sec,2
optimizer_D,2
atk_suc,2
dur,2
opts,2
att_sucess,2
conf_dic,2
val_GFD,2
train_loss_D_detach,2
add,2
addmax,2
thisadd,2
sortedrank,2
injected_feat,2
rndtimes,2
atk_loss,2
smallest,2
smallid,2
newv,2
idx1,2
grad_b,2
avg,2
dimmin,2
kk,2
ssim_m,2
ckp_path,2
SE,2
lossseg,2
rand_ind,2
img_list,2
data_aug,2
e_file,2
kf,2
T,2
texts_features,2
score_tuples,2
top_k_predictions,2
first_rerank_top_k,2
rerank_top_k,2
batch_scores,2
masks_batch_scores,2
prompts_batch_scores,2
masks_scores,2
score_diffs,2
pos_cnt,2
mask_score_all,2
overall_score,2
pruned_trials,2
complete_trials,2
save_model,2
loaded_state_dict,2
epoch_validation_loss,2
saliency_masks,2
final_labels,2
final_logits,2
pred_saliency,2
in_test_set,2
file_path,2
df_database,2
shared_embedding_size,2
projection_embedding_size,2
dropout,2
max_f1,2
MODEL_NAME,2
valid_loader,2
uText,2
cText,2
uAudio,2
cAudio,2
uVideo,2
cVideo,2
speaker,2
e,2
Ms,2
curr_indices,2
image_root,2
label_root,2
imglistdic,2
obj_list_temp,2
label_path,2
obj_list,2
obj_names,2
ref_objs,2
label_list,2
current_path,2
test_loader,2
acc_train_per_epoch_model,2
loss_train_per_epoch_model,2
acc_val_per_epoch_model,2
loss_val_per_epoch_model,2
lam,2
loss_per_batch,2
loss_per_epoch,2
best_acc_val,2
snapBest,2
here,2
idxs,2
begin,2
idx_dict,2
label_dict,2
res_dir,2
skip_cols,2
res_list,2
output_dir,2
lr_drop,2
freeze_epochs,2
freeze_modules,2
load_weights_path,2
model_config,2
topk_inds,2
topk_ys,2
topk_xs,2
rot_sine,2
rot_cosine,2
hei,2
reg,2
final_box_preds,2
vel,2
ver,2
checkpoint_callback,2
properties,2
_out_size,2
output_pred_batch,2
val_datasets,2
num_datasets,2
num_out,2
median_loss,2
mean_loss,2
pp,2
latent_size,2
down_exponent,2
val_loaders,2
nn,2
loss_sep,2
_stack_all,2
g_1,2
g_2,2
inputs_v,2
i_fix,2
which_reader,2
tracer_1,2
tracer_2,2
model_dirs,2
which_example,2
in_dist_sufix,2
training_folder,2
errors,2
net_file,2
to_write,2
errors_i,2
time_batch,2
_folder,2
is_airfoil,2
E_curr,2
E_curr_l1,2
_dnnlib_cache_dir,2
obj_name,2
url_name,2
url_data,2
relative_paths,2
new_lift,2
_potential_files,2
_in_dim,2
_out_dim,2
masked_input,2
desc,2
cur_mem,2
symbolic_assert,2
rnd,2
_null_tensor,2
spec,2
d_dy,2
d_x,2
d_b,2
enabled,2
_use_pytorch_1_11_api,2
grad_weight,2
grad_bias,2
fu,2
fd,2
da,2
dc,2
fw,2
scaling,2
E_u,2
u_hat_down,2
N_old,2
u_up,2
translated_image,2
pad_lo,2
pad_hi,2
dataset_train,2
loader_train,2
cache_file_name,2
subclass_list,2
file_list,2
projector,2
projections,2
logger_level,2
tb_log,2
BICUBIC,2
vit,2
embed_dim,2
vision_width,2
vision_layers,2
vision_patch_size,2
image_resolution,2
vision_heads,2
cs,2
prev_char,2
new_word,2
img_count,2
loss_meter,2
batch_num,2
gt_list,2
valid_loss,2
valid_logits,2
imgs_path,2
trainval_name,2
test_name,2
trainval_gt_list,2
test_gt_list,2
track_name,2
track_gt_list,2
track_name_file,2
trainval_name_file,2
test_name_file,2
path1,2
tracklet_path,2
row_buf,2
square_img,2
frame,2
photo,2
crop_img,2
head_dim,2
self_weight,2
posemb,2
model_register,2
fuse_spatial_feat,2
frame_select_feat,2
fuse_temporal_feat,2
selected_layer_feat,2
reshape_feat,2
temporal_fusion_layers,2
temporal_fusion_features,2
img_size,2
cycles,2
gamma,2
t_i,2
t_curr,2
apply_noise,2
warmup_lr_init,2
noise_range,2
lr_scheduler,2
gt_neg,2
true_neg,2
false_pos,2
false_neg,2
label_pos_recall,2
label_neg_recall,2
label_ma,2
instance_acc,2
instance_prec,2
instance_recall,2
instance_f1,2
TP,2
TN,2
FP,2
FN,2
device_id,2
world_size,2
tensors_gather,2
plain_formatter,2
eval_type,2
num_jobs,2
gradiented_params,2
data_names,2
f_names,2
t_names,2
metric,2
pc,2
seg,2
cls,2
l0_xyz,2
seg_label_to_cat,2
best_class_avg_iou,2
best_instance_avg_iou,2
momentum,2
points,2
cur_pred_val,2
squad_cs_dataset,2
questions_cs,2
contexts_cs,2
answers_cs,2
categories_cs,2
q_answering_cs,2
qa_ru,2
qa_ru_train,2
q_answering_ru,2
pred_logits,2
pred_boxes,2
C_i,2
seeds,2
body,2
select,2
elements,2
dones,2
task_name,2
options,2
response,2
utterance,2
dom_info,2
curr,2
text_str,2
TOKENIZER,2
exceed_limit,2
new_file_path,2
key_type,2
cut,2
driver,2
llm_agent,2
html_state,2
base_dir,2
input_text,2
data_preprocessor,2
lang_encoder,2
no_improve_epochs,2
loss_fn,2
cur_best_v_loss,2
f1_scores,2
model_save_path,2
rel_token_ids,2
sub_token_ids,2
file_name_layer1_s_in,2
file_name_layer1_l_in,2
file_name_layer2_s_in,2
file_name_layer2_l_in,2
file_name_layer3_s_in,2
file_name_layer3_l_in,2
file_name_layer4_s_in,2
file_name_layer4_l_in,2
layer1_s_in,2
layer1_l_in,2
layer2_s_in,2
layer2_l_in,2
layer3_s_in,2
layer3_l_in,2
layer4_s_in,2
layer4_l_in,2
file_name_layer1_s_out,2
file_name_layer1_l_out,2
file_name_layer2_s_out,2
file_name_layer2_l_out,2
file_name_layer3_s_out,2
file_name_layer3_l_out,2
file_name_layer4_s_out,2
file_name_layer4_l_out,2
layer1_s_out,2
layer1_l_out,2
layer2_s_out,2
layer2_l_out,2
layer3_s_out,2
layer3_l_out,2
layer4_s_out,2
layer4_l_out,2
EXAMPLE_DOC_STRING,2
generator,2
accepts_eta,2
unet_trace_model,2
ave_decoder_trace_model,2
uncond_input,2
has_nsfw_concept,2
loss_ori,2
accs_class,2
net_res,2
net_path,2
embed_res,2
loss_cov,2
local_real_mean,2
local_real_sub,2
local_real_all,2
local_real_cov,2
local_syn_mean,2
local_syn_sub,2
local_syn_all,2
local_syn_cov,2
output_syn_res,2
syn_mean,2
syn_std,2
dis_weight,2
net_num,2
net_list,2
optimizer_list,2
acc_meters,2
train_net_list,2
train_acc_list,2
embed_list,2
indices_flat,2
acc_report,2
net_index_list,2
mtt_loss_avg,2
shuffled_net_index,2
half_size,2
checkpoint_dir,2
best_synset_filename,2
training_net_idx,2
net_train,2
optimizer_net_train,2
acc_meter_net_train,2
real_logit,2
syn_cls_loss,2
net_acc,2
loss_c,2
lab_syn,2
logits_syn,2
syn_ce_loss,2
img_real_list,2
img_syn_list,2
logits_real,2
loss_real,2
indices_topk_loss,2
weight_i,2
half_length,2
training_range,2
resize,2
cast,2
normal_fn,2
loader_train_dict,2
class_map_inv,2
zca_images,2
NUM_CLASSES,2
custom_hooks,2
row_segment,2
col_segment,2
midpoint,2
vae,2
AGENT_SS_ONLY_PROMPT,2
backend_args,2
val_evaluator,2
test_evaluator,2
process_group,2
process_groups,2
pl_sd,2
tform,2
model_prev,2
sampler_prev,2
folder_path,2
concepts,2
old_texts,2
add_prompts,2
concepts_,2
index_of_theme,2
prev_forget_concepts,2
prev_forget_texts,2
retain_texts,2
output_name,2
train_method,2
start_guidance,2
negative_guidance,2
iterations,2
eta,2
config_path,2
ckpt_path,2
previous_ckpt_path,2
seperator,2
ddim_steps,2
prev_forget_text,2
prev_forget_text_emb,2
t_ddim3,2
og_num3,2
og_num_lim3,2
t_ddpm3,2
start_code3,2
e_prev_forget_now,2
z3,2
e_prev_forget,2
theme,2
num_channels,1
channel_frames,1
channel_dynamic_images,1
video,1
frame_list,1
frames,1
coefficients,1
cumulative_indices,1
ckpt_file,1
toolsfile,1
exclude_plugins,1
plugins,1
static_links,1
src_paths,1
inc_paths,1
plug_type,1
config_files,1
scanbit_plugins,1
scanbit_incs,1
scanbit_libs,1
scanbit_links,1
scanbit_reqs,1
scanbit_auto_libs,1
scanbit_auto_incs,1
scanbit_link_libs,1
scanbit_lib_hints,1
scanbit_inc_files,1
scanbit_flags,1
scanbit_cxx_flags,1
scanbit_srcs,1
scanbit_hdrs,1
prior_txt_out,1
library_names,1
req_entries,1
flag_entries,1
linked_out,1
build_dir,1
location_files,1
exclude_list,1
cmakelist_txt_out_tmp,1
inc_commands,1
auto_libs,1
auto_incs,1
linkcommands,1
linklibs,1
linkdirs,1
linkhints,1
inc_files,1
detected_plugins,1
yaml_loader,1
yaml_file,1
ini_finds,1
obj_finds,1
scan_finds,1
lib_finds,1
inc_finds,1
flag_finds,1
cxx_finds,1
all_finds,1
unique_libdirs,1
version_bits,1
maj_version,1
min_version,1
pat_version,1
ful_version,1
splitline,1
lib_name,1
inc_name,1
mod_version,1
plugin_type,1
libs,1
incs,1
lib_full,1
oid_path,1
oid_loader,1
dataloaders,1
gt_file,1
im_pair,1
pool1,1
pool2,1
pool3,1
pool4,1
up6,1
up7,1
up8,1
up9,1
side6,1
side7,1
side8,1
out6,1
out7,1
out8,1
out9,1
out10,1
auc,1
sensitivity_interp,1
sensitivity_value,1
gt_labels,1
specificity,1
sensitivity_at_reference_value,1
classification_filename,1
gt_folder,1
names_to_sort,1
glaucoma_folder,1
non_glaucoma_folder,1
glaucoma_filenames,1
non_glaucoma_filenames,1
zip_ref,1
lenth,1
t_name,1
current_name,1
current_segmentation_results,1
current_classification_results,1
current_fovea_detection_results,1
current_results,1
WEIGHTS_PATH_X,1
WEIGHTS_PATH_MOBILE,1
weights_path_deeplab,1
new_v,1
pointwise_conv_filters,1
pointwise_filters,1
base_config,1
min_value,1
OS,1
first_block_filters,1
Region_save_path,1
Output_save_Path,1
DiscROI_size,1
DiscSeg_size,1
DiscSeg_model,1
model_1,1
org_img,1
org_img_disc_map,1
C_x,1
C_y,1
notGlau_array,1
notGlau,1
Glau_array,1
Glau,1
proba,1
filewriter,1
EPOCHS,1
INIT_LR,1
trainY,1
testY,1
model_checkpoint,1
reduce_lr_loss,1
N,1
cla,1
sorensen_dice,1
jaccard,1
y_pred_pos,1
batch_dice_coefs,1
dice_coefs,1
batch_jaccard_coefs,1
jaccard_coefs,1
ncategory,1
cross_entropies,1
ground_truth,1
noisy_image,1
clean_image,1
modelpath,1
out_rows,1
out_cols,1
imgs_test,1
imgs_mask_test,1
label_image,1
area_list,1
y_true_f,1
y_pred_f,1
score0,1
tmp_size,1
crop_coord,1
err_coord,1
imgdata,1
idx_max,1
color,1
xaxscale,1
grid_start,1
xx_1,1
h_1,1
xx_2,1
h_2,1
h_new,1
g_new,1
h_inv,1
xx_inv,1
g_inv,1
cmd_line,1
CHECKPOINT_filename,1
CHECKPOINT_tempfile,1
mem,1
use_cnn,1
lr_steps,1
all_y,1
patch_sizes,1
state_dim,1
policy_params,1
focuser_base_model_params,1
focuser_input,1
downs_2d,1
cur_random_local_patch,1
logit,1
model_urls,1
previous_dilation,1
featvec,1
replace_stride_with_dilation,1
pad_width,1
im_crop,1
patch_coordinate,1
images_glancer,1
process_data_glancer,1
images_focuser,1
process_data_focuser,1
dict_single,1
file_imglist_train,1
file_imglist_val,1
file_categories,1
reso_dim,1
action_dim,1
i_do_need_a_policy_network,1
lr5_weight,1
lr10_bias,1
custom_ops,1
r_list,1
lite_j_list,1
_c,1
fuse_data_list,1
feat_out_list,1
base_out_list,1
ind_list,1
input_list,1
pred_tensor,1
r_tensor,1
t_tensor,1
base_model,1
linear_model,1
feed_dim,1
multi_fc_list,1
input_b_t_c,1
input_2d,1
log_prob_r_list,1
prob_r_list,1
j_t,1
fused_data,1
bn_scale,1
new_fc,1
r_t_idx,1
log_prob_r_t,1
take_bool,1
take_old,1
take_curr,1
real_pred,1
lite_pred,1
feat_dim_dict,1
prior_dict,1
str_list,1
b_idx,1
t_idx,1
k_idx,1
real_cfd,1
lite_cfd,1
real_cfd_x,1
real_cfd_y,1
lite_cfd_x,1
lite_cfd_y,1
psu_label,1
margin,1
tsm1,1
tsm2,1
color_group,1
rst,1
gray_group,1
gray_rst,1
trans2,1
out_images,1
rep_mean,1
rep_std,1
crop_img_group,1
ret_img_group,1
crop_sizes,1
crop_h,1
crop_w,1
crop_pair,1
w_offset,1
h_offset,1
area,1
target_area,1
aspect_ratio,1
out_group,1
class_dict,1
es,1
maximum_length,1
patch_coordinate_sequence,1
visualized_images,1
mask_mean,1
mask_std,1
n_samples,1
label_cnt,1
ap,1
test_y,1
probs,1
rg,1
old_keys_del,1
new_keys_add,1
state_dict_2d_new,1
white_top,1
img_draw,1
truth,1
tp,1
precision,1
num_digits,1
max_coord,1
patch_color,1
coords,1
dst_dir_path,1
del_list,1
cmd_list,1
dst_directory_path,1
video_file_path,1
cmd,1
all_results,1
confidence_last,1
local_patch_list,1
py_path,1
unknowns,1
cg,1
dataset_plotter,1
SAVE_ROOT,1
INPUT_SIZE,1
span_tags_fixed,1
row_id,1
leading_dims,1
retrieved_feats,1
padding_a,1
padding_q,1
q_rep_new,1
a_rep_new,1
h_size,1
att_res,1
objects,1
box_mask,1
segms,1
obj_reps,1
qa_similarity,1
qa_attention_weights,1
attended_q,1
atoo_similarity,1
atoo_attention_weights,1
attended_o,1
qa_rep_size,1
transformer,1
class_probabilities,1
output_dict,1
att_list,1
setup,1
betas,1
tFWHM,1
LD,1
LNL,1
power,1
solver,1
solution,1
x_pooled,1
x1_noise,1
err_m,1
alpha_m,1
train_observation_weights,1
model1,1
f2,1
model2,1
f3,1
model3,1
f4,1
model4,1
f5,1
model5,1
result_softmax,1
y_softmax,1
encoder_extended_attention_mask,1
embedding_output,1
encoder_outputs,1
token_type_ids,1
layer_outputs,1
sum_attention,1
tmask,1
model_fn,1
num_shards,1
model_cls_list,1
model_var_lists,1
predict_fn,1
all_var_list,1
assign_op,1
init_op,1
input_features,1
restored_scores1,1
restored_scores2,1
restored_output_alphas,1
restored_inputs_text,1
restored_inputs_aspect,1
restored_inputs_score,1
class3_bad_TP,1
class3_bad_FP,1
class3_bad_FN,1
class3_mid_TP,1
class3_mid_FP,1
class3_mid_FN,1
class3_good_TP,1
class3_good_FP,1
class3_good_FN,1
shard_size,1
un_init_var_list,1
placeholder,1
shard_feat,1
pattern,1
sharded_losses,1
queue,1
init_ops,1
flat_feature,1
input_lens,1
sorted_input_lens,1
sorted_inputs,1
sorted_keys,1
min_length,1
mantissa_bits,1
attention_value_dataset,1
attention_mask_dataset,1
datasets,1
seq_length,1
mapping,1
num_heads,1
num_queries,1
num_memories,1
position,1
num_timescales,1
log_timescale_increment,1
inv_timescales,1
scaled_time,1
ndims,1
last,1
perm,1
mem_shape,1
key_size,1
length_q,1
length_kv,1
next_state,1
key_depth_per_head,1
mask_triangle,1
smoothing,1
scope,1
output_shape,1
channel_size,1
offset,1
variance,1
norm_inputs,1
soft_targets,1
xentropy,1
normalizing,1
new_output_size,1
new_state,1
class_loss,1
counter,1
count_pairs,1
limit,1
ctrl_symbols,1
checkpoint_names,1
sorted_names,1
params_pattern,1
params_files,1
saved_name,1
new_name,1
o_keys,1
n_keys,1
ivoc,1
voc,1
records,1
output_files,1
writers,1
svocab,1
tvocab,1
output_filename,1
output_file,1
example,1
shard,1
int64_list,1
float_list,1
feature,1
bytes_list,1
stream,1
minlen,1
newstream,1
parsed_args,1
static_shape,1
dynamic_shape,1
range_size,1
model_fns,1
new_vars,1
global_norm,1
train_op,1
loss_var,1
slot_variables,1
collect_grads_op,1
collect_loss_op,1
num_worker,1
new_kwargs,1
num_datashards,1
sharded_features,1
datashard_to_features,1
device_name,1
var_size,1
gpus,1
worker,1
device_setter,1
h0,1
c0,1
Wx,1
Uh,1
Sum_item,1
ft,1
ct_tilde,1
ot,1
ct,1
ht,1
rng,1
srng,1
scaling_factor,1
trans_gate,1
strs,1
rnn_input_reverse,1
rnn_input_target,1
rnn_input_target_reverse,1
H0_forward,1
Ht_forward,1
H0_backward,1
Ht_backward,1
H0,1
Ht,1
feat_dropout,1
model_inputs,1
model_outputs,1
model_inputs_final,1
model_outputs_final,1
padded_W,1
INIT_RANGE,1
U,1
new_tensor,1
t_prev,1
one,1
a_t,1
m_prev,1
v_prev,1
m_t,1
v_t,1
stepped_p,1
velocity,1
train_wc,1
test_wc,1
train_t_wc,1
test_t_wc,1
max_len_target,1
wids,1
emb_file,1
pkl,1
n_emb,1
tmax,1
eles,1
val_size,1
config_list,1
pruner,1
input_var,1
target_var,1
SZ,1
ms,1
IMAGE_SIZE,1
train_type,1
bench_kwargs,1
bench_fns,1
prefixes,1
model_results,1
param_count,1
data_config,1
results_file,1
sort_key,1
dw,1
t_step_start,1
t_step_end,1
total_step,1
t_run_start,1
t_run_end,1
t_run_elapsed,1
bench,1
delta_fwd,1
num_steps,1
cifar_tran_train,1
cifar_tran_test,1
testset,1
imagenet_tran_train,1
imagenet_tran_test,1
train_dir,1
val_dir,1
fused_conv,1
bn_var_rsqrt,1
conv_w,1
conv_b,1
running1,1
running2,1
idconv1,1
idbn1,1
idrelu1,1
idconv2,1
idbn2,1
idrelu2,1
idconv3,1
idbn3,1
out_channels,1
target_topk,1
appendices,1
sourceL,1
contextT,1
attnT,1
queryL,1
targetT,1
list_label_files,1
folder_name,1
caption_list,1
bbox_path,1
df_bounding_boxes,1
df_filenames,1
filename_bbox,1
numImgs,1
all_captions,1
word_counts,1
train_captions_new,1
test_captions_new,1
train_names,1
test_names,1
sent_caption,1
cls_id,1
mis_match_captions_t,1
mis_match_captions,1
mis_match_captions_len,1
cap_path,1
train_captions,1
test_captions,1
n_words,1
tokens_new,1
x_code16,1
words_emb,1
mu,1
logvar,1
c_z_code,1
out_code32,1
out_code64,1
attn_out,1
h_code_new,1
out_img,1
h_code1,1
fake_img1,1
fake_img2,1
fake_img3,1
h_code,1
data_dic,1
checkpoint_model_dir,1
output_res_dir,1
r_precision_path,1
algo,1
sentences,1
__C,1
cfg,1
old_type,1
yaml_cfg,1
w12,1
w1,1
w2,1
norm0,1
similarities1,1
real_features,1
fake_features,1
cond_real_logits,1
cond_real_errD,1
cond_fake_logits,1
cond_fake_errD,1
cond_wrong_logits,1
cond_wrong_errD,1
numDs,1
errG_total,1
KLD_element,1
KLD,1
words_num,1
real_logits,1
fake_logits,1
real_errD,1
fake_errD,1
cond_logits,1
cond_errG,1
errG,1
w_loss,1
s_loss,1
COLOR_DIC,1
FONT_MAX,1
img_txt,1
fnt,1
sentence_list,1
nvis,1
post_pad,1
max_word_num,1
flatten,1
sentence,1
istart,1
iend,1
attn_max,1
thresh,1
row_txt,1
conf_score,1
row_new,1
row_merge_new,1
txt_new,1
mask0,1
minVglobal,1
maxVglobal,1
UPDATE_INTERVAL,1
s_total_loss,1
w_total_loss,1
comp_total_loss,1
s_cur_loss,1
w_cur_loss,1
comp_cur_loss,1
para,1
image_dir,1
dataset_val,1
dataloader_val,1
cur_best_epoch,1
s_cur_loss0,1
s_cur_loss1,1
w_cur_loss0,1
w_cur_loss1,1
competition_cur_loss,1
cur_damsm_loss,1
cur_acm_loss,1
epoch_start_time,1
damsm_loss,1
acm_loss,1
checkpoint_to_save,1
previous_epoch,1
pre_checkpoint_path,1
w_bar,1
_ChildMessage,1
_MasterMessage,1
input_sum,1
input_ssum,1
target_gpus,1
broadcasted,1
numel,1
input_,1
sum_of_square,1
inv_std,1
_MasterRegistry,1
_SlavePipeBase,1
future,1
master_copy,1
nr_modules,1
ctxs,1
old_replicate,1
adiff,1
netsD,1
D_total_params,1
optimizersD,1
num_Ds,1
optimizerG,1
checkpoint_epoch,1
avg_param_G,1
fixed_noise,1
gen_iterations,1
num_params,1
netD_path,1
attn_maps,1
data_iter,1
ndarr,1
sample_path,1
R_count,1
R,1
errD_total,1
D_logs,1
kl_loss,1
norm,1
sum,1
R_mean,1
R_std,1
uniform_rand,1
nz_uniform_rand,1
sub_xw,1
tar_xw_rep,1
add_xw_rep,1
concat_output,1
score_idx,1
wlabel,1
wsec,1
np_load_old,1
target_deg,1
budget,1
one_order_nei,1
tar_norm_adj,1
real_sample,1
pred_real,1
pred_fake_D,1
loss_D,1
real_label,1
acc_real,1
acc_D,1
emb2,1
norm_emb,1
norm_emb2,1
layer_loss,1
target2,1
val_cons_gfd,1
attack_degs,1
isolate_idx,1
makeup_x,1
makeup_y,1
makeup_z,1
real_target_idx,1
tmp_vals,1
sel_mask,1
sims,1
x_neg,1
node_sims,1
deg_inv_sqrt,1
feat_len,1
orig_adj,1
idx_map,1
optimizer_adj,1
new_vals,1
layer_pred,1
ilap_loss,1
feat_concat,1
loss_G_atk,1
origin_labels,1
inj_features,1
target_idx,1
new_edges_x,1
new_edges_y,1
new_data,1
D_acc,1
netD_save_file,1
nfeat,1
edge_budget,1
degree,1
feat_num,1
index_train,1
index_val,1
index_test,1
stopper,1
victim_net,1
adj_st,1
new_adj_tmp,1
new_feat_tmp,1
attacker,1
Dopt_ep,1
real_dataset,1
fake_dataset,1
batch_loader_G,1
batch_loader_D_real,1
batch_loader_D_fake,1
iter_loader_D_real,1
iter_loader_D_fake,1
iter_loader_G,1
new_feature_np,1
feat_init_min,1
postprocess,1
postproc_suffix,1
testlabels,1
max_connections,1
add_num,1
new_feature,1
curlabels,1
newedgesx,1
newedgesy,1
newdata,1
num_test,1
addscore,1
normadj,1
normdeg,1
labelgroup,1
labelil,1
cur_inj_feat,1
Dopt_out_epoch,1
addscore1,1
addscore2,1
sc,1
dim2_adj,1
out_epoch,1
feature_orc,1
best_inj_feat,1
tu,1
new,1
m1,1
m2,1
idx2,1
dispersion,1
idx3,1
fstack,1
sumlines,1
allsum,1
normx,1
covariance,1
qq,1
diag,1
sumdiag,1
sumnondiag,1
diagcov,1
sumdiagcov,1
sumnondiagcov,1
lscov,1
num_layers,1
num_features,1
x3,1
grad_a_dense,1
edge_idx,1
sess,1
dir,1
transff,1
pathDir,1
ssim,1
psnr,1
gen_num,1
losses_train,1
ssim_train,1
psnr_train,1
losses_val,1
ssim_val,1
psnr_val,1
total_loss_dict,1
loss_components_dict,1
ssim_now,1
psnr_now,1
lr_now,1
tmp_list,1
col,1
gt1,1
gt2,1
gt3,1
val1_fuse,1
val2_fuse,1
val3_fuse,1
rec_avg,1
recalls,1
rec,1
is_correct_this_class,1
dst,1
model_config_file,1
loc,1
model_info,1
img_data,1
text_data,1
prompt_data,1
mask_data,1
prompt_features,1
mask_features,1
image_ids,1
image_feats,1
image_feats_array,1
text_ids,1
text_feats,1
text_feats_array,1
prompt_feats,1
prompt_feats_list,1
prompt_feats_arrays,1
mask_feats,1
mask_feats_list,1
mask_feats_arrays,1
txt_cnt,1
img_cnt,1
prompt_feats_array,1
mask_feats_array,1
obj_prompt_feats,1
obj_mask_feats,1
query_id,1
text_feat,1
text_feat_tensor,1
prompt_feat_list,1
prompt_feat_tensors,1
mask_feat_list,1
mask_feat_tensors,1
image_feat,1
image_feat_tensor,1
img_feats_tensor,1
prompt_batch_scores,1
text_feats_tensor,1
prompts_scores,1
mask_batch_score,1
prompt_batch_score,1
mask_feats_tensor,1
mask_scores,1
prompt_feats_tensor,1
prompt_scores,1
train_predictions,1
test_predictions,1
val_predictions,1
X_WIDTH,1
Y_WIDTH,1
P5,1
P6,1
P7,1
P8,1
P9,1
P10,1
test_regions,1
FILENAME,1
POINTCLOUD_FOLS,1
database_trees,1
test_trees,1
test_sets,1
database_sets,1
database_tree,1
test_tree,1
database,1
tree,1
coor,1
argParser,1
mustard_input,1
speaker_list,1
video_embedding_size,1
audio_embedding_size,1
text_embedding_size,1
patience,1
original,1
stat,1
pred_all,1
true_all,1
indexes,1
types,1
report_dict,1
clf_df,1
worker_seed,1
valid_losses,1
input_modes,1
valid_dataset,1
mod,1
spkr,1
true,1
best_model,1
curr_gaps,1
total_gap,1
search_range,1
total_len,1
now_index,1
seqname,1
frame_num,1
max_try,1
try_step,1
current_frame_obj_num,1
gnoise,1
nums,1
current_label_all,1
_seq_list_file,1
imagelist,1
lablist,1
gap,1
prev_objs,1
source_label_path,1
result_label_path,1
c_objs,1
corrected_labels,1
exp_path,1
mixed_x,1
acc_train_per_batch,1
acc_train_per_epoch,1
acc_val_per_batch,1
test_loss,1
acc_val_per_epoch,1
pw,1
p_mean_list,1
s_mean_list,1
j_mean_list,1
n_finish,1
inv_idx_dict,1
names,1
n_method,1
new_idxs,1
p_mean_df,1
s_mean_df,1
j_mean_df,1
cmap,1
fontsize,1
labels_x,1
sorted_positions,1
new_idx_vals,1
fp,1
remove_cols,1
df_rel,1
rank_df,1
rank_li_df,1
exp_dict,1
exp_hash,1
exp_dir,1
loss_mean,1
backbone,1
inds,1
topk_clses,1
rot,1
clses,1
final_scores,1
final_preds,1
feat_masks,1
thresh_mask,1
predictions_dicts,1
cmask,1
boxes3d,1
predictions_dict,1
in_dim,1
out_dim,1
is_different_dim,1
in_dim_tune,1
out_dim_tune,1
num_trajectories,1
folder_fine_tune,1
sufix,1
folder_model,1
timestep,1
nparams,1
nbytes,1
_dim,1
params_1,1
params_2,1
params_3,1
train_dataset1,1
train_dataset2,1
train_dataset3,1
train_dataset4,1
train_dataset5,1
train_dataset6,1
train_datasets,1
val_dataset1,1
val_dataset2,1
val_dataset3,1
val_dataset4,1
val_dataset5,1
val_dataset6,1
_stack,1
idx_label,1
prog_bar,1
_stack_sep,1
_loss,1
median_loss_s,1
mean_loss_s,1
reader_1,1
reader_2,1
reader_3,1
reader_4,1
axes,1
bc,1
data_path_1,1
data_path_2,1
data_path_3,1
data_path_4,1
input_tracer,1
output_tracer,1
delta,1
std_inp,1
std_out,1
is_loaded,1
fine_tuned,1
old_in_dim,1
folder_pattern,1
additional_flags,1
write_in_file,1
separate_var,1
steady,1
len_sep,1
_subfolders,1
max_steps,1
acc_jump,1
t_batch,1
input_batch,1
output_batch,1
dt,1
test_data_loader,1
error_file,1
zero_time_inp,1
cluster,1
Dict_EXP,1
early_part,1
early_stop_callback,1
training_properties,1
model_architecture_,1
_str_to_ctype,1
my_dtype,1
my_ctype,1
parts,1
name_pairs,1
func_obj,1
base_name,1
url_md5,1
ignores,1
absolute_paths,1
target_dir_name,1
cache_dir,1
cache_files,1
safe_name,1
cache_file,1
temp_file,1
dirs_to_remove,1
content_str,1
links,1
pre_lift,1
init_project,1
_model_file,1
new_project,1
dirs,1
S,1
string,1
verbosity,1
_cached_plugins,1
verbose_build,1
matches,1
all_source_files,1
all_source_dirs,1
compiler_bindir,1
hash_md5,1
source_digest,1
build_top_dir,1
cached_build_dir,1
cached_sources,1
tmpdir,1
units,1
scaled_x,1
unit,1
DEVICE,1
LAST_MEM,1
ENABLED,1
_constant_cache,1
nan_to_num,1
flt,1
src_tensors,1
nesting,1
tensors_seen,1
param_total,1
buffer_total,1
submodule_names,1
widths,1
memory_format,1
fullname,1
other,1
param_size,1
buffer_size,1
output_shapes,1
output_dtypes,1
posinf,1
neginf,1
activation_funcs,1
_bias_act_cuda_cache,1
dy,1
d_dx,1
d_y,1
_conv2d_gradfix_cache,1
old,1
weight_shape,1
output_padding,1
dilation,1
common_kwargs,1
grad_output_shape,1
pxt,1
pyt,1
_filtered_lrelu_cuda_cache,1
in_dtype,1
out_w,1
out_h,1
write_signs,1
dfu,1
dfd,1
dsi,1
dsx,1
dsy,1
si,1
return_code,1
so,1
gg,1
ff,1
extra_dims,1
c_shape,1
grad2_grid,1
output_mask,1
_upfirdn2d_cuda_cache,1
upW,1
upH,1
separable,1
_version,1
_decorators,1
_import_hooks,1
_module_to_src_dict,1
_src_to_module_dict,1
orig_module,1
orig_module_src,1
orig_class,1
decorator_class,1
setstate,1
_orig_module_src,1
_orig_class_name,1
module_name,1
batch_u_hat_,1
u_hat_energy,1
kk_matrix,1
kk_vec,1
u_down,1
relative_error,1
absolute_error,1
u_hat_masked,1
el,1
x_proj,1
transform_valid,1
dataset_valid,1
loader_valid,1
optimizer_fclayer,1
scheduler_fclayer,1
correct_1,1
correct_5,1
predicted,1
Z,1
sing_val,1
eig_val,1
imagenet_norm,1
transform_large1,1
transform_large2,1
transform_small1,1
transform_small2,1
transform_list,1
rep_size,1
params_with_wd,1
params_without_wd,1
optimizer_with_wd,1
scheduler_with_wd,1
optimizer_without_wd,1
scheduler_without_wd,1
env_info,1
cossim_list,1
entropy_list,1
cossim_sum,1
cossim_cnt,1
avg_cossim,1
entropy_sum,1
entropy_cnt,1
avg_entropy,1
proj_list,1
analyzer,1
_net_builder,1
port,1
resize_box,1
case_folder,1
cases,1
now_middle_idx,1
case,1
now_case,1
image_input_dir,1
image_output_root_dir,1
overall_results_dir,1
slice_files,1
image_output_dir,1
moving_jpg,1
fixed_jpg,1
working_dir,1
_tokenizer,1
_MODELS,1
expected_sha256,1
download_target,1
device_holder,1
device_node,1
sot_token,1
eot_token,1
all_tokens,1
float_holder,1
float_input,1
float_node,1
jit,1
context_length,1
transformer_width,1
transformer_heads,1
transformer_layers,1
orig_type,1
proj_std,1
attn_std,1
fc_std,1
logit_scale,1
logits_per_image,1
logits_per_text,1
grid_size,1
counts,1
output_width,1
attr,1
bpe_tokens,1
bigram,1
epoch_time,1
train_logits,1
train_probs,1
log_interval,1
valid_probs,1
sorted_img_paths,1
selected_images,1
valid_transform,1
dataset_info,1
track_id,1
attr_label,1
trackname,1
track_img_path,1
imgs_trans,1
images_path,1
imagenames,1
layer_names,1
output_layers,1
output_folder,1
person_folders,1
video_path,1
video_label,1
video_button,1
start_button,1
text_widget,1
btn,1
x_offset,1
y_offset,1
blob,1
confidences,1
video_file,1
box,1
person_id,1
img_filename,1
videos,1
targets_mask,1
feat_list,1
blk,1
updated_x,1
src_len,1
q_x,1
k_x,1
v_x,1
q_proj_weight_non_opt,1
k_proj_weight_non_opt,1
v_proj_weight_non_opt,1
interact_dict,1
spa_model_name,1
tem_model_name,1
IMAGENET_DEFAULT_MEAN,1
IMAGENET_DEFAULT_STD,1
to_2tuple,1
default_cfgs,1
keep_prob,1
random_tensor,1
ntok_new,1
gs_old,1
out_features,1
hidden_features,1
mlp_hidden_dim,1
stride_size_tuple,1
dpr,1
lr_max_values,1
pos_weights,1
neg_weights,1
intersect_pos,1
union_pos,1
prec,1
recall,1
visiable_devices,1
dest_state_dict,1
src_missing,1
dest_missint,1
map_location,1
save_dict,1
vector,1
maybe_modules,1
param,1
tb_writer,1
stdout_file,1
valid_set,1
sample_weight,1
epoch_num,1
valid_name_buf,1
selected_params1,1
selected_params2,1
selected_params_count1,1
trainable_percentage,1
group_f1,1
group_acc,1
group_prec,1
group_recall,1
average_instance_f1,1
average_acc,1
average_prec,1
average_recall,1
_LOCAL_PROCESS_GROUP,1
reductions,1
reduction,1
PathManager,1
previous_df,1
_FORMAT,1
json_stats,1
log,1
_B_IN_GB,1
mem_usage_bytes,1
LOG_NAME,1
min_num,1
new_dict,1
j_data,1
wd,1
nmi_dict,1
log_temp,1
val_data,1
test_data,1
v_matrix,1
t_matrix,1
eval_dict,1
meta_dict,1
per_batch,1
per_batch_train,1
pd_dict,1
hp_names,1
data_dict,1
df_list,1
metric_b,1
a_n,1
_num,1
centroid,1
val_ids,1
dir_point,1
fn,1
l2_points,1
l1_points,1
cls_label_one_hot,1
seg_classes,1
TRAIN_DATASET,1
trainDataLoader,1
TEST_DATASET,1
testDataLoader,1
num_part,1
MODEL,1
MOMENTUM_ORIGINAL,1
MOMENTUM_DECCAY,1
MOMENTUM_DECCAY_STEP,1
global_epoch,1
mean_correct,1
train_instance_acc,1
pred_choice,1
test_metrics,1
total_correct,1
total_seen,1
total_seen_class,1
total_correct_class,1
shape_ious,1
all_shape_ious,1
mean_shape_ious,1
cur_pred_val_logits,1
segp,1
segl,1
part_ious,1
dataset_cfg,1
repeat_dataset_cfg,1
concat_dataset,1
result_a,1
result_b,1
out_prob,1
tgt_ids,1
tgt_bbox,1
tgt_rad,1
C,1
out_prob_i,1
out_bbox_i,1
out_rad_i,1
tgt_bbox_i,1
tgt_rad_i,1
cost_giou,1
neg_cost_class,1
pos_cost_class,1
cost_class,1
cost_bbox,1
cost_rad,1
cudnn_benchmark,1
auto_resume,1
condition,1
list1,1
list2,1
list,1
_AVAILABLE_ENVS,1
cur_path_dir,1
miniwob_dir,1
miniwob_state,1
obs,1
done,1
actions,1
__metaclass__,1
option_element,1
instance,1
FIELD_EXTRACTORS,1
EMAIL_INBOX_PATTERNS,1
__str__,1
DEFAULT_BASE_URL,1
WINDOW_WIDTH,1
WINDOW_HEIGHT,1
TASK_WIDTH,1
TASK_HEIGHT,1
FLIGHT_WINDOW_WIDTH,1
FLIGHT_WINDOW_HEIGHT,1
FLIGHT_TASK_WIDTH,1
FLIGHT_TASK_HEIGHT,1
SYNC_SCREEN_ID,1
RESET_BLOCK_SLEEP_TIME,1
RESET_BLOCK_MAX_ATTEMPT,1
metadata,1
whole_html,1
html_extra,1
encoded,1
png_data,1
durations,1
events,1
elt,1
highlight,1
draw,1
x0,1
y0,1
HEIGHT,1
ROWS,1
WIDTH,1
COLS,1
PROMPT_HEIGHT,1
PROMPT_ROWS,1
value_str,1
classes_str,1
num_children,1
children_str,1
different_elements,1
first_children,1
second_children,1
child,1
parent_dir,1
long_description,1
FEW_SHOT,1
CONTROLLER_ADDR,1
BIG_PROMPT,1
trajs,1
api_key,1
api_base,1
config_string,1
criticizm,1
plan,1
loop_num,1
end_idx,1
pt_orig,1
conv,1
ho_line,1
examples,1
element_id,1
success,1
extra_html_task,1
goal,1
main_html_xpath,1
miniwob_action,1
task_dir,1
task_orig,1
task,1
episode_count,1
is_fail,1
support_tasks,1
im_patch_token,1
im_start_token,1
im_end_token,1
vision_encoder_weight,1
vision_encoder,1
generation_cfg,1
data_samples,1
MAX_LEN,1
SEP_TOKEN_ID,1
NERs,1
weighted,1
macro,1
no_decay,1
optimizer_grouped_parameters,1
bar,1
rounds,1
weighted_f1s,1
macro_f1s,1
init_text,1
total_length,1
token_ids,1
rel_ids,1
sub_ids,1
att_tar,1
att_rel,1
att_sub,1
tar_out,1
rel_out,1
sub_out,1
out_tar,1
out_rel,1
out_sub,1
v_epoch_loss,1
train_length,1
bar1,1
bar2,1
val_length,1
test_loader_path,1
target_token_ids,1
length_label,1
tac,1
train_loader_path,1
valid_loader_path,1
vloss,1
v_length_label,1
file_name_layer1_m_in,1
file_name_layer2_m_in,1
file_name_layer3_m_in,1
file_name_layer4_m_in,1
layer1_m_in,1
layer2_m_in,1
layer3_m_in,1
layer4_m_in,1
file_name_layer1_m_out,1
file_name_layer2_m_out,1
file_name_layer3_m_out,1
file_name_layer4_m_out,1
layer1_m_out,1
layer2_m_out,1
layer3_m_out,1
layer4_m_out,1
_optional_components,1
is_unet_version_less_0_9_0,1
is_unet_sample_size_less_64,1
negative_prompt,1
callback_steps,1
dummy,1
unet_input_example,1
vae_decoder_input_example,1
hook,1
accepts_generator,1
timesteps,1
num_channels_latents,1
text_inputs,1
text_input_ids,1
untruncated_ids,1
safety_checker_input,1
removed_text,1
arti_code,1
loss_insdis,1
local_real,1
local_feature,1
num_premodels,1
pre_epochs,1
acc_avg_class,1
num_exp_class,1
equal,1
loss_cov_sum,1
loss_std_sum,1
output_real_unflat,1
loss_std,1
shift_y,1
coin,1
revgrad,1
bsr_logits,1
alpha_,1
layer_idx,1
all_loader,1
num_exp,1
mixup_loader1,1
mixup_loader2,1
scale_factor,1
patch_list,1
padding_size,1
m_img,1
m_lab,1
m_output,1
count_mask,1
target_b,1
load_memory,1
IMG_EXTENSIONS,1
MEANS,1
STDS,1
phase,1
cls_from,1
cls_to,1
class_to_idx,1
idx_class,1
min_class,1
samples_subset,1
idx_class_slct,1
samples_pkl,1
targets_pkl,1
jittering,1
lighting,1
class_indices,1
targets_tensor,1
self_targets_tensor,1
rrc_fn,1
n_ex,1
batch_sampler,1
class_name,1
rrc_size,1
imagenette,1
imagewoof,1
imagemeow,1
imagesquawk,1
imagefruit,1
imageyellow,1
dict,1
acc_train_list,1
loss_train_list,1
zca,1
dst_train_dict,1
cut_rat,1
cut_w,1
cut_h,1
cy,1
bbx1,1
bby1,1
bbx2,1
bby2,1
format_string,1
rgb,1
spent,1
index_c,1
times,1
randidx,1
px_row_init,1
px_row_end,1
px_col_init,1
px_col_end,1
FULL,1
EXCLUSIVE,1
grid_rows,1
grid_cols,1
modes,1
latents_shape,1
accepts_offset,1
extra_set_kwargs,1
text_input,1
text_embeddings,1
tile_weights,1
latent_width,1
latent_height,1
var,1
x_probs,1
y_probs,1
seed_tiles_mode,1
seed_reroll_regions,1
reroll_generator,1
region_shape,1
noise_preds,1
contributors,1
noise_preds_row,1
uncond_embeddings,1
tile_latents,1
mode,1
tile_generator,1
tile_shape,1
guidance,1
noise_pred_tile,1
AGENT_SS_ONLY_SYSTEM_INFO,1
AGENT_SS_ONLY_REQS,1
AGENT_SS_ONLY_CLAUDE_PROMPT,1
signature,1
sync_batch_norm_group_size,1
