Function Name,Frequency
__init__,340
forward,85
main,41
__len__,37
__getitem__,27
hybrid_forward,24
reset,22
__call__,22
__iter__,21
update,19
add_args,19
max_positions,19
train,17
backward,17
next,14
__str__,14
step,14
initialize,13
build_model,12
parse_args,11
setUp,10
sym_gen,9
test,8
evaluate,8
f,8
__del__,7
infer_shape,7
create_operator,7
__repr__,7
get_symbol,7
name,7
Requires,7
reorder_encoder_out,7
upgrade_state_dict,7
assertAlmostEqual,7
transform,6
get,6
list_arguments,6
list_outputs,6
iter_next,6
getdata,6
IsDefinition,6
IsExportable,6
load_state_dict,6
print,6
make_generation_fast_,6
optimizer_config,6
score,5
_callback,5
get_data,5
fit,5
size,5
add,5
provide_data,5
provide_label,5
__next__,5
read_data,5
infer_type,5
getlabel,5
num_tokens,5
load_data,5
__enter__,5
__exit__,5
_get_data,5
run,5
SetEnvVar,5
modify_commandline_options,5
state_dict,5
Linear,5
step_update,5
log,5
setup_task,5
get_net,4
getindex,4
getpad,4
visual,4
load,4
get_parser,4
write,4
create_network,4
current,4
update_metric,4
_make_layer,4
save,4
init_kv,4
tearDown,4
someFunction,4
returnResult,4
IsDeclaration,4
RunAndVerify,4
testDefaultBehavior,4
aggregate_logging_outputs,4
collater,4
get_dummy_batch,4
ordered_indices,4
reorder_incremental_state,4
Embedding,4
base_architecture,4
target_dictionary,4
assertTensorEqual,4
influential_pixel_manipulation,4
accumulated_pixel_manipulation,4
refine_adversary_image,4
influential_pixel_manipulation_dense,4
accumulated_pixel_manipulation_dense,4
refine_adversary_image_dense,4
reshape,3
DummyIter,3
get_lr,3
get_model,3
optimize,3
Bottleneck,3
_load_gt_roidb,3
_evaluate_detections,3
signal_handler,3
index,3
data,3
start,3
finalize,3
Perplexity,3
batch_row_ids,3
all_row_ids,3
install_monitor,3
set_params,3
_read_batch,3
eval_cb,3
setup_chart,3
update_chart_data,3
test_gluon_trainer_type,3
check_diff_to_scalar,3
test_sync_push_pull,3
check_default_keys,3
check_init,3
g,3
read,3
someOtherFunction,3
Run,3
get_normalized_probs,3
prepare_for_onnx_export_,3
PositionalEmbedding,3
ConvTBC,3
load_dataset,3
source_dictionary,3
assertHypoTokens,3
assertHypoScore,3
boolean_string,3
measure_cost,2
test_dot_real,2
test_dot_synthetic,2
run_benchmark,2
row_sparse_pull,2
print_summary,2
set_guided_backprop,2
encoder,2
Scale,2
transform_first,2
predict,2
get_cifar10_iterator,2
resize,2
get_image,2
update_learning_rate,2
transformer,2
save_image,2
Net,2
set_target,2
get_token,2
load_embedding,2
ConvFactory,2
MobileNetV2,2
residual_unit,2
get_iterator,2
build_iters,2
build_vocab,2
Softmax,2
SoftmaxProp,2
test_dot,2
generate,2
im_detect,2
_load_annotation,2
_do_python_eval,2
make_env,2
get_action,2
data_shapes,2
save_params,2
copy,2
tokenize_text,2
Dataset,2
unk,2
file_stream,2
Model,2
eval,2
SimpleBatch,2
BucketSentenceIter,2
load_model,2
normalize,2
download,2
read_image,2
generator,2
init_optimizer,2
bind,2
prepare,2
_load_general,2
_load_data,2
_load_label,2
DataParallelExecutorGroup,2
load_data_batch,2
create,2
set_optimizer,2
get_params,2
get_outputs,2
get_input_grads,2
elapsed,2
_process_batch,2
callback_args,2
_do_update,2
batch_cb,2
check_trainer_kv_update,2
test_sync_init,2
check_compr_random,2
accuracy,2
setUpClass,2
test_fine_tuning,2
test_autograd,2
eprint,2
download_data,2
test_training,2
get_iters,2
setup,2
test_download_retries,2
test_download_successful,2
test_lstm,2
check_broadcast_add,2
check_sparse_embedding,2
preprocessData,2
getMetrics,2
getEmbeddingMatrix,2
get_lane_change_action,2
get_ids,2
get_file_paths,2
align_images,2
hiddenFunction,2
ToUnixLineEnding,2
RemoveLocations,2
GetShellCommandOutput,2
testOutput,2
GetSourceDir,2
GetTestExecutablePath,2
GetExitStatus,2
Main,2
GetCommandOutput,2
ProcessFile,2
testFlag,2
testFlagOverridesEnvVar,2
AssertEq,2
GetFlag,2
RunAndReturnOutput,2
get_option_setter,2
make_dataset,2
build_criterion,2
exists,2
collate,2
merge,2
avg,2
set_beam_size,2
upgrade_state_dict_named,2
FConvEncoder,2
AttentionLayer,2
FConvDecoder,2
LinearizedConv1d,2
base_lm_architecture,2
_split_encoder_out,2
expand_bool_array,2
maybe_layer_norm,2
reset_parameters,2
build_optimizer,2
optimizer,2
set_lr,2
multiply_grads,2
clip_grad_norm,2
zero_grad,2
_format_stats,2
binarize,2
merge_result,2
define_model,2
evaluate_losses,2
boundary_cover,2
negate,2
load_training,2
load_testing,2
guassian_kernel,2
mmd,2
conv3x3,2
BasicBlock,2
ADDneck,2
ResNet,2
MFSAN,2
resnet50,2
c_str,1
c_array,1
_find_lib_path,1
_load_lib,1
_check_call,1
Predictor,1
load_ndarray_file,1
get_output,1
quantize_int8_helper,1
benchmark_convolution,1
_get_iter,1
_line_count,1
_compare_sparse_dense,1
create_mini_path,1
print_result,1
bench_dot,1
print_benchmark_info,1
get_sym,1
row_sparse_push,1
get_iter,1
measure_cost_forward_baseline,1
measure_cost_backward_baseline,1
bench_dot_forward,1
bench_dot_backward,1
estimate_density,1
convert_to_csv,1
LintHelper,1
get_header_guard_dmlc,1
process,1
_print_summary_map,1
process_cpp,1
process_python,1
ReluOp,1
ReluProp,1
Activation,1
Conv2D,1
set_capture_layer_name,1
_get_grad,1
get_conv_out_grad,1
get_image_grad,1
grad_to_image,1
get_cam,1
get_guided_grad_cam,1
get_img_heatmap,1
to_grayscale,1
visualize,1
VAE,1
Bernoulli,1
train_vae,1
sampler,1
decoder,1
log_to_list,1
_lstm,1
_lstm_unroll_base,1
_add_warp_ctc_loss,1
_add_mxnet_ctc_loss,1
_add_ctc_loss,1
lstm_unroll,1
init_states,1
make_file_extension_assertion,1
get_palette,1
file_extension_assertion,1
Solver,1
Policy,1
MFCC,1
PadTrim,1
MEL,1
AudioFolderDataset,1
_list_audio_files,1
_folder_structure,1
_csv_labelled_dataset,1
evaluate_accuracy,1
get_imagenet_transforms,1
get_imagenet_iterator,1
get_caltech101_data,1
get_caltech101_iterator,1
dummy_iterator,1
ImagePairIter,1
train_transform,1
val_transform,1
get_inception_score,1
_init_inception,1
CUB200Iter,1
cub200_iterator,1
sample_train_batch,1
get_test_batch,1
L2Normalization,1
get_distance,1
DistanceWeightedSampling,1
MarginNet,1
MarginLoss,1
get_distance_matrix,1
evaluate_emb,1
get_rmse_log,1
k_fold_cross_valid,1
learn,1
get_data_iters,1
save_checkpoint,1
get_training_data,1
InstanceNorm,1
ReflectancePadding,1
UpBottleneck,1
ConvLayer,1
UpsampleConvLayer,1
gram_matrix,1
GramMatrix,1
Inspiration,1
Vgg16,1
tensor_load_rgbimage,1
tensor_save_rgbimage,1
tensor_save_bgrimage,1
subtract_imagenet_mean_batch,1
subtract_imagenet_mean_preprocess_batch,1
add_imagenet_mean_batch,1
imagenet_clamp_batch,1
preprocess_batch,1
ToTensor,1
Compose,1
CenterCrop,1
StyleLoader,1
init_vgg_params,1
Vocab,1
Tree,1
SICKDataIter,1
get_index,1
to_indices,1
to_tokens,1
load_file,1
set_context,1
read_sentence,1
read_sentences,1
read_tree,1
read_trees,1
read_labels,1
to_vector,1
to_target,1
to_score,1
unzip,1
download_tagger,1
download_parser,1
download_wordvecs,1
download_sick,1
add_data_args,1
add_data_aug_args,1
SyntheticDataIter,1
get_rec_iter,1
get_epoch_size,1
_get_lr_scheduler,1
_load_model,1
_save_model,1
add_fit_args,1
get_fine_tune_model,1
InceptionFactory,1
block35,1
block17,1
block8,1
repeat,1
relu6,1
shortcut,1
mobilenet_unit,1
inverted_residual_unit,1
inverted_residual_blocks,1
build_network,1
resnet,1
get_feature,1
get_classifier,1
download_cifar10,1
set_cifar_aug,1
set_imagenet_aug,1
to4d,1
get_mnist_iter,1
mc_hinge_grad,1
get_mnist,1
get_cifar10,1
rse,1
rae,1
corr,1
get_custom_metrics,1
BucketNerIter,1
save_obj,1
save_model,1
get_vgg_symbol,1
get_executor_with_style,1
get_executor_content,1
_reqCode,1
Sqr,1
SqrProp,1
infer_storage_type,1
infer_storage_type_backward,1
_download,1
get_module,1
benchmark,1
executor,1
run_imageiter,1
_np_reduce,1
reldiff,1
same,1
check_with_uniform,1
random_ndarray,1
test_ndarray_elementwise,1
test_ndarray_negate,1
test_ndarray_choose,1
test_ndarray_fill,1
test_ndarray_onehot,1
test_ndarray_copy,1
test_ndarray_scalar,1
test_ndarray_pickle,1
test_ndarray_saveload,1
test_ndarray_slice,1
test_ndarray_slice_along_axis,1
test_clip,1
test_reduce,1
test_broadcast,1
test_reduce_inner,1
test_broadcast_to,1
AnchorGenerator,1
AnchorSampler,1
_generate_base_anchors,1
_whctrs,1
_mkanchors,1
_ratio_enum,1
_scale_enum,1
assign,1
bbox_flip,1
bbox_overlaps,1
clip_boxes,1
bbox_transform,1
bbox_pred,1
nms,1
imdecode,1
transform_inverse,1
tensor_vstack,1
load_test,1
generate_batch,1
TestLoader,1
AnchorLoader,1
vis_detection,1
coco,1
_write_coco_results,1
_coco_results_one_category,1
_print_detection_metrics,1
_get_thr_ind,1
IMDB,1
num_classes,1
roidb,1
num_images,1
filter_roidb,1
append_flipped_images,1
evaluate_detections,1
_get_cached,1
PascalVOC,1
_load_image_index,1
_parse_voc_anno,1
_write_pascal_results,1
voc_eval,1
voc_ap,1
get_names,1
RPNAccMetric,1
RCNNAccMetric,1
RPNLogLossMetric,1
RCNNLogLossMetric,1
RPNL1LossMetric,1
RCNNL1LossMetric,1
load_param,1
infer_param_shape,1
infer_data_shape,1
check_shape,1
initialize_frcnn,1
get_fixed_params,1
sample_rois,1
ProposalTargetOperator,1
ProposalTargetProp,1
declare_backward_dependency,1
get_resnet_feature,1
get_resnet_top_feature,1
get_resnet_train,1
get_resnet_test,1
get_vgg_feature,1
get_vgg_top_feature,1
get_vgg_train,1
get_vgg_test,1
log_config,1
exec_cmd,1
submit,1
mthread_submit,1
make_web,1
env_step,1
RLDataIter,1
GymDataIter,1
gen,1
video_feed,1
act,1
DDPG,1
init_net,1
do_update,1
BaseStrategy,1
OUStrategy,1
evolve_state,1
Env1,1
Env2,1
ale_load_from_rom,1
AtariGame,1
force_restart,1
begin_episode,1
episode_terminate,1
state_enabled,1
get_observation,1
play,1
Base,1
exe,1
sym,1
switch_bucket,1
load_params,1
internal_sym_names,1
output_keys,1
compute_internal,1
forward_backward,1
update_acc_grad,1
reset_acc_grad,1
copy_params_to,1
total_param_num,1
print_stat,1
DQNInitializer,1
_init_bias,1
collect_holdout_samples,1
calculate_avg_q,1
calculate_avg_reward,1
ReplayMemory,1
latest_slice,1
sample_enabled,1
clear,1
append,1
sample_last,1
sample_mix,1
sample_inplace,1
sample,1
BinaryRBM,1
BinaryRBMProp,1
BinaryRBMBlock,1
estimate_log_likelihood,1
sample_hidden_layer,1
sample_visible_layer,1
sample_layer,1
list_auxiliary_states,1
log_intermediate_unnormalized_prob,1
sample_base_rbm,1
sample_intermediate_visible_layer,1
array_from_batch,1
get_non_auxiliary_params,1
data_transform,1
CustomModule,1
prepare_sparse_params,1
get_params_from_kv,1
clip_by_global_norm_per_ctx,1
rescale_grad,1
Vocabulary,1
MultiSentenceIter,1
unk_id,1
s,1
s_id,1
get_id,1
from_file,1
_parse_sentence,1
_parse_file,1
_sentence_stream,1
_iterate,1
iterate_once,1
iterate_forever,1
cross_entropy_loss,1
rnn,1
sampled_softmax,1
generate_samples,1
listify,1
LogUniformSampler,1
_prob_helper,1
draw,1
default_read_content,1
default_build_vocab,1
default_text2id,1
default_gen_buckets,1
ModelParallelBatch,1
make_data_iter_plan,1
LogLossMetric,1
AUCMetric,1
factorization_machine_model,1
get_avazu_data,1
matrix_fact_net,1
wide_deep_model,1
LabelUtil,1
load_unicode_set,1
to_unicode,1
convert_word_to_grapheme,1
convert_word_to_num,1
convert_bi_graphemes_to_num,1
convert_num_to_word,1
get_count,1
get_unicode_file_path,1
get_blank_index,1
get_space_index,1
LogUtil,1
getlogger,1
WHCS,1
ConfigLogger,1
load_labelutil,1
Singleton,1
getInstance,1
__instancecheck__,1
DataGenerator,1
get_meta_from_file,1
featurize,1
load_metadata_from_desc_file,1
load_train_data,1
load_validation_data,1
sort_by_duration,1
get_max_label_length,1
get_max_seq_length,1
prepare_minibatch,1
iterate_test,1
iterate_validation,1
preprocess_sample_normalize,1
sample_normalize,1
STTIter,1
check_label_shapes,1
STTMetric,1
pred_best,1
remove_blank,1
remove_space,1
ctc_loss,1
levenshtein_distance,1
char_match_1way,1
char_match_2way,1
get_batch_loss,1
get_name_value,1
calc_feat_dim,1
conv_output_length,1
spectrogram,1
spectrogram_from_file,1
get_initializer,1
SimpleLRScheduler,1
do_training,1
reset_optimizer,1
get_data_shapes,1
get_label_shapes,1
CameraIterator,1
close,1
COCO,1
createIndex,1
info,1
getAnnIds,1
getCatIds,1
getImgIds,1
loadAnns,1
loadCats,1
loadImgs,1
showAnns,1
loadRes,1
loadNumpyAnnotations,1
annToRLE,1
annToMask,1
TestDB,1
image_path_from_index,1
label_from_index,1
get_detector,1
parse_class_names,1
parse_frame_resize,1
parse_data_shape,1
draw_detection,1
network_path,1
run_camera,1
run_images,1
Detector,1
create_batch,1
detect_iter,1
detect_batch,1
visualize_detection,1
filter_positive_detections,1
detect_and_visualize,1
evaluate_net,1
conv_act_layer,1
legacy_conv_act_layer,1
multi_layer_feature,1
multibox_layer,1
_ch_dev,1
convert_and_compare_caffe_to_mxnet,1
_bfs,1
compare_layers_from_nets,1
_compare_blob,1
_process_layer_parameters,1
_process_layer_output,1
load_pascal,1
load_coco,1
residual_module,1
get_death_rate,1
get_conv,1
test_svrg_intermediate_level_api,1
test_svrg_high_level_api,1
test_svrg_inference,1
get_validation_score,1
create_lin_reg_network,1
create_metrics,1
create_logger,1
accumulate_grad,1
calc_expectation,1
calc_variance,1
get_year_prediction_data,1
convert_mat_to_images,1
MyConstant,1
discriminator1,1
discriminator2,1
GaussianLogDensity,1
DiscriminatorLayerLoss,1
KLDivergenceLoss,1
RandIter,1
fill_buf,1
create_and_validate_dir,1
_init_weight,1
norm_stat,1
facc,1
fentropy,1
kldivergence,1
PreprocessImage,1
NDArrayBase,1
_set_ndarray_class,1
_imperative_invoke,1
CachedOp,1
__reduce__,1
AttrScope,1
module_checkpoint,1
do_checkpoint,1
log_train_metric,1
Speedometer,1
ProgressBar,1
LogValidationMetricsCallback,1
DataLoaderIter,1
export_model,1
import_to_gluon,1
SVRGModule,1
_reset_bind,1
_create_optimizer,1
update_full_grads,1
_accumulate_kvstore,1
_allocate_gradients,1
_svrg_grads_update_rule,1
_update_svrg_gradients,1
_AssignmentOptimizer,1
_SVRGOptimizer,1
_check_params,1
create_state,1
_check_index,1
LogMetricsCallback,1
count_tokens_from_str,1
_split_input_slice,1
_check_arguments,1
_bind_exec,1
DataParallelExecutorManager,1
copy_to,1
param_arrays,1
grad_arrays,1
aux_arrays,1
IntervalSampler,1
_LanguageModelDataset,1
_WikiText,1
WikiText2,1
WikiText103,1
vocabulary,1
frequencies,1
_build_vocab,1
SimpleDataset,1
_LazyTransformDataset,1
_TransformFirstClosure,1
ArrayDataset,1
RecordFileDataset,1
_DownloadedDataset,1
Sampler,1
SequentialSampler,1
RandomSampler,1
BatchSampler,1
MNIST,1
FashionMNIST,1
CIFAR10,1
CIFAR100,1
ImageRecordDataset,1
ImageFolderDataset,1
_list_images,1
short_hash,1
get_model_file,1
purge,1
AlexNet,1
alexnet,1
_make_dense_block,1
_make_dense_layer,1
_make_transition,1
DenseNet,1
get_densenet,1
densenet121,1
densenet161,1
densenet169,1
densenet201,1
_make_basic_conv,1
_make_branch,1
_make_A,1
_make_B,1
_make_C,1
_make_D,1
_make_E,1
make_aux,1
Inception3,1
inception_v3,1
RELU6,1
_add_conv,1
_add_conv_dw,1
LinearBottleneck,1
MobileNet,1
get_mobilenet,1
get_mobilenet_v2,1
mobilenet1_0,1
mobilenet_v2_1_0,1
mobilenet0_75,1
mobilenet_v2_0_75,1
mobilenet0_5,1
mobilenet_v2_0_5,1
mobilenet0_25,1
mobilenet_v2_0_25,1
_conv3x3,1
BasicBlockV1,1
BottleneckV1,1
BasicBlockV2,1
BottleneckV2,1
ResNetV1,1
ResNetV2,1
get_resnet,1
resnet18_v1,1
resnet34_v1,1
resnet50_v1,1
resnet101_v1,1
resnet152_v1,1
resnet18_v2,1
resnet34_v2,1
resnet50_v2,1
resnet101_v2,1
resnet152_v2,1
_make_fire,1
_make_fire_conv,1
SqueezeNet,1
get_squeezenet,1
squeezenet1_0,1
squeezenet1_1,1
VGG,1
get_vgg,1
vgg11,1
vgg13,1
vgg16,1
vgg19,1
vgg11_bn,1
vgg13_bn,1
vgg16_bn,1
vgg19_bn,1
_make_features,1
_init_data,1
_has_instance,1
_getdata_by_idx,1
_ctype_key_value,1
_ctype_dict,1
_updater_wrapper,1
_get_kvstore_server_command_type,1
KVStore,1
updater_handle,1
init,1
push,1
pull,1
set_gradient_compression,1
type,1
rank,1
num_workers,1
save_optimizer_states,1
load_optimizer_states,1
_set_updater,1
_barrier,1
_send_command_to_servers,1
LRScheduler,1
FactorScheduler,1
MultiFactorScheduler,1
PolyScheduler,1
CosineScheduler,1
get_warmup_lr,1
_merge_multi_context,1
_prepare_group2ctxs,1
decide_slices,1
_collect_arrays,1
bind_exec,1
get_output_shapes,1
get_states,1
set_states,1
_bind_ith_exec,1
_sliced_shape,1
SequentialModule,1
data_names,1
output_names,1
label_shapes,1
output_shapes,1
init_params,1
_check_name,1
NameManager,1
Prefix,1
zeros,1
empty,1
array,1
load_frombuffer,1
_add_new_columns,1
_extend,1
PandasLogger,1
LiveBokehChart,1
LiveTimeSeries,1
LiveLearningCurve,1
args_wrapper,1
train_df,1
eval_df,1
epoch_df,1
all_dataframes,1
append_metrics,1
train_cb,1
epoch_cb,1
interval_elapsed,1
_push_render,1
Datetime_Failed_To_Import,1
Defaultdict_Failed_To_Import,1
Pandas_Failed_To_Import,1
get_registry,1
get_register_func,1
get_alias_func,1
get_create_func,1
register,1
alias,1
reg,1
encode_sentences,1
rnn_unroll,1
save_rnn_checkpoint,1
load_rnn_checkpoint,1
do_rnn_checkpoint,1
SymbolDoc,1
ActivationDoc,1
DropoutDoc,1
EmbeddingDoc,1
FlattenDoc,1
FullyConnectedDoc,1
_build_doc,1
ConcatDoc,1
BroadcastPlusDoc,1
get_output_shape,1
_make_torch_function,1
_init_torch_module,1
generic_torch_function,1
get_grammar_res,1
check_doc,1
DocParser,1
handle_starttag,1
handle_endtag,1
handle_data,1
get_res,1
clear_res,1
check_grammar,1
prepare_link_test_result,1
process_output,1
generate_stats,1
check_diff,1
init_kv_compressed,1
test_sync_2bit_compression,1
test_invalid_operations,1
test_gluon_trainer_step,1
test_gluon_trainer_sparse_step,1
check_row_sparse_keys,1
check_row_sparse_keys_with_zeros,1
check_big_row_sparse_keys,1
check_compr_residual,1
check_compr_ones,1
check_compr_pull_before_push,1
check_compr_zero,1
get_dtype,1
check_invalid_gluon_trainer_reset,1
check_invalid_pull,1
check_trainer_kv_type,1
check_trainer_step,1
check_trainer_sparse_step,1
get_model_path,1
get_module_api_model_definition,1
save_inference_results,1
load_inference_results,1
save_data_and_labels,1
clean_model_files,1
download_model_files_from_s3,1
get_top_level_folders_in_bucket,1
create_model_folder,1
HybridNet,1
SimpleLSTMModel,1
compare_versions,1
cmp,1
test_module_checkpoint_api,1
test_lenet_gluon_load_params_api,1
test_lenet_gluon_hybrid_imports_api,1
test_lstm_gluon_load_parameters_api,1
train_module_checkpoint_api,1
train_lenet_gluon_save_params_api,1
train_lenet_gluon_hybrid_export_api,1
train_lstm_gluon_save_parameters_api,1
create_root_folder,1
mnist,1
get_XY,1
test_data,1
test_lenet,1
_test_notebook,1
_override_epochs,1
_override_relative_paths,1
_download_straight_dope_notebooks,1
_run_command,1
StraightDopeMultiGpuTests,1
test_multiple_gpus_scratch,1
test_multiple_gpus_gluon,1
test_training_with_multiple_machines,1
StraightDopeSingleGpuTests,1
test_completeness,1
test_ndarray,1
test_linear_algebra,1
test_probability,1
test_linear_regression_scratch,1
test_linear_regression_gluon,1
test_logistic_regression_gluon,1
test_softmax_regression_scratch,1
test_softmax_regression_gluon,1
test_regularization_scratch,1
test_regularization_gluon,1
test_perceptron,1
test_mlp_scratch,1
test_mlp_gluon,1
test_mlp_dropout_scratch,1
test_mlp_dropout_gluon,1
test_plumbing,1
test_custom_layer,1
test_serialization,1
test_cnn_scratch,1
test_cnn_gluon,1
test_very_deep_nets_vgg,1
test_cnn_batch_norm_scratch,1
test_cnn_batch_norm_gluon,1
test_simple_rnn,1
test_lstm_scratch,1
test_gru_scratch,1
test_rnn_gluon,1
test_optimization_intro,1
test_momentum_scratch,1
test_momentum_gluon,1
test_adagrad_scratch,1
test_adagrad_gluon,1
test_rmsprop_scratch,1
test_rmsprop_gluon,1
test_adadelta_scratch,1
test_adadelta_gluon,1
test_adam_scratch,1
test_adam_gluon,1
test_hybridize,1
test_object_detection,1
test_visual_qa,1
test_tree_lstm,1
test_lds_scratch,1
test_issm_scratch,1
test_igan_intro,1
test_dcgan,1
test_generative_adversarial_networks,1
test_pixel2pixel,1
compute_expected_2bit_quantization,1
test_kvstore,1
test_compress_kvstore,1
test_group_kvstore,1
bits2int,1
as_float32,1
pull_init_test,1
pull_before_push,1
push_zeros,1
verify_residual,1
check_neg,1
get_iterators,1
MyCustom,1
MyCustomProp,1
MyMetric,1
MXNetBackend,1
perform_import_export,1
supports_device,1
MXNetBackendRep,1
GluonBackendRep,1
_assert_sym_equal,1
_force_list,1
_optional_group,1
_check_onnx_export,1
TestExport,1
test_onnx_export_single_output,1
test_onnx_export_multi_output,1
test_onnx_export_list_shape,1
test_onnx_export_extra_params,1
MultiOutputBlock,1
test_device_pushpull,1
check_dense_pushpull,1
_get_model,1
_dump_images,1
test_consistency,1
test_inference,1
get_nn_model,1
test_tvm_bridge,1
check,1
test_mkldnn_install,1
check_tensorrt_installation,1
merge_dicts,1
test_bucket_module,1
test_mnist,1
exec_mnist,1
test_mlp,1
run_cifar10,1
CustomDataIter,1
test_cifar10,1
test_factorization_machine_module,1
check_factorization_machine_module,1
fm,1
MXNetDataDirTest,1
test_data_dir,1
autograd_assert,1
test_unary_func,1
test_binary_func,1
test_operator_with_state,1
test_argnum,1
test_out_grads,1
test_detach_updated_grad,1
test_retain_grad,1
f_fc,1
f_with_mode,1
test_contrib_DataLoaderIter,1
test_mnist_batches,1
test_bind_module,1
test_module_init,1
test_module_initializer,1
test_module_bind,1
test_module_save_load,1
test_svrgmodule_reshape,1
test_update_full_grad,1
test_svrg_with_sgd,1
test_accumulate_kvstore,1
test_fit,1
regression_model,1
create_module_with_sgd,1
test_init_svrg_optimizer,1
test_svrg_optimizer_constructor,1
test_kvstore_init_aux_keys,1
_get_test_str_of_tokens,1
_test_count_tokens_from_str_with_delims,1
test_count_tokens_from_str,1
test_tokens_to_indices,1
test_indices_to_tokens,1
test_download_embed,1
_mk_my_pretrain_file,1
_mk_my_pretrain_file2,1
_mk_my_pretrain_file3,1
_mk_my_pretrain_file4,1
_mk_my_invalid_pretrain_file,1
_mk_my_invalid_pretrain_file2,1
test_custom_embed,1
test_vocabulary,1
test_custom_embedding_with_vocabulary,1
test_composite_embedding_with_one_embedding,1
test_composite_embedding_with_two_embeddings,1
test_get_and_pretrain_file_names,1
Test,1
check_uniform,1
check_non_uniform,1
check_compact,1
test_uniform_sample,1
test_non_uniform_sample,1
test_edge_id,1
generate_graph,1
test_subgraph,1
test_adjacency,1
test_engine_import,1
check_bind_with_uniform,1
test_bind,1
test_reshape,1
check_bind,1
test_models,1
MockResponse,1
_download_successful,1
test_multiprocessing_download_successful,1
test_download_ssl_verify,1
test_infer_multiout_op,1
test_infer_multiout_op2,1
test_func,1
init_kv_with_str,1
test_single_kv_pair,1
test_row_sparse_pull,1
test_init,1
test_pull,1
test_list_kv_pair,1
test_aggregator,1
test_sparse_aggregator,1
updater,1
str_updater,1
test_updater,1
test_get_type,1
test_invalid_pull,1
check_single_kv_pair,1
check_row_sparse_pull,1
check_pull,1
check_list_kv_pair,1
check_aggregator,1
check_sparse_aggregator,1
check_updater,1
check_ignored_pull_single,1
check_ignored_pull_list,1
check_invalid_rsp_pull_single,1
check_invalid_rsp_pull_list,1
check_invalid_key_types_single,1
check_invalid_key_types_list,1
MetricDataGen,1
F1MetricDataGen,1
PearsonMetricDataGen,1
run_metric,1
test_metric_performance,1
batch_size,1
output_dim,1
test_predictor,1
test_load_ndarray,1
test_recordio,1
test_indexed_recordio,1
test_recordio_pack_label,1
test_deprecated,1
test_rnn,1
test_lstm_forget_bias,1
test_gru,1
test_residual,1
test_residual_bidirectional,1
test_stack,1
test_bidirectional,1
test_zoneout,1
test_unfuse,1
test_convrnn,1
test_convlstm,1
test_convgru,1
test_encode_sentences,1
RNNCell,1
state_info,1
_gate_names,1
is_scalar,1
get_result_type,1
get_result_type_with_scalar,1
get_result_type_2,1
get_result_type_3,1
get_fw_bw_result_types,1
get_fw_bw_result_types_2,1
get_fw_bw_result_types_with_scalar,1
gen_rsp_random_indices,1
all_zero,1
test_elemwise_binary_ops,1
test_elemwise_csr_same_zeros,1
as_dense,1
do_normalize,1
check_sparse_mathematical_core,1
test_sparse_mathematical_core,1
test_elemwise_add_ex,1
test_cast_storage_ex,1
test_sparse_dot,1
test_sparse_dot_determinism,1
test_sparse_slice,1
test_sparse_retain,1
test_sparse_unary_with_numerics,1
test_sparse_nd_zeros,1
test_sparse_nd_zeros_like,1
test_sparse_axis_operations,1
test_sparse_square_sum,1
test_sparse_storage_fallback,1
test_sparse_elementwise_sum,1
test_contrib_sparse_embedding,1
test_sparse_embedding,1
test_sparse_broadcast_add_sub,1
test_sparse_broadcast_mul_div,1
test_scatter_ops,1
test_batchnorm_fallback,1
test_mkldnn_sparse,1
test_sparse_nd_where,1
test_sparse_quadratic_function,1
test_reshape_backward_fallback,1
test_elemwise_binary_op,1
check_all,1
gt,1
ge,1
lt,1
le,1
elemwise_mul_stype,1
elemwise_mul_lhs_grad_stype,1
elemwise_mul_rhs_grad_stype,1
check_elemwise_binary_ops,1
util_sign,1
check_binary_op_with_scalar,1
check_mathematical_core,1
check_elemwise_add_ex,1
check_cast_storage,1
test_infer_forward_stype,1
test_dot_csr,1
test_dot_dns_csr,1
test_sparse_dot_zero_output,1
check_dot_determinism,1
check_csr_slice,1
check_sparse_retain,1
check_sparse_simple,1
check_sparse_function,1
check_sparse_nd_zeros,1
check_sparse_nd_zeros_like,1
test_variations,1
test_fallback,1
np_softmax,1
check_softmax_with_shape,1
check_concat,1
check_operator_with_temp_resource,1
check_sparse_elementwise_sum_with_shape,1
check_broadcast_sub,1
check_broadcast_mul,1
check_broadcast_div,1
csr_get_seen_points,1
check_scatter_ops,1
get_forward_expected_output,1
get_forward_inputs_same_shape,1
get_backward_input,1
get_backward_expected_outputs,1
test_where_helper,1
test_where_numeric_gradient,1
check_sparse_quadratic_function,1
make_subgraph,1
test_make_subgraph,1
make_subgraph1,1
create_weights,1
make_subgraph_weight,1
make_subgraph2,1
make_subgraph3,1
make_subgraph4,1
test_context,1
test_attrscope,1
test_name,1
test_blockscope,1
test_createblock,1
test_symbol,1
dummy_block,1
run_notebook,1
calc_complexity,1
calc_eigenvalue,1
get_ranksel,1
topsort,1
is_input,1
sym_factory,1
replace_conv_layer,1
read_prototxt,1
get_layers,1
read_caffemodel,1
layer_iter,1
get_model_meta_info,1
download_caffe_model,1
convert_caffe_model,1
convert_mean,1
prob_label,1
convert_model,1
_get_input,1
_convert_conv_param,1
_convert_pooling_param,1
_parse_proto,1
convert_symbol,1
readme,1
bdist_wheel,1
finalize_options,1
is_correct_top_one,1
is_correct_top_five,1
ImageNetTest,1
_test_image_prediction,1
test_squeezenet,1
test_inception_with_batch_normalization,1
test_resnet18,1
test_vgg16,1
test_connection,1
check_python,1
check_pip,1
check_mxnet,1
check_os,1
check_hardware,1
check_network,1
run_test_trials,1
find_test_path,1
NameAction,1
list_image,1
write_list,1
make_list,1
read_list,1
image_encode,1
read_worker,1
write_worker,1
remove_outputs,1
clear_notebook,1
dmlc_opts,1
DataHelper,1
prepare_history,1
ICON,1
_build_inputs,1
_build_vars,1
_convolution,1
_inference,1
batch_fit,1
pad_batch,1
train_model,1
predict_model,1
writeNormalisedData,1
buildModel,1
highway_example,1
merge_baseline,1
run_task,1
SimLaneChangeController,1
StaticLaneChanger,1
KernelTrafficLight,1
pass_api,1
set_state,1
get_state,1
TestNumSteps,1
TestNumRuns,1
TestRLActions,1
TestConvertToCSV,1
test_steps,1
test_num_runs,1
test_rl_actions,1
test_convert_to_csv,1
rl_actions,1
TestPygletRenderer,1
test_pyglet_renderer,1
TestBaselines,1
test_bottleneck0,1
test_bottleneck1,1
test_bottleneck2,1
test_figure_eight,1
test_grid0,1
test_grid1,1
test_merge,1
FileIO,1
ImageIO,1
GenericIO,1
MapIO,1
_is_nrrd_filename,1
_convert_itk_vector_to_numpy,1
_convert_itk_matrix_to_numpy,1
t2np,1
_convert_data_to_numpy_if_needed,1
turn_intensity_normalization_on,1
turn_intensity_normalization_off,1
set_intensity_normalization,1
set_adaptive_padding,1
get_intensity_normalization,1
turn_squeeze_image_on,1
turn_squeeze_image_off,1
set_squeeze_image,1
get_squeeze_image,1
_compute_squeezed_spacing,1
_transform_image_to_NC_image_format,1
_try_fixing_image_dimension,1
_map_is_compatible_with_image,1
_convert_itk_image_to_numpy,1
_do_adaptive_padding,1
_do_adaptive_shrinking,1
read_to_nc_format,1
read_to_map_compatible_format,1
constrAbstractClassHeaderCode,1
addAbsClassToInheritanceList,1
addIncludesToOriginalClassFile,1
generateClassMemberInterface,1
generateFactoryFunctions,1
generateWrapperHeader,1
constrWrapperUtils,1
addAbstractTypedefs,1
addWrapperTypedefs,1
getAbstractClassName,1
constrEmptyTemplClassDecl,1
constrTemplForwDecl,1
constrAbstractClassDecl,1
getAcceptableConstructors,1
constrFactoryFunctionCode,1
constrWrapperFunction,1
constrVariableRefFunction,1
constrPtrCopyFunc,1
constrPtrAssignFunc,1
checkAssignmentOperator,1
checkCopyConstructor,1
toWrapperType,1
toAbstractType,1
getClassNameDict,1
constrWrapperDecl,1
constrWrapperDef,1
pureVirtualMembers,1
generateWrapperHeaderCode,1
findClassNamePosition,1
isAcceptedMemberVariable,1
createOutputDirectories,1
moveFilesAround,1
createCommonHeaders,1
createCommonSourceFiles,1
replaceNamespaceTags,1
removeCodeTagsFromFiles,1
copyFilesToSourceTree,1
createLoadedTypesHeader,1
parseFunctionSourceFiles,1
createFrontendHeader,1
resetSourceCode,1
generateFunctionWrapperClassVersion,1
getArgs,1
constrArgsBracket,1
constrWrapperName,1
constrWrapperArgs,1
constrDeclLine,1
constrWrapperBody,1
ignoreFunction,1
usesNativeType,1
usesLoadedType,1
numberOfDefaultArgs,1
constrExternFuncDecl,1
getFunctionNameDict,1
InfoMessage,1
ClassNotLoadable,1
ClassAlreadyDone,1
FunctionAlreadyDone,1
ParentClassIgnored,1
IgnoredFunction,1
IgnoredMemberFunction,1
IgnoredMemberVariable,1
NoIncludeStatementGenerated,1
TypeNotAccepted,1
NoFactoryFunctions,1
NoPointerCopyAndAssignmentFunctions,1
NoLoadedTypesEntry,1
clearInfoMessages,1
printMessage,1
encode_stream,1
encode,1
doc_start,1
doc_end,1
scalar,1
comment,1
seq_start,1
seq_end,1
map_start,1
map_end,1
gen_templates,1
expand,1
gen_events,1
gen_tests,1
Writer,1
Scope,1
create_emitter_tests,1
writeln,1
_NullDict,1
Node,1
Define,1
Include,1
Goto,1
Expr,1
Return,1
Delete,1
Friend,1
Using,1
Parameter,1
_GenericDeclaration,1
VariableDeclaration,1
Typedef,1
_NestedType,1
Union,1
Enum,1
Class,1
Struct,1
Function,1
Method,1
Type,1
TypeConverter,1
AstBuilder,1
BuilderFromSource,1
PrintIndentifiers,1
PrintAllIndentifiers,1
reversed,1
XXX__str__,1
_StringHelper,1
FullName,1
_TypeStringHelper,1
ToString,1
_GetTemplateEnd,1
ToType,1
DeclarationToParts,1
ToParameters,1
CreateReturnType,1
GetTemplateIndices,1
HandleError,1
Generate,1
_CreateVariable,1
_GenerateOne,1
_GetTokensUpTo,1
_GetVarTokensUpTo,1
_IgnoreUpTo,1
_SkipIf0Blocks,1
_GetMatchingChar,1
_GetParameters,1
GetScope,1
_GetNextToken,1
_AddBackToken,1
_AddBackTokens,1
GetName,1
GetMethod,1
_GetMethod,1
_GetReturnTypeAndClassName,1
handle_bool,1
handle_char,1
handle_int,1
handle_long,1
handle_short,1
handle_double,1
handle_float,1
handle_void,1
handle_wchar_t,1
handle_unsigned,1
handle_signed,1
_GetNestedType,1
handle_struct,1
handle_union,1
handle_enum,1
handle_auto,1
handle_register,1
handle_const,1
handle_inline,1
handle_extern,1
handle_static,1
handle_virtual,1
handle_volatile,1
handle_mutable,1
handle_public,1
handle_protected,1
handle_private,1
handle_friend,1
handle_static_cast,1
handle_const_cast,1
handle_dynamic_cast,1
handle_reinterpret_cast,1
handle_new,1
handle_delete,1
handle_typedef,1
handle_typeid,1
handle_typename,1
_GetTemplatedTypes,1
handle_template,1
handle_true,1
handle_false,1
handle_asm,1
handle_class,1
_GetBases,1
_GetClass,1
handle_namespace,1
handle_using,1
handle_explicit,1
handle_this,1
handle_operator,1
handle_sizeof,1
handle_case,1
handle_switch,1
handle_default,1
handle_if,1
handle_else,1
handle_return,1
handle_goto,1
handle_try,1
handle_catch,1
handle_throw,1
handle_while,1
handle_do,1
handle_for,1
handle_break,1
handle_continue,1
AddType,1
AddParameter,1
_GenerateMethods,1
_GenerateMocks,1
TestCase,1
GenerateMethodsTest,1
GenerateMocksTest,1
StripLeadingWhitespace,1
assertEqualIgnoreLeadingWhitespace,1
GenerateMethodSource,1
testSimpleMethod,1
testSimpleConstructorsAndDestructor,1
testVirtualDestructor,1
testExplicitlyDefaultedConstructorsAndDestructor,1
testExplicitlyDeletedConstructorsAndDestructor,1
testSimpleOverrideMethod,1
testSimpleConstMethod,1
testExplicitVoid,1
testStrangeNewlineInParameter,1
testDefaultParameters,1
testMultipleDefaultParameters,1
testRemovesCommentsWhenDefaultsArePresent,1
testDoubleSlashCommentsInParameterListAreRemoved,1
testCStyleCommentsInParameterListAreNotRemoved,1
testArgsOfTemplateTypes,1
testReturnTypeWithOneTemplateArg,1
testReturnTypeWithManyTemplateArgs,1
testSimpleMethodInTemplatedClass,1
testPointerArgWithoutNames,1
testReferenceArgWithoutNames,1
testArrayArgWithoutNames,1
GenerateMocks,1
testNamespaces,1
testClassWithStorageSpecifierMacro,1
testTemplatedForwardDeclaration,1
testTemplatedClass,1
testTemplateInATemplateTypedef,1
testTemplateInATemplateTypedefWithComma,1
IsKeyword,1
IsBuiltinType,1
Token,1
_GetString,1
_GetChar,1
GetTokens,1
ReadFile,1
_FindAllMatches,1
_GenericDiagnoser,1
_NeedToReturnReferenceDiagnoser,1
_NeedToReturnSomethingDiagnoser,1
_NeedToReturnNothingDiagnoser,1
_IncompleteByReferenceArgumentDiagnoser,1
_OverloadedFunctionMatcherDiagnoser,1
_OverloadedFunctionActionDiagnoser,1
_OverloadedMethodActionDiagnoser,1
_MockObjectPointerDiagnoser,1
_NeedToUseSymbolDiagnoser,1
_NeedToUseReturnNullDiagnoser,1
_TypeInTemplatedBaseDiagnoser,1
_WrongMockMethodMacroDiagnoser,1
_WrongParenPositionDiagnoser,1
Diagnose,1
GMockLeakTest,1
testCatchesLeakedMockByDefault,1
testDoesNotCatchLeakedMockWhenDisabled,1
testCatchesLeakedMockWhenEnabled,1
testCatchesLeakedMockWhenEnabledWithExplictFlagValue,1
testCatchesMultipleLeakedMocks,1
RemoveReportHeaderAndFooter,1
NormalizeErrorMarker,1
RemoveMemoryAddresses,1
RemoveTestNamesOfLeakedMocks,1
GetLeakyTests,1
GetNormalizedOutputAndLeakyTests,1
GetNormalizedCommandOutputAndLeakyTests,1
GMockOutputTest,1
GetSvnInfo,1
GetSvnTrunk,1
IsInGTestSvn,1
IsInGMockSvn,1
VerifyFileExists,1
ValidateGTestRootDir,1
VerifyOutputFile,1
ValidateOutputDir,1
FuseGTestH,1
FuseGTestAllCcToFile,1
FuseGTestAllCc,1
FuseGTest,1
GTestBreakOnFailureUnitTest,1
testEnvVar,1
testBreakOnFailureOverridesThrowOnFailure,1
testCatchExceptionsDoesNotInterfere,1
CatchCxxExceptionsTest,1
CatchSehExceptionsTest,1
testCatchesCxxExceptionsInFixtureConstructor,1
testCatchesCxxExceptionsInSetUpTestCase,1
testCatchesCxxExceptionsInTearDownTestCase,1
testCatchesCxxExceptionsInSetUp,1
testCatchesCxxExceptionsInTearDown,1
testCatchesCxxExceptionsInTestBody,1
testCatchesNonStdCxxExceptions,1
testUnhandledCxxExceptionsAbortTheProgram,1
TestSehExceptions,1
testCatchesSehExceptionsWithCxxExceptionsEnabled,1
testCatchesSehExceptionsWithCxxExceptionsDisabled,1
testCatchesCxxExceptionsInFixtureDestructor,1
UsesColor,1
GTestColorTest,1
testNoEnvVarNoFlag,1
testFlagOnly,1
testEnvVarOnly,1
testEnvVarAndFlag,1
testAliasesOfYesAndNo,1
TestFlag,1
GTestEnvVarTest,1
testEnvVarAffectsFlag,1
testXmlOutputFile,1
testXmlOutputFileOverride,1
RunAndExtractTestList,1
InvokeWithModifiedEnv,1
RunWithSharding,1
GTestFilterUnitTest,1
AssertSetEqual,1
AssertPartitionIsValid,1
AdjustForParameterizedTests,1
RunAndVerifyWithSharding,1
RunAndVerifyAllowingDisabled,1
testDefaultBehaviorWithShards,1
testEmptyFilter,1
testBadFilter,1
testFullName,1
testUniversalFilters,1
testFilterByTestCase,1
testFilterByTest,1
testFilterDisabledTests,1
testWildcardInTestCaseName,1
testWildcardInTestName,1
testFilterWithoutDot,1
testTwoPatterns,1
testThreePatterns,1
testNegativeFilters,1
testShardStatusFileIsCreated,1
testShardStatusFileIsCreatedWithListTests,1
testShardingWorksWithDeathTests,1
RunWithFlag,1
GTestHelpTest,1
TestHelpFlag,1
TestNonHelpFlag,1
testPrintsHelpWithFullFlag,1
testPrintsHelpWithShortFlag,1
testPrintsHelpWithQuestionFlag,1
testPrintsHelpWithWindowsStyleQuestionFlag,1
testPrintsHelpWithUnrecognizedGoogleTestFlag,1
testPrintsHelpWithIncorrectFlagStyle,1
testRunsTestsWithoutHelpFlag,1
testRunsTestsWithGtestInternalFlag,1
GTestListTestsUnitTest,1
testOverrideNonFilterFlags,1
testWithFilterFlags,1
RemoveStackTraceDetails,1
RemoveStackTraces,1
RemoveTime,1
RemoveTypeInfoDetails,1
NormalizeToCurrentPlatform,1
RemoveTestCounts,1
RemoveMatchingTests,1
NormalizeOutput,1
GetOutputOfAllCommands,1
GTestOutputTest,1
RemoveUnsupportedTests,1
AlsoRunDisabledTestsFlag,1
FilterFlag,1
RepeatFlag,1
ShuffleFlag,1
RandomSeedFlag,1
GetTestsForAllIterations,1
GetTestCases,1
CalculateTestLists,1
GTestShuffleUnitTest,1
testShufflePreservesNumberOfTests,1
testShuffleChangesTestOrder,1
testShuffleChangesTestCaseOrder,1
testShuffleDoesNotRepeatTest,1
testShuffleDoesNotCreateNewTest,1
testShuffleIncludesAllTests,1
testShuffleLeavesDeathTestsAtFront,1
_VerifyTestCasesDoNotInterleave,1
testShuffleDoesNotInterleaveTestCases,1
testShuffleRestoresOrderAfterEachIteration,1
testShuffleGeneratesNewOrderInEachIteration,1
testShuffleShardedTestsPreservesPartition,1
_ParseAndStripGTestFlags,1
GetBuildDir,1
_RemoveTempDir,1
GetTempDir,1
Subprocess,1
_ReplaceEnvDict,1
ThrowOnFailureTest,1
testThrowOnFailureEnvVar,1
testThrowOnFailureFlag,1
testThrowOnFailureFlagOverridesEnvVar,1
Assert,1
TestExitCodeAndOutput,1
GTestUninitializedTest,1
testExitCodeAndOutput,1
GTestXMLOutFilesTest,1
DeleteFilesAndDir,1
testOutfile1,1
testOutfile2,1
_TestOutFile,1
GTestXMLOutputUnitTest,1
testEmptyXmlOutput,1
testTimestampValue,1
testDefaultOutputFile,1
testSuppressedXmlOutput,1
testFilteredTestXmlOutput,1
_GetXmlOutput,1
_TestXmlOutput,1
testNonEmptyXmlOutput,1
GTestXMLTestCase,1
AssertEquivalentNodes,1
_GetChildren,1
NormalizeXml,1
find_dataset_using_name,1
create_dataset,1
CreateDataLoader,1
CustomDatasetDataLoader,1
AlignedDataset,1
BaseDataLoader,1
BaseDataset,1
get_transform,1
__adjust,1
__scale_width,1
__print_size_warning,1
is_image_file,1
default_loader,1
ImageFolder,1
SingleDataset,1
UnalignedDataset,1
find_model_using_name,1
create_model,1
BaseModel,1
set_input,1
get_image_paths,1
optimize_parameters,1
get_current_visuals,1
get_current_losses,1
save_networks,1
__patch_instance_norm_state_dict,1
load_networks,1
print_networks,1
set_requires_grad,1
GetData,1
_print,1
_get_options,1
_present_options,1
_download_data,1
HTML,1
get_image_dir,1
add_header,1
add_table,1
add_images,1
ImagePool,1
query,1
tensor2im,1
diagnose_network,1
print_numpy,1
mkdirs,1
mkdir,1
WordStat,1
BleuStat,1
Scorer,1
precision,1
brevity,1
result_string,1
ratio,1
register_criterion,1
register_criterion_cls,1
AdaptiveLoss,1
CrossEntropyCriterion,1
FairseqCriterion,1
grad_denom,1
LabelSmoothedCrossEntropyCriterion,1
compute_loss,1
BacktranslationDataset,1
valid_size,1
_generate_hypotheses,1
infer_language_pair,1
collate_tokens,1
numpy_seed,1
collect_filtered,1
filter_by_size,1
batch_by_size,1
copy_tensor,1
check_size,1
is_batch_full,1
Dictionary,1
TruncatedDictionary,1
__eq__,1
string,1
unk_string,1
add_symbol,1
pad,1
eos,1
dummy_sentence,1
token_string,1
FairseqDataset,1
read_longs,1
write_longs,1
code,1
index_file_path,1
data_file_path,1
IndexedDataset,1
IndexedInMemoryDataset,1
IndexedRawTextDataset,1
IndexedDatasetBuilder,1
read_index,1
check_index,1
get_original_text,1
add_item,1
merge_file_,1
CountingIterator,1
EpochBatchIterator,1
GroupedIterator,1
ShardedIterator,1
has_next,1
skip,1
next_epoch_itr,1
end_of_epoch,1
iterations_in_epoch,1
_get_iterator_for_epoch,1
LanguagePairDataset,1
MonolingualDataset,1
_make_source_target,1
_filter_vocab,1
_filter,1
TokenBlockDataset,1
block_at,1
is_master,1
distributed_init,1
suppress_output,1
get_rank,1
get_world_size,1
get_default_group,1
all_reduce,1
all_gather_list,1
AverageMeter,1
TimeMeter,1
StopwatchMeter,1
elapsed_time,1
stop,1
register_model,1
register_model_architecture,1
register_model_cls,1
register_model_arch_fn,1
CompositeEncoder,1
DistributedFairseqModel,1
__getattr__,1
FairseqDecoder,1
FairseqEncoder,1
FairseqIncrementalDecoder,1
apply_reorder_incremental_state,1
apply_set_beam_size,1
BaseFairseqModel,1
FairseqModel,1
FairseqLanguageModel,1
get_targets,1
max_decoder_positions,1
supported_targets,1
do_upgrade,1
apply_remove_weight_norm,1
apply_make_generation_fast_,1
apply_prepare_for_onnx_export_,1
FConvModel,1
FConvLanguageModel,1
extend_conv_spec,1
fconv_lm_dauphin_wikitext103,1
fconv_lm_dauphin_gbw,1
fconv_iwslt_de_en,1
fconv_wmt_en_ro,1
fconv_wmt_en_de,1
fconv_wmt_en_fr,1
_embed_tokens,1
_transpose_if_training,1
FConvModelSelfAtt,1
SelfAttention,1
fconv_self_att_wp,1
pretrained,1
save_output,1
hook,1
LSTMModel,1
LSTMEncoder,1
LSTMDecoder,1
LSTM,1
LSTMCell,1
lstm_wiseman_iwslt_de_en,1
lstm_luong_wmt_en_de,1
load_pretrained_embedding_from_file,1
reorder_state,1
combine_bidir,1
TransformerModel,1
TransformerLanguageModel,1
TransformerEncoder,1
TransformerDecoder,1
TransformerEncoderLayer,1
TransformerDecoderLayer,1
LayerNorm,1
transformer_lm_big,1
transformer_lm_wiki103,1
transformer_lm_gbw,1
transformer_iwslt_de_en,1
transformer_wmt_en_de,1
transformer_vaswani_wmt_en_de_big,1
transformer_vaswani_wmt_en_fr_big,1
transformer_wmt_en_de_big,1
transformer_wmt_en_de_big_t2t,1
buffered_future_mask,1
build_embedding,1
AdaptiveSoftmax,1
_make_tail,1
adapt_target,1
get_log_prob,1
init_weights,1
BeamableMM,1
CharacterTokenEmbedder,1
set_vocab,1
padding_idx,1
_convolve,1
SingleHeadAttention,1
DownsampledMultiHeadAttention,1
Downsample,1
GatedLinear,1
GradMultiply,1
Highway,1
LearnedPositionalEmbedding,1
LinearizedConvolution,1
_get_input_buffer,1
_set_input_buffer,1
_get_linearized_weight,1
_clear_linearized_weight,1
ScalarBias,1
scalar_bias,1
SinusoidalPositionalEmbedding,1
get_embedding,1
MultiprocessingPdb,1
_cmdloop,1
register_optimizer,1
register_optimizer_cls,1
Adagrad,1
FairseqAdam,1
Adam,1
FairseqOptimizer,1
DynamicLossScaler,1
FP16Optimizer,1
update_scale,1
has_overflow,1
_sync_fp16_grads_to_fp32,1
build_lr_scheduler,1
register_lr_scheduler,1
register_lr_scheduler_cls,1
CosineSchedule,1
FairseqLRScheduler,1
FixedSchedule,1
get_next_lr,1
InverseSquareRootSchedule,1
ReduceLROnPlateau,1
TriangularSchedule,1
FairseqNAG,1
NAG,1
SGD,1
build_progress_bar,1
progress_bar,1
json_progress_bar,1
noop_progress_bar,1
simple_progress_bar,1
tqdm_progress_bar,1
_str_commas,1
_str_pipes,1
Search,1
BeamSearch,1
DiverseBeamSearch,1
Sampling,1
_init_buffers,1
SequenceGenerator,1
cuda,1
generate_batched_itr,1
_generate,1
_decode,1
_decode_one,1
buffer,1
is_finished,1
finalize_hypos,1
get_hypo,1
register_task,1
register_task_cls,1
FairseqTask,1
dataset,1
get_batch_iterator,1
get_loss,1
LanguageModelingTask,1
TranslationTask,1
split_exists,1
indexed_dataset,1
tokenize_line,1
safe_readline,1
Tokenizer,1
add_file_to_dictionary_single_worker,1
add_file_to_dictionary,1
find_offsets,1
tokenize,1
replaced_consumer,1
torch_persistent_save,1
convert_state_dict_type,1
save_state,1
load_model_state,1
_upgrade_state_dict,1
load_ensemble_for_inference,1
_override_model_args,1
move_to_cuda,1
_get_full_incremental_state_key,1
get_incremental_state,1
set_incremental_state,1
load_align_dict,1
print_embed_overlap,1
parse_embedding,1
replace_unk,1
post_process_prediction,1
make_positions,1
strip_pad,1
buffered_arange,1
convert_padding_direction,1
item,1
clip_grad_norm_,1
fill_with_neg_inf,1
checkpoint_paths,1
resolve_max_positions,1
_move_to_cuda,1
nullsafe_min,1
buffered_read,1
make_batches,1
make_result,1
process_batch,1
ErrorHandler,1
add_child,1
error_listener,1
dataset_dest_prefix,1
dataset_dest_file,1
build_dictionary,1
train_path,1
file_name,1
dest_path,1
dict_path,1
make_binary_dataset,1
make_all,1
consumer,1
readlines,1
average_checkpoints,1
last_n_checkpoints,1
TestAverageCheckpoints,1
test_average_checkpoints,1
TestBacktranslationDataset,1
test_backtranslation_dataset,1
TestTranslation,1
TestStories,1
TestLanguageModeling,1
create_dummy_data,1
preprocess_translation_data,1
train_translation_model,1
generate_main,1
preprocess_lm_data,1
train_language_model,1
eval_lm_main,1
test_fconv,1
test_raw,1
test_fp16,1
test_update_freq,1
test_max_positions,1
test_generation,1
test_lstm_bidirectional,1
test_transformer,1
test_fconv_self_att_wp,1
test_fconv_lm,1
_create_dummy_data,1
TestCharacterTokenEmbedder,1
test_character_token_embedder,1
TestConvTBC,1
test_convtbc,1
TestDictionary,1
test_finalize,1
assertMatch,1
TestIterators,1
test_counting_iterator,1
TestLabelSmoothing,1
test_nll_loss,1
test_padding,1
test_reduction,1
test_zero_eps,1
get_one_no_padding,1
TestReproducibility,1
_test_reproducibility,1
test_reproducibility,1
test_reproducibility_fp16,1
cast,1
TestSequenceGenerator,1
TestDiverseBeamSearch,1
test_with_normalization,1
test_without_normalization,1
test_with_lenpen_favoring_short_hypos,1
test_with_lenpen_favoring_long_hypos,1
test_maxlen,1
test_no_stop_early,1
test_diverse_beam_search,1
TestSequenceScorer,1
test_sequence_scorer,1
mock_trainer,1
mock_dict,1
get_trainer_and_epoch_itr,1
TestLoadCheckpoint,1
test_load_partial_checkpoint,1
test_load_full_checkpoint,1
test_load_no_checkpoint,1
TestUtils,1
test_convert_padding_direction,1
test_make_positions,1
dummy_dictionary,1
dummy_dataloader,1
sequence_generator_setup,1
TestDataset,1
TestTranslationTask,1
TestModel,1
TestEncoder,1
TestIncrementalDecoder,1
dataset_bianchini,1
run_example,1
SherpaApp,1
stop_trial,1
set_results_channel,1
set_stopping_channel,1
get_results,1
log_error,1
get_ids_from_pvs,1
extract_scores_from_record,1
convert_file,1
get_tags_from_event,1
read_images_data_from_event,1
save_images_from_event,1
read_summary_value,1
read_summaryall_value,1
get_scaled_image_data,1
TEGAN,1
TEResNet,1
defaultFlags,1
read_array_from_binary_file,1
get_grid_size,1
get_all_datafile_info_in,1
discriminator,1
residual_block,1
discriminator_block,1
periodic_padding,1
conv3d_withPeriodicPadding,1
conv3d,1
filter3d,1
ddx,1
ddy,1
ddz,1
d2dx2,1
d2dy2,1
d2dz2,1
get_TKE,1
get_velocity_grad,1
get_strain_rate_mag2,1
get_vorticity,1
get_enstrophy,1
get_continuity_residual,1
get_pressure_residual,1
prelu_tf,1
lrelu,1
denselayer,1
batchnorm,1
print_configuration_op,1
phaseShift,1
pixelShuffler,1
convert_to_rgba,1
get_slice_images,1
bicubic_interpolation,1
plot,1
make_comparison_plots,1
convert_to_rgb,1
parseTFRecordExample,1
getTFRecordFilenamesIn,1
_floatFeature,1
_int64Feature,1
writeTFRecord,1
convertBinaryToTFRecord,1
binaryToTFRecord,1
neural_net,1
removeOutliers,1
MultiColumnLabelEncoder,1
convertObjectColum,1
fillUpMissingValues,1
getMappingOfClass,1
getMappingOfFeatures,1
cleanDataForClassification,1
cleanDataForRegression,1
fit_transform,1
moveaxis,1
rotmatrix,1
ang2rect,1
rect2ang,1
euler_mat,1
euler_rot,1
recenter,1
decenter,1
zetafun,1
read_vtk,1
interp_to_uniform,1
initialize_data,1
initialize_model,1
initialization,1
collate_fn,1
ts2var,1
np2var,1
select_frame,1
BasicConv2d,1
SetBlock,1
SetNet,1
frame_max,1
frame_median,1
TripletLoss,1
batch_dist,1
DataSet,1
load_all_data,1
__loader__,1
img2xarray,1
cuda_dist,1
evaluation,1
TripletSampler,1
log2str,1
log_print,1
cut_img,1
cut_pickle,1
de_diag,1
write_files,1
encode_captions,1
